Drug_ID,Drug,Y,parent_inchi_key,starling_names,records,base,raw_negative,verified_negative,gold_any,gold_negative,gold_positive,benchmark_any,benchmark_negative,benchmark_positive,connectivity_records,connectivity_base
187.0,CC(=O)OCC[N+](C)(C)C,0,OIPILFWXSMYKGL-UHFFFAOYSA-N,,197,0,0,0,0,0,0,0,0,0,197,0
247.0,C[N+](C)(C)CC(=O)[O-],0,KWIUHFFTVRNATP-UHFFFAOYSA-N,Betaine; betaine,1096,4,3,0,0,0,0,0,0,0,1098,4
298.0,O=C(NC(CO)C(O)c1ccc([N+](=O)[O-])cc1)C(Cl)Cl,0,WIIZWVCIJKGZOK-UHFFFAOYSA-N,,0,0,0,0,0,0,0,0,0,0,1738,66
338.0,O=C(O)c1ccccc1O,0,YGSDEFSMJLZEOE-UHFFFAOYSA-N,Salicylate; salicylate; Salicylic acid; Sodium salicylate; salicylic acid,1552,105,11,0,0,0,0,0,0,0,1555,105
444.0,CC(NC(C)(C)C)C(=O)c1cccc(Cl)c1,0,SNPPWIUOZRMYNY-UHFFFAOYSA-N,Bupropion; Niacin; Bupropion Hydrochloride,250,107,2,0,2,0,2,1,0,1,250,107
453.0,OCC(O)C(O)C(O)C(O)CO,0,FBPFZTCFMRRESA-UHFFFAOYSA-N,,0,0,0,0,0,0,0,0,0,0,626,23
564.0,NCCCCCC(=O)O,0,SLXKOJJOQWFEFD-UHFFFAOYSA-N,ε-aminocaproic acid; Epsilon-aminocaproic acid (EACA),13,3,0,0,0,0,0,0,0,0,13,3
679.0,CS(C)=O,0,IAZDPXIOMUYVGZ-UHFFFAOYSA-N,Dimethyl sulfoxide; dimethyl sulfoxide; dimethylsulfoxide; NAMI-A,1755,14,5,0,0,0,0,0,0,0,1755,14
681.0,NCCc1ccc(O)c(O)c1,0,VYFYYTLLBUKUHU-UHFFFAOYSA-N,Dopamine; dopamine,1274,3,0,0,0,0,0,0,0,0,1274,3
727.0,ClC1C(Cl)C(Cl)C(Cl)C(Cl)C1Cl,0,JLYXXMFPNIAWKQ-UHFFFAOYSA-N,,51,0,0,0,0,0,0,0,0,0,461,7
892.0,OC1C(O)C(O)C(O)C(O)C1O,0,CDAISMWEOUEBRE-UHFFFAOYSA-N,,2,0,0,0,0,0,0,0,0,0,261,0
938.0,O=C(O)c1cccnc1,1,PVNIIMVLHYAWGP-UHFFFAOYSA-N,Niacin; Nicotinic acid; nicotinic acid; niacin; Niacin (nicotinic acid),1555,1143,82,4,18,4,14,2,0,2,1555,1143
978.0,Nc1ccc(C(=O)O)cc1,0,ALYNCZNDIQEVRV-UHFFFAOYSA-N,Potassium para-aminobenzoate; para-aminobenzoic acid; potassium para-aminobenzoate; para-aminobenzoate; Potassium p-aminobenzoate,66,27,4,0,2,0,2,1,0,1,66,27
988.0,CC(C)(CO)C(O)C(=O)NCCC(=O)O,0,GHOKWGTUZJEAQD-UHFFFAOYSA-N,,0,0,0,0,0,0,0,0,0,0,65,1
1046.0,NC(=O)c1cnccn1,1,IPEHBUMCGVEMRF-UHFFFAOYSA-N,Pyrazinamide; pyrazinamide; Pirazinamide; INH_RIF_PZA; pyrizinamide,2265,1981,77,0,15,0,15,1,0,1,2265,1981
1054.0,Cc1ncc(CO)c(CO)c1O,0,LXNHXLLTXMVWPM-UHFFFAOYSA-N,Pyridoxine,238,5,2,0,0,0,0,0,0,0,238,5
1130.0,Cc1ncc(C[n+]2csc(CCO)c2C)c(N)n1,0,JZRWCGZRTZMZEH-UHFFFAOYSA-N,Thiamine,209,1,0,0,0,0,0,0,0,0,209,1
1674.0,Cc1ccc2cc3c(ccc4ccccc43)c3c2c1CC3,1,PPQNQXQZIWHJRB-UHFFFAOYSA-N,,516,0,0,0,0,0,0,0,0,0,516,0
1775.0,O=C1NC(=O)C(c2ccccc2)(c2ccccc2)N1,1,CXOFVDLJLONNDW-UHFFFAOYSA-N,Phenytoin; phenytoin; Diphenylhydantoin; Phenytoin sodium; diphenylhydantoin,1423,1167,30,0,16,0,16,3,0,3,1423,1167
1923.0,Oc1cccc2cccnc12,1,MCJGNVYPOGVAJF-UHFFFAOYSA-N,,129,0,0,0,0,0,0,0,0,0,129,0
1935.0,Nc1c2c(nc3ccccc13)CCCC2,0,YLJREFDVOIBQDA-UHFFFAOYSA-N,Tacrine; tacrine; THA; Cognex; Tacrine hydrochloride,1806,1133,22,0,7,0,7,2,0,2,1806,1133
1986.0,CC(=O)Nc1nnc(S(N)(=O)=O)s1,1,BZKPWHYZMXOIDC-UHFFFAOYSA-N,Acetazolamide; acetazolamide,188,15,0,0,1,0,1,1,0,1,188,15
1989.0,CC(=O)c1ccc(S(=O)(=O)NC(=O)NC2CCCCC2)cc1,1,VGZSUPCWNCWDAN-UHFFFAOYSA-N,Acetohexamide; acetohexamide,26,19,2,0,2,0,2,0,0,0,26,19
2019.0,Cc1c2oc3c(C)ccc(C(=O)NC4C(=O)NC(C(C)C)C(=O)N5CCCC5C(=O)N(C)CC(=O)N(C)C(C(C)C)C(=O)OC4C)c3nc-2c(C(=O)NC2C(=O)NC(C(C)C)C(=O)N3CCCC3C(=O)N(C)CC(=O)N(C)C(C(C)C)C(=O)OC2C)c(N)c1=O,1,RJURFGZVJUQBHK-UHFFFAOYSA-N,,0,0,0,0,0,0,0,0,0,0,1142,226
2082.0,CCCSc1ccc2nc(NC(=O)OC)[nH]c2c1,1,HXHWSAZORRCQMX-UHFFFAOYSA-N,albendazole; Albendazole; Artesunate-Amodiaquine,499,252,11,1,11,1,10,1,0,1,499,252
2083.0,CC(C)(C)NCC(O)c1ccc(O)c(CO)c1,0,NDAUXUAQIAJITI-UHFFFAOYSA-N,Salbutamol; Albuterol; Salbutamol B,89,6,4,0,0,0,0,0,0,0,106,6
2088.0,NCCCC(O)(P(=O)(O)O)P(=O)(O)O,0,OGSPWJRAVKPPFI-UHFFFAOYSA-N,Alendronate; alendronate; alendronate sodium; alendronate sodium trihydrate; Alendronic acid,180,39,9,0,0,0,0,0,0,0,180,39
2094.0,O=c1ncnc2[nH][nH]cc1-2,1,OFCNXPDARWKPPY-UHFFFAOYSA-N,Allopurinol; allopurinol; Alopurinol,1293,543,27,1,11,1,10,1,0,1,1293,543
2130.0,NC12CC3CC(CC(C3)C1)C2,0,DKNWSYNQZKUICI-UHFFFAOYSA-N,Amantadine,105,7,3,0,0,0,0,0,0,0,105,7
2140.0,CC(=O)Nc1c(I)c(NC(C)=O)c(I)c(C(=O)O)c1I,0,YVPYQUNUQOZFHG-UHFFFAOYSA-N,Diatrizoate; DIAT,33,3,1,0,0,0,0,0,0,0,33,3
2141.0,NCCCNCCSP(=O)(O)O,0,JKOQGQFVAUAYPM-UHFFFAOYSA-N,Amifostine,84,1,1,0,0,0,0,0,0,0,84,1
2145.0,CCC1(c2ccc(N)cc2)CCC(=O)NC1=O,0,ROBVIMPUHSLWNV-UHFFFAOYSA-N,Aminoglutethimide; aminoglutethimide,74,50,1,0,3,0,3,1,0,1,74,50
2160.0,CN(C)CCC=C1c2ccccc2CCc2ccccc21,0,KRMDCWKBEZIMAB-UHFFFAOYSA-N,Amitriptyline; amitriptyline; Amitryptiline; Amitriptyline hydrochloride; Amitryptilene,658,171,11,0,3,0,3,1,0,1,658,171
2165.0,CCN(CC)Cc1cc(Nc2ccnc3cc(Cl)ccc23)ccc1O,1,OVCDSSHSILBFBN-UHFFFAOYSA-N,Amodiaquine; Camoquin; amodiaquine,759,314,11,0,3,0,3,1,0,1,759,314
2179.0,COc1cc(NS(C)(=O)=O)ccc1Nc1c2ccccc2nc2ccccc12,1,XCPGHVQEEXUHNC-UHFFFAOYSA-N,Amsacrine; m-AMSA; AMSA; AMSA (amsacrine); M-AMSA,58,27,5,0,1,0,1,0,0,0,58,27
2244.0,CC(=O)Oc1ccccc1C(=O)O,0,BSYNRYMUTXBXSQ-UHFFFAOYSA-N,Acetylsalicylic acid; Aspirin; acetylsalicylic acid; aspirin; Acetylsalicylic acid (aspirin),2899,1080,81,0,20,0,20,2,0,2,2899,1080
2247.0,COc1ccc(CCN2CCC(Nc3nc4ccccc4n3Cc3ccc(F)cc3)CC2)cc1,0,GXDALQBWZGODGZ-UHFFFAOYSA-N,Astemizole,42,2,0,0,0,0,0,0,0,0,42,2
2249.0,CC(C)NCC(O)COc1ccc(CC(N)=O)cc1,0,METKIMKYRPQLGS-UHFFFAOYSA-N,Atenolol,155,26,6,0,0,0,0,0,0,0,155,26
2265.0,Cn1cnc([N+](=O)[O-])c1Sc1ncnc2nc[nH]c12,1,LMEKQMALGUDUQG-UHFFFAOYSA-N,azathioprine; Azathioprine; Azathioprin; azathioprine/mercaptopurine; Allopurinol,3983,3437,110,4,50,3,47,4,0,4,3983,3437
2313.0,O=C(O)COc1nn(Cc2ccccc2)c2ccccc12,1,BYFMCKSPFYVMOU-UHFFFAOYSA-N,Bendazac; Bindazac; bendazac; Bendazac lysine; bendazac lysine,13,12,0,0,0,0,0,0,0,0,13,12
2333.0,CCc1oc2ccccc2c1C(=O)c1cc(Br)c(O)c(Br)c1,1,WHQCHUCQKNIQEC-UHFFFAOYSA-N,Benzbromarone; benzbromarone; Benzarone; Benzbromaron,895,371,6,0,3,0,3,1,0,1,895,371
2341.0,CC(Cc1ccccc1)N(C)Cc1ccccc1,0,YXKTVDFXDRQTKV-UHFFFAOYSA-N,,0,0,0,0,0,0,0,0,0,0,23,0
2370.0,CC(C[N+](C)(C)C)OC(N)=O,0,NZUPCNDJBJXXRF-UHFFFAOYSA-O,,5,0,0,0,0,0,0,0,0,0,5,0
2381.0,OC(CCN1CCCCC1)(c1ccccc1)C1CC2C=CC1C2,0,YSXKPIUOCJLQIE-UHFFFAOYSA-N,Biperiden,4,4,0,0,0,0,0,0,0,0,4,4
2406.0,Oc1c(Cl)cc(Cl)cc1Sc1cc(Cl)cc(Cl)c1O,1,JFIOVJDNOJYLKP-UHFFFAOYSA-N,,42,0,0,0,0,0,0,0,0,0,42,0
2471.0,CCCCNc1cc(C(=O)O)cc(S(N)(=O)=O)c1Oc1ccccc1,1,MAEIEVLCKWDQJH-UHFFFAOYSA-N,Bumetanide,122,4,4,0,0,0,0,0,0,0,122,4
2474.0,CCCCN1CCCCC1C(=O)Nc1c(C)cccc1C,0,LEBVLXFERQHONN-UHFFFAOYSA-N,Bupivacaine,512,22,0,0,1,0,1,0,0,0,566,23
2477.0,O=C1CC2(CCCC2)CC(=O)N1CCCCN1CCN(c2ncccn2)CC1,0,QWCRAEMEVRGPNT-UHFFFAOYSA-N,Buspirone; Buspirone hydrochloride; buspirone,173,27,19,0,0,0,0,0,0,0,173,27
2478.0,CS(=O)(=O)OCCCCOS(C)(=O)=O,1,COVZYZSDYWQREU-UHFFFAOYSA-N,Busulfan; busulfan; Busulphan; busulphan,972,809,25,1,9,1,8,0,0,0,972,809
2520.0,COc1ccc(CCN(C)CCCC(C#N)(c2ccc(OC)c(OC)c2)C(C)C)cc1OC,1,SGTNSNPWRIOYBX-UHFFFAOYSA-N,Verapamil; verapamil,1035,78,3,0,0,0,0,0,0,0,1040,78
2554.0,NC(=O)N1c2ccccc2C=Cc2ccccc21,1,FFGPTBGBLSHEPO-UHFFFAOYSA-N,Carbamazepine; carbamazepine; Carbamazepina; Phenytoin,1335,993,21,0,20,0,20,2,0,2,1335,993
2562.0,CCN(CC)CCOCCOC(=O)C1(c2ccccc2)CCCC1,0,CFJMRBQWBDQYMK-UHFFFAOYSA-N,,0,0,0,0,0,0,0,0,0,0,0,0
2564.0,CN(C)CCOC(c1ccc(Cl)cc1)c1ccccn1,0,OJFSXZCBGQGRNV-UHFFFAOYSA-N,,0,0,0,0,0,0,0,0,0,0,0,0
2576.0,CCCC(C)(COC(N)=O)COC(=O)NC(C)C,0,OFZCIYFFPZCNJE-UHFFFAOYSA-N,Carisoprodol,2,1,0,0,0,0,0,0,0,0,2,1
2610.0,CC1=C(C(=O)O)N2C(=O)C(NC(=O)C(N)c3ccc(O)cc3)C2SC1,1,BOEGTKLJZSQCCD-UHFFFAOYSA-N,,0,0,0,0,0,0,0,0,0,0,9,9
2662.0,Cc1ccc(-c2cc(C(F)(F)F)nn2-c2ccc(S(N)(=O)=O)cc2)cc1,1,RZEKVGVHFLEQIL-UHFFFAOYSA-N,Celecoxib; celecoxib,1019,211,40,0,4,0,4,1,0,1,1019,211
2707.0,OC(O)C(Cl)(Cl)Cl,0,RNFNDJAIBTYOQL-UHFFFAOYSA-N,Chloral hydrate; chloral hydrate,53,13,4,0,0,0,0,0,0,0,53,13
2710.0,CN1CCN(C(c2ccccc2)c2ccc(Cl)cc2)CC1,0,WFNAKBGANONZEQ-UHFFFAOYSA-N,,11,0,0,0,0,0,0,0,0,0,14,0
2717.0,CN1C(=O)CCS(=O)(=O)C1c1ccc(Cl)cc1,1,WEQAYVWKMWHEJO-UHFFFAOYSA-N,Chlormezanone,8,8,1,0,0,0,0,0,0,0,8,8
2725.0,CN(C)CCC(c1ccc(Cl)cc1)c1ccccn1,0,SOYKEARSMXGVTM-UHFFFAOYSA-N,Chlorpheniramine,47,16,2,0,0,0,0,0,0,0,60,17
2727.0,CCCNC(=O)NS(=O)(=O)c1ccc(Cl)cc1,1,RKWGIWYCVPQPMF-UHFFFAOYSA-N,Chlorpropamide; chlorpropamide; chlorpropramide,313,130,8,0,2,0,2,1,0,1,313,130
2733.0,O=c1[nH]c2cc(Cl)ccc2o1,1,TZFWDZFKRBELIQ-UHFFFAOYSA-N,Chlorzoxazone; chlorzoxazone,57,35,0,0,1,0,1,1,0,1,57,35
2749.0,Cc1cc(C2CCCCC2)n(O)c(=O)c1,0,SCKYRAXSEDYPSA-UHFFFAOYSA-N,Ciclopirox,142,3,2,0,0,0,0,0,0,0,142,3
2754.0,O=C1CCc2cc(OCCCCc3nnnn3C3CCCCC3)ccc2N1,0,RRGUKTPIGVIEKM-UHFFFAOYSA-N,,421,0,0,0,0,0,0,0,0,0,421,0
2764.0,O=C(O)c1cn(C2CC2)c2cc(N3CCNCC3)c(F)cc2c1=O,1,MYSWGUAQZAJSOK-UHFFFAOYSA-N,Ciprofloxacin; ciprofloxacin,873,374,33,0,4,0,4,1,0,1,873,374
2803.0,Clc1cccc(Cl)c1NC1=NCCN1,1,GJSURZIOUXUGAL-UHFFFAOYSA-N,Clonidine; clonidine; Clonidine (Catapres),85,7,2,0,0,0,0,0,0,0,85,7
2818.0,CN1CCN(C2=c3ccccc3=Nc3ccc(Cl)cc3N2)CC1,1,ZUXABONWMNSFBN-UHFFFAOYSA-N,,0,0,0,0,0,0,0,0,0,0,0,0
2898.0,CC(=O)Oc1ccc(C(=C2CCCCC2)c2ccc(OC(C)=O)cc2)cc1,1,GVOUFPWUYJWQSK-UHFFFAOYSA-N,Cyclofenil; cyclofenil,14,12,0,0,1,0,1,1,0,1,14,12
2913.0,CN1CCC(=C2c3ccccc3C=Cc3ccccc32)CC1,1,JJCFRYNCJDLXIK-UHFFFAOYSA-N,Cyproheptadine; cyproheptadine; Cyproheptidine,61,33,0,0,0,0,0,0,0,0,61,33
2952.0,O=C1CN(N=Cc2ccc(-c3ccc([N+](=O)[O-])cc3)o2)C(=O)N1,1,OZOMQRBLCMDCEG-UHFFFAOYSA-N,,0,0,0,0,0,0,0,0,0,0,525,301
2955.0,Nc1ccc(S(=O)(=O)c2ccc(N)cc2)cc1,1,MQJKPEGWNLWLTK-UHFFFAOYSA-N,"Dapsone; dapsone; 4,4'-Dapsone; Dapsone (DDS); Diaphenylsulfone",626,431,7,0,11,0,11,1,0,1,626,431
2973.0,CC(=O)N(O)CCCCCNC(=O)CCC(=O)N(O)CCCCCNC(=O)CCC(=O)N(O)CCCCCN,0,UBQYURCVBFRUQT-UHFFFAOYSA-N,Deferoxamine; deferoxamine; Deferasirox; desferrioxamine; Desferoxamine,2635,22,9,0,1,0,1,0,0,0,2635,22
2995.0,CNCCCN1c2ccccc2CCc2ccccc21,0,HCYAFALTSJYZDH-UHFFFAOYSA-N,Desipramine; desipramine,333,32,5,0,0,0,0,0,0,0,333,32
3033.0,O=C(O)Cc1ccccc1Nc1c(Cl)cccc1Cl,1,DCOPUUMXTXDBNB-UHFFFAOYSA-N,Diclofenac; diclofenac; Diclofenac sodium; diclofenac sodium; Sodium diclofenac,5069,1644,28,0,6,0,6,2,0,2,5069,1644
3042.0,CCN(CC)CCOC(=O)C1(C2CCCCC2)CCCCC1,0,CURUTKGFNZGFSE-UHFFFAOYSA-N,Dicyclomine,6,2,2,0,0,0,0,0,0,0,6,2
3059.0,O=C(O)c1cc(-c2ccc(F)cc2F)ccc1O,1,HUPFGZXOMWLGNK-UHFFFAOYSA-N,Diflunisal; diflunisal; Diflusinal,106,17,2,0,0,0,0,0,0,0,106,17
3080.0,OCC(S)CS,1,WQABCVAJNWAXTE-UHFFFAOYSA-N,Dimercaprol; dimercaprol; British anti-lewisite,76,7,0,0,0,0,0,0,0,0,76,7
3100.0,CN(C)CCOC(c1ccccc1)c1ccccc1,0,ZZVUWRFHKOJYTH-UHFFFAOYSA-N,Diphenhydramine; Dimenhydrinate; diphenhydramine (DPH),49,15,6,0,1,0,1,0,0,0,49,15
3108.0,OCCN(CCO)c1nc(N2CCCCC2)c2nc(N(CCO)CCO)nc(N3CCCCC3)c2n1,1,IZEKFCXSFNUWAM-UHFFFAOYSA-N,Dipyridamole; dipyridamole,107,8,1,0,0,0,0,0,0,0,107,8
3117.0,CCN(CC)C(=S)SSC(=S)N(CC)CC,1,AUZONCFQVSMFAP-UHFFFAOYSA-N,Disulfiram; disulfiram; Tetraethylthiuram disulphide; Disulphuram; TETD,1426,539,26,0,10,0,10,1,0,1,1427,539
3152.0,COc1cc2c(cc1OC)C(=O)C(CC1CCN(Cc3ccccc3)CC1)C2,0,ADEBPBSSDYVVLD-UHFFFAOYSA-N,Donepezil; Donepezil hydrochloride; donepezil,296,171,123,17,8,8,0,2,2,0,296,171
3162.0,CN(C)CCOC(C)(c1ccccc1)c1ccccn1,0,HCFDWZZGGLSKEP-UHFFFAOYSA-N,Doxylamine,13,3,1,0,0,0,0,0,0,0,13,3
3168.0,O=C(CCCN1CC=C(n2c(=O)[nH]c3ccccc32)CC1)c1ccc(F)cc1,0,RMEDXOLNCUSCGS-UHFFFAOYSA-N,Dehydrobenzperidol; Droperidol,7,2,2,0,0,0,0,0,0,0,7,2
3202.0,CC[N+](C)(C)c1cccc(O)c1,0,VWLHWLSRQJQWRG-UHFFFAOYSA-O,,0,0,0,0,0,0,0,0,0,0,0,0
3305.0,CC(O)(P(=O)(O)O)P(=O)(O)O,0,DBVJJBKOTRCVKF-UHFFFAOYSA-N,E-Ferol; Etidronic acid,20,2,1,0,0,0,0,0,0,0,20,2
3308.0,CCc1cccc2c3c([nH]c12)C(CC)(CC(=O)O)OCC3,1,NNYBQONXHNTVIJ-UHFFFAOYSA-N,Etodolac; Lodine,62,31,0,0,2,0,2,1,0,1,63,32
3330.0,N#CC(C#N)=NNc1ccc(OC(F)(F)F)cc1,1,BMZRVOVNUMQTIN-UHFFFAOYSA-N,,1542,0,0,0,0,0,0,0,0,0,1542,0
3339.0,CC(C)OC(=O)C(C)(C)Oc1ccc(C(=O)c2ccc(Cl)cc2)cc1,1,YMTINGFKWWXKFG-UHFFFAOYSA-N,Fenofibrate; fenofibrate,2238,242,28,0,1,0,1,1,0,1,2238,242
3342.0,CC(C(=O)O)c1cccc(Oc2ccccc2)c1,1,RDJGLLICXDHJDY-UHFFFAOYSA-N,Fenoprofen; fenoprofen,58,25,2,0,0,0,0,0,0,0,58,25
3345.0,CCC(=O)N(c1ccccc1)C1CCN(CCc2ccccc2)CC1,0,PJMPHNIQZUBGLI-UHFFFAOYSA-N,Fentanyl,246,23,11,0,0,0,0,0,0,0,246,23
3348.0,CC(C)(C(=O)O)c1ccc(C(O)CCCN2CCC(C(O)(c3ccccc3)c3ccccc3)CC2)cc1,0,RWTNPBWLLIMQHL-UHFFFAOYSA-N,Fexofenadine; fexofenadine,63,5,4,0,0,0,0,0,0,0,63,5
3351.0,O=C(COc1ccc(Cl)cc1)N1CCN(Cc2ccc3c(c2)OCO3)CC1,1,BFUJHVVEMMWLHC-UHFFFAOYSA-N,Fipexide; fipexide,25,14,0,0,1,0,1,0,0,0,25,14
3354.0,Cc1c(-c2ccccc2)oc2c(C(=O)OCCN3CCCCC3)cccc2c1=O,0,SPIUTQOUKAMGCX-UHFFFAOYSA-N,Flavoxate; flavoxate; Flavoxate hydrochloride,12,8,2,0,0,0,0,0,0,0,12,8
3365.0,OC(Cn1cncn1)(Cn1cncn1)c1ccc(F)cc1F,1,RFHAOTPXVQNOHP-UHFFFAOYSA-N,Fluconazole; fluconazole; Flucytosine; Fluxonazole; Fluconazole (Diflucan),1018,812,88,2,8,2,6,2,1,1,1018,812
3366.0,Nc1[nH]c(=O)ncc1F,1,XRECTZIEBJDKEO-UHFFFAOYSA-N,Flucytosine; flucytosine; 5-Fluorocytosine; 5-fluorocytosine; 5-Flucytosine,311,286,13,0,2,0,2,1,0,1,311,286
3385.0,O=c1[nH]cc(F)c(=O)[nH]1,1,GHASVSINZRGABV-UHFFFAOYSA-N,5-Fluorouracil; 5-fluorouracil; Fluorouracil; fluorouracil; Floxuridine,1816,479,70,1,2,0,2,0,0,0,1816,479
3386.0,CNCCC(Oc1ccc(C(F)(F)F)cc1)c1ccccc1,0,RTHCYVBBDHJXIQ-UHFFFAOYSA-N,Fluoxetine; fluoxetine,1216,150,14,0,3,0,3,2,0,2,1236,150
3394.0,CC(C(=O)O)c1ccc(-c2ccccc2)c(F)c1,1,SYTBZMRGLBWNTM-UHFFFAOYSA-N,Flurbiprofen; Fenac,128,26,2,0,1,0,1,1,0,1,153,26
3397.0,CC(C)C(=O)Nc1ccc([N+](=O)[O-])c(C(F)(F)F)c1,1,MKXKFYHWDHIYRV-UHFFFAOYSA-N,Flutamide; flutamide,1809,914,26,0,25,0,25,1,0,1,1809,914
3404.0,COCCCCC(=NOCCN)c1ccc(C(F)(F)F)cc1,0,CJOFXWAVKWHTFT-UHFFFAOYSA-N,,0,0,0,0,0,0,0,0,0,0,119,44
3435.0,O=C1OCCN1N=Cc1ccc([N+](=O)[O-])o1,1,PLHJDBGFXBMTGZ-UHFFFAOYSA-N,,0,0,0,0,0,0,0,0,0,0,179,9
3440.0,NS(=O)(=O)c1cc(C(=O)O)c(NCc2ccco2)cc1Cl,1,ZZUFCTLCJUWOSV-UHFFFAOYSA-N,Furosemide; furosemide; Frusemide,369,102,43,0,0,0,0,0,0,0,369,102
3446.0,NCC1(CC(=O)O)CCCCC1,0,UGJMXCAKCUNAIE-UHFFFAOYSA-N,Gabapentin; gabapentin,126,83,38,0,1,0,1,1,0,1,126,83
3467.0,CNC(C)C1CCC(N)C(OC2C(N)CC(N)C(OC3OCC(C)(O)C(NC)C3O)C2O)O1,0,CEAZRRDELHUEMR-UHFFFAOYSA-N,,0,0,0,0,0,0,0,0,0,0,725,34
3474.0,O=C(OCC(O)CO)c1ccccc1Nc1ccnc2cc(Cl)ccc12,1,GWOFUCIGLDBNKM-UHFFFAOYSA-N,Glafenine; glafenine,76,32,0,0,1,0,1,1,0,1,76,32
3516.0,COc1ccccc1OCC(O)CO,0,HSRJKNPTNIJEKV-UHFFFAOYSA-N,,2,0,0,0,0,0,0,0,0,0,2,0
3518.0,NC(N)=NCCN1CCCCCCC1,0,ACGDKVXYNVEAGU-UHFFFAOYSA-N,guanethidine,12,1,1,0,0,0,0,0,0,0,12,1
3610.0,CCCCCCc1ccc(O)cc1O,0,WFJIVOKAWHGMBH-UHFFFAOYSA-N,,0,0,0,0,0,0,0,0,0,0,0,0
3639.0,NS(=O)(=O)c1cc2c(cc1Cl)NCNS2(=O)=O,1,JZUFKLXOESDKRF-UHFFFAOYSA-N,Hydrochlorothiazide; hydrochlorothiazide; Hydrochlorthiazide,62,38,2,0,1,0,1,1,0,1,62,38
3658.0,OCCOCCN1CCN(C(c2ccccc2)c2ccc(Cl)cc2)CC1,0,ZQDWXGKKHFNSQK-UHFFFAOYSA-N,Hydroxyzine,13,5,4,0,0,0,0,0,0,0,13,5
3675.0,NNCCc1ccccc1,0,RMUCZJUITONUFY-UHFFFAOYSA-N,Phenelzine; Phenylethylhydrazine hydrochloride; phenelzine; Catron (phenelzine),279,89,5,0,3,0,3,1,0,1,279,89
3676.0,CCN(CC)CC(=O)Nc1c(C)cccc1C,0,NNJVILVZKWQKPM-UHFFFAOYSA-N,Lidocaine; Natalizumab,450,8,2,0,0,0,0,0,0,0,450,8
3698.0,Nc1cc(-c2ccncc2)c[nH]c1=O,1,RNLQIBCLLYYYFJ-UHFFFAOYSA-N,Amrinone; amrinone,25,9,0,0,0,0,0,0,0,0,25,9
3715.0,COc1ccc2c(c1)c(CC(=O)O)c(C)n2C(=O)c1ccc(Cl)cc1,1,CGIGDMFJXJATDK-UHFFFAOYSA-N,Indomethacin; indomethacin; Indometacin,1964,187,13,0,3,0,3,1,0,1,1964,187
3724.0,CC(=O)N(CC(O)CN(C(C)=O)c1c(I)c(C(=O)NCC(O)CO)c(I)c(C(=O)NCC(O)CO)c1I)c1c(I)c(C(=O)NCC(O)CO)c(I)c(C(=O)NCC(O)CO)c1I,0,NBQNWMBBSKPBAY-UHFFFAOYSA-N,,33,0,0,0,0,0,0,0,0,0,33,0
3748.0,CC(C)NNC(=O)c1ccncc1,1,NYMGNSNKLVNMIA-UHFFFAOYSA-N,Iproniazid; iproniazid; Marsilid; Iproniazide; Iproniazid phosphate,445,394,10,0,3,0,3,2,0,2,445,394
3759.0,Cc1cc(C(=O)NNCc2ccccc2)no1,1,XKFPYPQQHFEXRZ-UHFFFAOYSA-N,Isocarboxazid; Marplan; Isocarboxazide,27,26,4,0,1,0,1,1,0,1,27,26
3779.0,CC(C)NCC(O)c1ccc(O)c(O)c1,0,JWZZKOKVBUJMES-UHFFFAOYSA-N,Isoproterenol,1116,1,1,0,0,0,0,0,0,0,1150,1
3783.0,CC(COc1ccccc1)NC(C)C(O)c1ccc(O)cc1,0,BMUKKTUHUDJSNZ-UHFFFAOYSA-N,,0,0,0,0,0,0,0,0,0,0,0,0
3821.0,CNC1(c2ccccc2Cl)CCCCC1=O,0,YQEZLKZALYSWHR-UHFFFAOYSA-N,Ketamine; ketamine; S(+)-ketamine; S(+)ketamine,845,243,12,0,5,0,5,0,0,0,879,249
3825.0,CC(C(=O)O)c1cccc(C(=O)c2ccccc2)c1,1,DKYWVDODHFEZIM-UHFFFAOYSA-N,Ketoprofen; ketoprofen,166,78,11,0,3,0,3,2,0,2,179,81
3826.0,O=C(c1ccccc1)c1ccc2n1CCC2C(=O)O,1,OZWKMVRBQXNZKK-UHFFFAOYSA-N,Ketorolac; ketorolac,49,23,5,0,0,0,0,0,0,0,51,23
3899.0,Cc1oncc1C(=O)Nc1ccc(C(F)(F)F)cc1,1,VHOGYURTWQBHIL-UHFFFAOYSA-N,Leflunomide; leflunomide; Methotrexate + Leflunomide,1085,669,29,0,4,0,4,2,0,2,1085,669
3902.0,N#Cc1ccc(C(c2ccc(C#N)cc2)n2cncn2)cc1,1,HPJKCIUCZWXJDR-UHFFFAOYSA-N,Letrozole; letrozole,50,19,2,0,0,0,0,0,0,0,50,19
3948.0,CCn1cc(C(=O)O)c(=O)c2cc(F)c(N3CCNC(C)C3)c(F)c21,1,ZEKZLJVOYLTDKK-UHFFFAOYSA-N,,118,0,0,0,0,0,0,0,0,0,118,0
3955.0,CN(C)C(=O)C(CCN1CCC(O)(c2ccc(Cl)cc2)CC1)(c1ccccc1)c1ccccc1,0,RDOIQAHITMMDAJ-UHFFFAOYSA-N,loperamide,69,1,1,0,0,0,0,0,0,0,69,1
3957.0,CCOC(=O)N1CCC(=C2c3ccc(Cl)cc3CCc3cccnc32)CC1,0,JCCNYMKQOSZNPW-UHFFFAOYSA-N,Loratadine; Loratidine,79,31,2,0,1,0,1,1,0,1,79,31
3961.0,CCCCc1nc(Cl)c(CO)n1Cc1ccc(-c2ccccc2-c2nn[nH]n2)cc1,1,PSIFNNKUMBGKDQ-UHFFFAOYSA-N,Losartan; losartan; Losartan potassium,588,76,3,0,3,0,3,1,0,1,588,76
4011.0,CNCCCC12CCC(c3ccccc31)c1ccccc12,0,QSLMDECMDJKHMQ-UHFFFAOYSA-N,Maprotiline,67,22,1,0,0,0,0,0,0,0,67,22
4030.0,COC(=O)Nc1nc2ccc(C(=O)c3ccccc3)cc2[nH]1,1,OPXLLQIJSORQAM-UHFFFAOYSA-N,Mebendazole; mebendazole,215,99,6,0,1,0,1,1,0,1,215,99
4034.0,Cc1cccc(CN2CCN(C(c3ccccc3)c3ccc(Cl)cc3)CC2)c1,0,OCJYIGYOJCODJL-UHFFFAOYSA-N,,73,0,0,0,0,0,0,0,0,0,73,0
4037.0,Cc1ccc(Cl)c(Nc2ccccc2C(=O)O)c1Cl,1,SBDNJUWAMKYJOX-UHFFFAOYSA-N,Meclofenamic acid; meclofenamic acid; Meclofenamate; Meclofenamate sodium,74,9,2,0,0,0,0,0,0,0,74,9
4044.0,Cc1cccc(Nc2ccccc2C(=O)O)c1C,1,HYYBABOKPJLUIN-UHFFFAOYSA-N,Mefenamic acid; mefenamic acid,234,45,2,0,1,0,1,1,0,1,234,45
4046.0,OC(c1cc(C(F)(F)F)nc2c(C(F)(F)F)cccc12)C1CCCCN1,0,XEEQGYMUWCZPDN-UHFFFAOYSA-N,Mefloquine,218,32,2,0,0,0,0,0,0,0,218,32
4054.0,CC12CC3CC(C)(C1)CC(N)(C3)C2,0,BUGYDGFZZOZRHP-UHFFFAOYSA-N,"Memantine; 3,7-dimethyladamantan-1-amine (DMAA)",218,24,2,0,3,0,3,1,0,1,218,24
4078.0,CN1CCCCC1CCN1c2ccccc2Sc2ccc(S(C)=O)cc21,1,SLVMESMUVMCQIY-UHFFFAOYSA-N,Mesoridazine; TPS-23,5,5,4,0,0,0,0,0,0,0,5,5
4086.0,CC(C)NCC(O)c1cc(O)cc(O)c1,0,LMOINURANNBYCM-UHFFFAOYSA-N,Metaproterenol,21,1,0,0,0,0,0,0,0,0,21,1
4091.0,CN(C)C(=N)N=C(N)N,0,XZWYZXLIPXDOLR-UHFFFAOYSA-N,Metformin; metformin,8123,262,68,2,9,2,7,3,1,2,8123,262
4170.0,Cc1ccccc1N1C(=O)c2cc(S(N)(=O)=O)c(Cl)cc2NC1C,1,AQCHWTWZEMGIFD-UHFFFAOYSA-N,Metolazone,1,1,0,0,0,0,0,0,0,0,1,1
4173.0,Cc1ncc([N+](=O)[O-])n1CCO,1,VAOCPAMSLUNLGC-UHFFFAOYSA-N,Metronidazole; metronidazole,319,80,5,0,3,0,3,1,0,1,319,80
4174.0,CC(C)(C(=O)c1cccnc1)c1cccnc1,0,FJLBFSROUSIWMA-UHFFFAOYSA-N,Metyrapone,168,2,0,0,0,0,0,0,0,0,168,2
4192.0,Cc1ncc2n1-c1ccc(Cl)cc1C(c1ccccc1F)=NC2,0,DDLIGBOFAVUZHB-UHFFFAOYSA-N,Midazolam; midazolam,170,16,12,0,0,0,0,0,0,0,170,16
4195.0,COc1ccc(OC)c(C(O)CNC(=O)CN)c1,0,PTKSEFOSCHHMPD-UHFFFAOYSA-N,,1,0,0,0,0,0,0,0,0,0,1,0
4201.0,N=c1nc(N2CCCCC2)cc(N)n1O,0,ZIMGGGWCDYVHOY-UHFFFAOYSA-N,,0,0,0,0,0,0,0,0,0,0,0,0
4211.0,Clc1ccc(C(c2ccccc2Cl)C(Cl)Cl)cc1,0,JWBOIMRXGHLCPP-UHFFFAOYSA-N,Mitotane; mitotane,111,47,0,0,0,0,0,0,0,0,111,47
4212.0,O=C1c2c(O)ccc(O)c2C(=O)c2c(NCCNCCO)ccc(NCCNCCO)c21,1,KKZJGLLVHKMTCM-UHFFFAOYSA-N,Mitoxantrone; NOVANTRONE (mitoxantrone),367,114,8,0,0,0,0,0,0,0,367,114
4260.0,CC(=O)Oc1cc(C(C)C)c(OCCN(C)C)cc1C,1,VRYMTAVOXVTQEF-UHFFFAOYSA-N,Moxisylyte,2,2,0,0,0,0,0,0,0,0,2,2
4421.0,CCn1cc(C(=O)O)c(=O)c2ccc(C)nc21,1,MHWLWQUZZRMNGJ-UHFFFAOYSA-N,Nalidixic acid,90,7,2,0,0,0,0,0,0,0,90,7
4454.0,NCC1OC(OC2C(CO)OC(OC3C(O)C(N)CC(N)C3OC3OC(CN)C(O)C(O)C3N)C2O)C(N)C(O)C1O,0,PGBHMTALBVVCIT-UHFFFAOYSA-N,,0,0,0,0,0,0,0,0,0,0,244,7
4463.0,Cc1ccnc2c1NC(=O)c1cccnc1N2C1CC1,1,NQDJXKOVJZTUJA-UHFFFAOYSA-N,Nevirapine; nevirapine; Viramune; NVP; Saquinavir/ritonavir,3183,2819,114,1,35,1,34,2,0,2,3189,2819
4472.0,O=C(CCNNC(=O)c1ccncc1)NCc1ccccc1,1,NOIIUHRQUVNIDD-UHFFFAOYSA-N,Nialamide; Nialamid,26,18,4,0,0,0,0,0,0,0,26,18
4474.0,COC(=O)C1=C(C)NC(C)=C(C(=O)OCCN(C)Cc2ccccc2)C1c1cccc([N+](=O)[O-])c1,1,ZBBHBTPTTSWHBA-UHFFFAOYSA-N,Nicardipine,86,5,1,0,0,0,0,0,0,0,92,5
4485.0,COC(=O)C1=C(C)NC(C)=C(C(=O)OC)C1c1ccccc1[N+](=O)[O-],1,HYIMSNHJOBLJNT-UHFFFAOYSA-N,Nifedipine; nifedipine; Diltiazem,502,102,6,0,2,0,2,1,0,1,502,102
4493.0,CC1(C)NC(=O)N(c2ccc([N+](=O)[O-])c(C(F)(F)F)c2)C1=O,1,XWXYUMMDTVBTOU-UHFFFAOYSA-N,Nilutamide; nilutamide,111,64,0,0,2,0,2,1,0,1,111,64
4495.0,CS(=O)(=O)Nc1ccc([N+](=O)[O-])cc1Oc1ccccc1,1,HYWYRSMBCFDLJT-UHFFFAOYSA-N,Nimesulide; nimesulide,1252,595,13,0,11,0,11,5,0,5,1252,595
4497.0,COCCOC(=O)C1=C(C)NC(C)=C(C(=O)OC(C)C)C1c1cccc([N+](=O)[O-])c1,1,UIAGMCDKSXEBJQ-UHFFFAOYSA-N,Nimodipine,82,2,2,0,0,0,0,0,0,0,82,2
4528.0,CN1Cc2c(N)cccc2C(c2ccccc2)C1,1,XXPANQJNYNUNES-UHFFFAOYSA-N,Nomifensine; Nomifensin,88,30,0,0,0,0,0,0,0,0,88,30
4539.0,CCn1cc(C(=O)O)c(=O)c2cc(F)c(N3CCNCC3)cc21,1,OGJPXUAPXNRGGI-UHFFFAOYSA-N,Norfloxacin,278,74,4,0,4,0,4,1,0,1,278,74
4601.0,Cc1ccccc1C(OCCN(C)C)c1ccccc1,0,QVYRGXJJSLMXQH-UHFFFAOYSA-N,Orphenadrine,12,4,0,0,0,0,0,0,0,0,12,4
4614.0,O=C(O)CCc1nc(-c2ccccc2)c(-c2ccccc2)o1,1,OFPXSFXSNFPTHF-UHFFFAOYSA-N,Oxaprozin; oxaprozin,25,18,1,0,0,0,0,0,0,0,25,18
4622.0,CCCOc1ccc2nc(NC(=O)OC)[nH]c2c1,1,RAOCRURYZCVHMG-UHFFFAOYSA-N,,7,0,0,0,0,0,0,0,0,0,7,0
4634.0,CCN(CC)CC#CCOC(=O)C(O)(c1ccccc1)C1CCCCC1,0,XIQVNETUBQGFHX-UHFFFAOYSA-N,Oxybutynin,12,7,2,0,0,0,0,0,0,0,12,7
4674.0,NCCC(O)(P(=O)(O)O)P(=O)(O)O,0,WRUUGTRCQOWXEG-UHFFFAOYSA-N,pamidronate,29,1,1,0,0,0,0,0,0,0,29,1
4678.0,CC(C)(CO)C(O)C(=O)NCCCO,0,SNPLKNRPJHDVJA-UHFFFAOYSA-N,,0,0,0,0,0,0,0,0,0,0,62,0
4680.0,COc1ccc(Cc2nccc3cc(OC)c(OC)cc23)cc1OC,1,XQYZDYMELSJDRZ-UHFFFAOYSA-N,Papaverine; papaverine; papaverine hydrochloride; Papaverine hydrochloride,393,114,9,1,1,0,1,1,0,1,393,114
4688.0,C#CCN(C)Cc1ccccc1,0,DPWPWRLQFGFJFI-UHFFFAOYSA-N,Pargyline; pargyline hydrochloride,91,10,7,0,0,0,0,0,0,0,91,10
4723.0,NC1=NC(=O)C(c2ccccc2)O1,1,NRNCYVBFPDDJNE-UHFFFAOYSA-N,Pemoline; pemoline; Magnesium pemoline; magnesium pemoline,326,325,5,1,9,1,8,1,0,1,326,325
4746.0,C1CCC(C(CC2CCCCN2)C2CCCCC2)CC1,1,CYXKNKQEMFBLER-UHFFFAOYSA-N,Perhexiline; Perhexiline maleate; perhexiline; perhexiline maleate; Amiodarone,1150,485,10,0,1,0,1,1,0,1,1150,485
4754.0,CCOc1ccc(NC(C)=O)cc1,1,CPJSUEIXXCENMM-UHFFFAOYSA-N,Phenacetin; Saridon; phenacetin,111,35,10,0,1,0,1,1,0,1,111,35
4756.0,Nc1ccc(N=Nc2ccccc2)c(N)n1,0,QPFYXYFORQJZEC-UHFFFAOYSA-N,Phenazopyridine,1,1,0,0,0,0,0,0,0,0,25,24
4768.0,CC(COc1ccccc1)N(CCCl)Cc1ccccc1,0,QZVCTJOXCFMACW-UHFFFAOYSA-N,Phenoxybenzamine,26,1,1,0,0,0,0,0,0,0,26,1
4771.0,CC(C)(N)Cc1ccccc1,0,DHHVAGZRUROJKS-UHFFFAOYSA-N,Phentermine,4,4,3,0,1,0,1,1,0,1,4,4
4781.0,CCCCC1C(=O)N(c2ccccc2)N(c2ccccc2)C1=O,1,VYMDGNCVAMGZFE-UHFFFAOYSA-N,Phenylbutazone; phenylbutazone; Butazolidin; butazolidine; Butazolidine,344,260,3,0,5,0,5,1,0,1,344,260
4812.0,CC(=CCC1=C(C)C(=O)c2ccccc2C1=O)CCCC(C)CCCC(C)CCCC(C)C,0,MBWXNTAXLNYFJB-UHFFFAOYSA-N,,0,0,0,0,0,0,0,0,0,0,158,4
4826.0,CC(N=C(NC#N)Nc1ccncc1)C(C)(C)C,0,IVVNZDGDKPTYHK-UHFFFAOYSA-N,,94,0,0,0,0,0,0,0,0,0,94,0
4828.0,CC(C)NCC(O)COc1cccc2[nH]ccc12,0,JZQKKSLKJUAGIC-UHFFFAOYSA-N,Pindolol,3,1,1,0,0,0,0,0,0,0,3,1
4891.0,O=C(C1CCCCC1)N1CC(=O)N2CCc3ccccc3C2C1,0,FSVJFNAIGNNGKK-UHFFFAOYSA-N,Praziquantel; praziquantel,410,15,9,0,0,0,0,0,0,0,410,15
4908.0,COc1cc(NC(C)CCCN)c2ncccc2c1,0,INDBQLZJXZLFIT-UHFFFAOYSA-N,Primaquine; primaquine; Primaquine phosphate,222,33,9,0,0,0,0,0,0,0,226,33
4909.0,CCC1(c2ccccc2)C(=O)NCNC1=O,0,DQMZLTXERSFNPB-UHFFFAOYSA-N,Primidone; primidone,42,33,10,0,0,0,0,0,0,0,42,33
4912.0,CC(C)(Sc1cc(C(C)(C)C)c(O)c(C(C)(C)C)c1)Sc1cc(C(C)(C)C)c(O)c(C(C)(C)C)c1,0,FYPMFJGVHOHGLL-UHFFFAOYSA-N,Probucol,284,1,0,0,0,0,0,0,0,0,284,1
4917.0,CN1CCN(CCCN2c3ccccc3Sc3ccc(Cl)cc32)CC1,1,WIKYUJGCLQQFNW-UHFFFAOYSA-N,Prochlorperazine; prochlorperazine,125,95,7,0,1,0,1,0,0,0,125,95
4919.0,OC(CCN1CCCC1)(c1ccccc1)C1CCCCC1,0,WYDUSKDSKCASEF-UHFFFAOYSA-N,Procyclidine,2,1,1,0,0,0,0,0,0,0,2,1
4932.0,CCCNCC(O)COc1ccccc1C(=O)CCc1ccccc1,0,JWHAUXFOSRPERK-UHFFFAOYSA-N,Propafenone,64,46,2,0,3,0,3,1,0,1,64,46
4943.0,CC(C)c1cccc(C(C)C)c1O,0,OLBCVFGFOZPWHH-UHFFFAOYSA-N,Propofol; propofol; Disoprofol,1958,117,33,0,1,0,1,1,0,1,1958,117
4946.0,CC(C)NCC(O)COc1cccc2ccccc12,0,AQHHHDLHHXJYJD-UHFFFAOYSA-N,Propranolol; propranolol,701,23,13,0,0,0,0,0,0,0,717,23
4976.0,CNCCCC1c2ccccc2C=Cc2ccccc21,0,BWPIARFWQZKAIA-UHFFFAOYSA-N,Protriptyline,15,1,0,0,0,0,0,0,0,0,15,1
4991.0,CN(C)C(=O)Oc1ccc[n+](C)c1,0,RVOLLAQWKVFTGE-UHFFFAOYSA-N,Pyridostigmine; pyridostigmine,11,2,1,0,0,0,0,0,0,0,11,2
4992.0,COc1ccc(CN(CCN(C)C)c2ccccn2)cc1,0,YECBIJXISLIIDS-UHFFFAOYSA-N,,22,0,0,0,0,0,0,0,0,0,22,0
4993.0,CCc1nc(N)nc(N)c1-c1ccc(Cl)cc1,1,WKSAUQYGYAYLPV-UHFFFAOYSA-N,Pyrimethamine; Maloprim (pyrimethamine-dapsone),265,14,1,0,0,0,0,0,0,0,265,14
5070.0,Nc1nc2ccc(OC(F)(F)F)cc2s1,1,FTALBRSUTCGOEG-UHFFFAOYSA-N,Riluzole,119,54,4,0,0,0,0,0,0,0,119,54
5073.0,Cc1nc2n(c(=O)c1CCN1CCC(c3noc4cc(F)ccc34)CC1)CCCC2,1,RAPZEAPATHNIPO-UHFFFAOYSA-N,Risperidone; risperidone,395,196,19,0,2,0,2,1,0,1,395,196
5147.0,NC(=O)c1ccccc1O,0,SKZKKFZAGNVIMN-UHFFFAOYSA-N,,15,0,0,0,0,0,0,0,0,0,15,0
5184.0,CN1C2CC(OC(=O)C(CO)c3ccccc3)CC1C1OC12,0,STECJAGHUSJQJN-UHFFFAOYSA-N,,0,0,0,0,0,0,0,0,0,0,19,3
5234.0,[Cl-].[Na+],0,VEXZGXHMUGYJMC-UHFFFAOYSA-N,Sodium chloride; Hypertonic saline; Hypertonic saline (sodium chloride); hypertonic saline 20% (sodium chloride),2129,9,0,0,0,0,0,0,0,0,2129,9
5291.0,Cc1ccc(NC(=O)c2ccc(CN3CCN(C)CC3)cc2)cc1Nc1nccc(-c2cccnc2)n1,1,KTUFNOKKBVMGRW-UHFFFAOYSA-N,Imatinib; imatinib; Imatinib mesylate; imatinib mesylate; Imatinib Mesylate,1434,624,29,0,13,0,13,3,0,3,1434,624
5314.0,C[N+](C)(C)CCOC(=O)CCC(=O)OCC[N+](C)(C)C,0,AXOIZCJOOAYSMI-UHFFFAOYSA-N,Succinylcholine,2,2,1,0,0,0,0,0,0,0,2,2
5328.0,Cc1nnc(NS(=O)(=O)c2ccc(N)cc2)s1,1,VACCAVUAMIDAGB-UHFFFAOYSA-N,Sulfamethizole; sulphamethizole,8,8,2,0,0,0,0,0,0,0,8,8
5329.0,Cc1cc(NS(=O)(=O)c2ccc(N)cc2)no1,1,JLKIGFTWXXRPMT-UHFFFAOYSA-N,Sulfamethoxazole; sulfamethoxazole; Sulphamethoxazole; Sulfamethoxazole/trimethoprim; sulfamethoxazole/trimethoprim,219,118,3,0,1,0,1,1,0,1,219,118
5333.0,Nc1ccc(S(N)(=O)=O)cc1,1,FDDDEECHVMSUSB-UHFFFAOYSA-N,Sulfanilamide; sulfanilamide; Sulphanilamide; Sodium aescinate; Dapsone,140,20,2,0,1,0,1,0,0,0,140,20
5340.0,Nc1ccc(S(=O)(=O)Nc2nccs2)cc1,1,JNMRHUJNCSQMMB-UHFFFAOYSA-N,Sulphathiazole; Sulfathiazole; Quinacrine,8,5,1,0,0,0,0,0,0,0,8,5
5342.0,O=C1C(CCS(=O)c2ccccc2)C(=O)N(c2ccccc2)N1c1ccccc1,0,MBGGBVCUIVRRBF-UHFFFAOYSA-N,Sulfinpyrazone,35,2,0,0,0,0,0,0,0,0,35,2
5352.0,CC1=C(CC(=O)O)c2cc(F)ccc2C1=Cc1ccc(S(C)=O)cc1,1,MLKXDPUZXIRXEP-UHFFFAOYSA-N,,0,0,0,0,0,0,0,0,0,0,556,380
5354.0,CCCCCCCCNC(C)C(O)c1ccc(SC(C)C)cc1,1,BFCDFTHTSVTWOG-UHFFFAOYSA-N,,0,0,0,0,0,0,0,0,0,0,21,16
5394.0,Cn1nnc2c(C(N)=O)ncn2c1=O,0,BPEGJWRSRHCHSN-UHFFFAOYSA-N,Temozolomide; temozolomide; Temozolomide (TMZ),747,139,9,0,4,0,4,1,0,1,747,139
5402.0,CN(CC=CC#CC(C)(C)C)Cc1cccc2ccccc12,1,DOMXUEMWDBAQBQ-UHFFFAOYSA-N,,0,0,0,0,0,0,0,0,0,0,730,582
5405.0,CC(C)(C)c1ccc(C(O)CCCN2CCC(C(O)(c3ccccc3)c3ccccc3)CC2)cc1,0,GUGOEEXESWIERI-UHFFFAOYSA-N,Terfenadine; terfenadine; Seldane; Seldane (terfenadine),128,67,9,0,2,0,2,1,0,1,128,67
5411.0,CCCCNc1ccc(C(=O)OCCN(C)C)cc1,0,GKCBAIGFKIBETG-UHFFFAOYSA-N,Tetracaine,48,1,1,0,0,0,0,0,0,0,48,1
5472.0,Clc1ccccc1CN1CCc2sccc2C1,1,PHWBOXQYWZNQIN-UHFFFAOYSA-N,Ticlopidine; ticlopidine; Ticlopidine hydrochloride,673,382,3,0,7,0,7,1,0,1,673,382
5503.0,Cc1ccc(S(=O)(=O)NC(=O)NN2CCCCCC2)cc1,1,OUDSBRTVNLOZBN-UHFFFAOYSA-N,Tolazamide; tolazamide,70,32,0,0,1,0,1,1,0,1,70,32
5505.0,CCCCNC(=O)NS(=O)(=O)c1ccc(C)cc1,1,JLRGJRBPOGGCBT-UHFFFAOYSA-N,Tolbutamide; tolbutamide,223,85,6,0,0,0,0,0,0,0,223,85
5509.0,Cc1ccc(C(=O)c2ccc(CC(=O)O)n2C)cc1,1,UPSPUYADGBWSHF-UHFFFAOYSA-N,Tolmetin; tolmetin; TOLECTIN,49,30,7,0,1,0,1,0,0,0,49,30
5526.0,NCC1CCC(C(=O)O)CC1,0,GYDJEQRTZSCIOI-UHFFFAOYSA-N,,1,0,0,0,0,0,0,0,0,0,34,5
5533.0,O=c1n(CCCN2CCN(c3cccc(Cl)c3)CC2)nc2ccccn12,1,PHLBKPHSAVXXEF-UHFFFAOYSA-N,Trazodone; trazodone,353,175,2,0,2,0,2,1,0,1,353,175
5572.0,OC(CCN1CCCCC1)(c1ccccc1)C1CCCCC1,0,HWHLPVGTWGOCJO-UHFFFAOYSA-N,Trihexyphenidyl; Amoxicillin/clavulanic acid,68,3,1,0,0,0,0,0,0,0,68,3
5577.0,COc1cc(C(=O)NCc2ccc(OCCN(C)C)cc2)cc(OC)c1OC,1,FEZBIKUBAYAZIU-UHFFFAOYSA-N,Trimethobenzamide,11,7,0,0,0,0,0,0,0,0,11,7
5578.0,COc1cc(Cc2cnc(N)nc2N)cc(OC)c1OC,1,IEDVJHCEMCRBQM-UHFFFAOYSA-N,Trimethoprim-sulfamethoxazole; Trimethoprim/sulfamethoxazole; Cotrimoxazole; Co-trimoxazole; Trimethoprim,958,901,32,0,1,0,1,1,0,1,958,901
5591.0,Cc1c(C)c2c(c(C)c1O)CCC(C)(COc1ccc(CC3SC(=O)NC3=O)cc1)O2,1,GXPHKUHSUJUWKP-UHFFFAOYSA-N,Troglitazone; troglitazone; rezulin,5854,2956,8,0,16,0,16,3,0,3,5854,2956
5717.0,COc1cc(C(=O)NS(=O)(=O)c2ccccc2C)ccc1Cc1cn(C)c2ccc(NC(=O)OC3CCCC3)cc12,1,YEEZWCHGZNKEEK-UHFFFAOYSA-N,Zafirlukast; zafirlukast,224,106,7,0,1,0,1,1,0,1,224,106
5734.0,NS(=O)(=O)Cc1noc2ccccc12,1,UBQNRHZMVUUOMG-UHFFFAOYSA-N,Zonisamide; zonisamide,74,38,10,0,0,0,0,0,0,0,74,38
5743.0,CC1CC2C3CCC4=CC(=O)C=CC4(C)C3(F)C(O)CC2(C)C1(O)C(=O)CO,0,UREBDLICKHMUKA-UHFFFAOYSA-N,,0,0,0,0,0,0,0,0,0,0,7760,62
5746.0,COC12C(COC(N)=O)C3=C(C(=O)C(C)=C(N)C3=O)N1CC1NC12,0,NWIBSHFKIJFRCO-UHFFFAOYSA-N,,0,0,0,0,0,0,0,0,0,0,457,126
5749.0,CC[N+](C)(CC)CCOC(=O)C(O)(c1ccccc1)C1CCCCC1,0,GFRUPHOKLBPHTQ-UHFFFAOYSA-N,,0,0,0,0,0,0,0,0,0,0,0,0
5754.0,CC12CCC(=O)C=C1CCC1C2C(O)CC2(C)C1CCC2(O)C(=O)CO,0,JYGXADMDTFJGBT-UHFFFAOYSA-N,,0,0,0,0,0,0,0,0,0,0,748,10
5757.0,CC12CCC3c4ccc(O)cc4CCC3C1CCC2O,0,VOXZDWNPVJITMN-UHFFFAOYSA-N,,0,0,0,0,0,0,0,0,0,0,3540,44
5775.0,Cc1ccc(N(CC2=NCCN2)c2cccc(O)c2)cc1,0,MRBDMNSDAVCSSF-UHFFFAOYSA-N,Phentolamine,45,4,1,0,0,0,0,0,0,0,45,4
5790.0,O=c1[nH]c(=O)n(C2CC(O)C(CO)O2)cc1F,1,ODKNJVUHOIMIIZ-UHFFFAOYSA-N,,0,0,0,0,0,0,0,0,0,0,471,447
5816.0,CNCC(O)c1ccc(O)c(O)c1,0,UCTWMZQNUQWSLP-UHFFFAOYSA-N,,282,0,0,0,0,0,0,0,0,0,846,4
5826.0,CC(N)Cc1ccccc1,0,KWTSXDURSIMDCE-UHFFFAOYSA-N,Amphetamine; amphetamine; MDMA; Adderall (dextroamphetamine/amphetamine); Dextroamphetamine,224,63,4,0,1,0,1,1,0,1,370,68
5865.0,CC12C=CC(=O)C=C1CCC1C2C(=O)CC2(C)C1CCC2(O)C(=O)CO,0,XOFYZVNMUHMLCC-UHFFFAOYSA-N,,0,0,0,0,0,0,0,0,0,0,174,79
5878.0,CC12COC(=O)CC1CCC1C2CCC2(C)C1CCC2(C)O,1,QSLJIVKCVHQPLV-UHFFFAOYSA-N,,0,0,0,0,0,0,0,0,0,0,136,128
5891.0,COc1ccc(CC(N)C(=O)NC2C(CO)OC(n3cnc4c(N(C)C)ncnc43)C2O)cc1,1,RXWNCPJZOCPEPQ-UHFFFAOYSA-N,,0,0,0,0,0,0,0,0,0,0,168,3
5897.0,CC(=O)Nc1ccc2c(c1)Cc1ccccc1-2,1,CZIHNRWJTSTCEX-UHFFFAOYSA-N,,254,0,0,0,0,0,0,0,0,0,256,0
5904.0,CC1(C)SC2C(NC(=O)Cc3ccccc3)C(=O)N2C1C(=O)O,0,JGSARLDLIJGVTE-UHFFFAOYSA-N,,0,0,0,0,0,0,0,0,0,0,354,35
5905.0,O=c1[nH]c(=O)n(C2CC(O)C(CO)O2)cc1I,1,XQFRJNBWHJMXHO-UHFFFAOYSA-N,,0,0,0,0,0,0,0,0,0,0,15,15
5910.0,CCC1C(=O)OCC1Cc1cncn1C,0,QCHFTSOMWOSFHM-UHFFFAOYSA-N,,0,0,0,0,0,0,0,0,0,0,112,0
5920.0,NC(Cc1cc(I)c(Oc2ccc(O)c(I)c2)c(I)c1)C(=O)O,0,AUYYCJSJGJYCDS-UHFFFAOYSA-N,,0,0,0,0,0,0,0,0,0,0,2390,10
5983.0,CNC(=O)Oc1ccc2c(c1)C1(C)CCN(C)C1N2C,0,PIJVFDBKTWXHHD-UHFFFAOYSA-N,,0,0,0,0,0,0,0,0,0,0,64,11
6024.0,CC(=O)OCC1=C(C(=O)O)N2C(=O)C(NC(=O)Cc3cccs3)C2SC1,1,XIURVHNZVLADCM-UHFFFAOYSA-N,,0,0,0,0,0,0,0,0,0,0,28,12
6032.0,NCC1OC(OC2C(N)CC(N)C(OC3OC(CO)C(O)C(N)C3O)C2O)C(O)C(O)C1O,0,SBUJHOSQTJFQJX-UHFFFAOYSA-N,,0,0,0,0,0,0,0,0,0,0,113,26
6047.0,NC(Cc1ccc(O)c(O)c1)C(=O)O,0,WTDRDQBEARUVNC-UHFFFAOYSA-N,,0,0,0,0,0,0,0,0,0,0,243,6
6082.0,COc1ccc(OC)c(C(O)C(C)N)c1,0,WJAJPNHVVFWKKL-UHFFFAOYSA-N,,15,0,0,0,0,0,0,0,0,0,15,0
6098.0,Cc1onc(-c2ccccc2Cl)c1C(=O)NC1C(=O)N2C1SC(C)(C)C2C(=O)O,1,LQOLIRLGBULYKD-UHFFFAOYSA-N,,0,0,0,0,0,0,0,0,0,0,118,95
6134.0,OCC1OC(OC2C(CO)OC(O)C(O)C2O)C(O)C(O)C1O,0,GUBGYTABKSRVRQ-UHFFFAOYSA-N,,0,0,0,0,0,0,0,0,0,0,96,3
6137.0,CSCCC(N)C(=O)O,0,FFEARJCKVFRZRR-UHFFFAOYSA-N,,73,0,0,0,0,0,0,0,0,0,1450,16
6167.0,COc1cc2c(c(OC)c1OC)-c1ccc(OC)c(=O)cc1C(NC(C)=O)CC2,0,IAKHMKGGTNLKSZ-UHFFFAOYSA-N,,0,0,0,0,0,0,0,0,0,0,1760,245
6194.0,O=c1[nH]cc(N(CCCl)CCCl)c(=O)[nH]1,1,IDPUKCWIGUEADI-UHFFFAOYSA-N,Uracil mustard,1,1,1,0,0,0,0,0,0,0,1,1
6221.0,C=C1CCC(O)CC1=CC=C1CCCC2(C)C1CCC2C(C)CCCC(C)C,0,QYSXJUFSXHHAJI-UHFFFAOYSA-N,,0,0,0,0,0,0,0,0,0,0,495,1
6230.0,C#CC1(O)CCC2C3CCC4=CC(=O)CCC4C3CCC21C,0,VIKNJXKGJWUCNN-UHFFFAOYSA-N,,0,0,0,0,0,0,0,0,0,0,117,75
6253.0,Nc1ccn(C2OC(CO)C(O)C2O)c(=O)n1,1,UHDGCWIWMRVCDJ-UHFFFAOYSA-N,,0,0,0,0,0,0,0,0,0,0,519,270
6322.0,NC(N)=NCCCC(N)C(=O)O,0,ODKSFYDXXFIFQN-UHFFFAOYSA-N,,1,0,0,0,0,0,0,0,0,0,1390,10
6503.0,NC(CO)(CO)CO,0,LENZDBCJOHFCAS-UHFFFAOYSA-N,Tromethamine; Tris(hydroxymethyl)aminomethane; Sodium tromethamine; tromethamine; THAM (trometamol),59,15,1,0,0,0,0,0,0,0,59,15
6726.0,CN1CCN(C(c2ccccc2)c2ccccc2)CC1,0,UVKZSORBKUEBAZ-UHFFFAOYSA-N,Cyclizine,5,3,0,0,0,0,0,0,0,0,5,3
6832.0,CN1C2CCC1CC(OC(c1ccccc1)c1ccccc1)C2,0,GIJXKZJWITVLHI-UHFFFAOYSA-N,,0,0,0,0,0,0,0,0,0,0,3,1
7108.0,c1ccc2c(c1)Nc1ccccc1S2,1,WJFKNYWRSNBZNX-UHFFFAOYSA-N,Phenothiazine; phenothiazine; Phenytoin,107,11,1,0,0,0,0,0,0,0,107,11
7699.0,CCCCNc1ccc(C(=O)OCCOCCOCCOCCOCCOCCOCCOCCOCCOC)cc1,0,MAFMQEKGGFWBAB-UHFFFAOYSA-N,,3,0,0,0,0,0,0,0,0,0,3,0
8226.0,CCC(CO)NC(=O)C1C=C2c3cccc4[nH]cc(c34)CC2N(C)C1,0,UNBRKDKAWYKMIV-UHFFFAOYSA-N,,0,0,0,0,0,0,0,0,0,0,0,0
8593.0,O=C(O)c1cc(-c2ccccc2)nc2ccccc12,1,YTRMTPPVNRALON-UHFFFAOYSA-N,Cinchophen; Cincophen; cinchophen; Atophan; atophan,88,81,0,0,0,0,0,0,0,0,88,81
8944.0,CCOC(=O)C1(c2ccccc2)CCN(CCc2ccc(N)cc2)CC1,0,LKYQLAWMNBFNJT-UHFFFAOYSA-N,,0,0,0,0,0,0,0,0,0,0,0,0
9052.0,CC(=O)CC(c1ccc([N+](=O)[O-])cc1)c1c(O)oc2ccccc2c1=O,1,WWBYDEQHYAEHLT-UHFFFAOYSA-N,,0,0,0,0,0,0,0,0,0,0,0,0
9294.0,CNC(C)C(O)c1ccccc1,0,KWGRBVOPPLSCSI-UHFFFAOYSA-N,,0,0,0,0,0,0,0,0,0,0,78,29
9346.0,COC1C(OC(N)=O)C(O)C(Oc2ccc3c(=O)c(NC(=O)c4ccc(O)c(CC=C(C)C)c4)c(O)oc3c2C)OC1(C)C,1,DYYIUCVAQGRACE-UHFFFAOYSA-N,,0,0,0,0,0,0,0,0,0,0,0,0
9444.0,Nc1ncn(C2OC(CO)C(O)C2O)c(=O)n1,1,NMUSYJAQQFHJEW-UHFFFAOYSA-N,,0,0,0,0,0,0,0,0,0,0,392,47
9681.0,CCC(CO)NC(=O)C1C=C2c3cccc4c3c(cn4C)CC2N(C)C1,0,KPJZHOPZRAFDTN-UHFFFAOYSA-N,,0,0,0,0,0,0,0,0,0,0,3,1
9902.0,CC12CC(=CO)C(=O)CC1CCC1C2CCC2(C)C1CCC2(C)O,1,ICMWWNHDUZJFDW-UHFFFAOYSA-N,,0,0,0,0,0,0,0,0,0,0,148,147
9904.0,CC12CCC3C4CCC(=O)C=C4CCC3C1CCC2O,1,NPAGDVCDWIYMMC-UHFFFAOYSA-N,,0,0,0,0,0,0,0,0,0,0,95,46
10631.0,CC(=O)C1(O)CCC2C3CC(C)C4=CC(=O)CCC4(C)C3CCC21C,0,FRQMUZJSZHZSGN-UHFFFAOYSA-N,,0,0,0,0,0,0,0,0,0,0,0,0
10836.0,CNC(C)Cc1ccccc1,0,MYWUZJCMWCOHBA-UHFFFAOYSA-N,Methamphetamine; methylamphetamine hydrochloride,33,6,0,0,0,0,0,0,0,0,1310,81
10917.0,C[N+](C)(C)CC(O)CC(=O)[O-],0,PHIQHXFUZVPYII-UHFFFAOYSA-N,carnitine; Carnitine,836,2,2,0,0,0,0,0,0,0,2574,7
11033.0,NC(=O)NS(=O)(=O)c1ccc(N)cc1,1,WVAKABMNNSMCDK-UHFFFAOYSA-N,,0,0,0,0,0,0,0,0,0,0,0,0
11080.0,S=C=Nc1cccc2ccccc12,1,JBDOSUUXMYMWQH-UHFFFAOYSA-N,alpha-naphthylisothiocyanate; alpha-naphthyl isothiocyanate,1059,2,0,0,0,0,0,0,0,0,1059,2
11333.0,OCC1OC(OC2C(CO)OC(O)(CO)C2O)C(O)C(O)C1O,0,JCQLYHFGKNRPGE-UHFFFAOYSA-N,,0,0,0,0,0,0,0,0,0,0,39,2
11806.0,CC(C)(N)CO.Cn1c(=O)c2[nH]c(Br)nc2n(C)c1=O,0,SKTFQHRVFFOHTQ-UHFFFAOYSA-N,,0,0,0,0,0,0,0,0,0,0,0,0
12124.0,CC(=O)Nc1cccc(O)c1,0,QLNWXBAGRTUKKI-UHFFFAOYSA-N,Acetaminophen; 3-hydroxyacetanilide; 3-Hydroxyacetanilide; N-acetyl-m-aminophenol,111,6,4,0,0,0,0,0,0,0,111,6
12460.0,CC1C(c2ccccc2)OCCN1C,0,MFOCDFTXLCYLKU-UHFFFAOYSA-N,,0,0,0,0,0,0,0,0,0,0,0,0
12560.0,CCC1OC(=O)C(C)C(OC2CC(C)(OC)C(O)C(C)O2)C(C)C(OC2OC(C)CC(N(C)C)C2O)C(C)(O)CC(C)C(=O)C(C)C(O)C1(C)O,1,ULGZDMOVFRHVEP-UHFFFAOYSA-N,,0,0,0,0,0,0,0,0,0,0,1487,663
13109.0,C#CC1(O)CCC2C3CCC4=CC(=O)CCC4C3CCC21CC,0,WWYNJERNGUHSAO-UHFFFAOYSA-N,Norgestrel; norgestrel; Norgesterol,51,16,0,0,0,0,0,0,0,0,61,21
13342.0,CCC1(O)CC2CN(CCc3c([nH]c4ccccc34)C(C(=O)OC)(c3cc4c(cc3OC)N(C)C3C(O)(C(=O)OC)C(OC(C)=O)C5(CC)C=CCN6CCC43C65)C2)C1,0,JXLYSJRDGCGARV-UHFFFAOYSA-N,,0,0,0,0,0,0,0,0,0,0,419,33
13505.0,CCOC(=O)C1(c2ccccc2)CCN(CCC(C#N)(c2ccccc2)c2ccccc2)CC1,0,HYPPXZBJBPSRLK-UHFFFAOYSA-N,,0,0,0,0,0,0,0,0,0,0,0,0
13804.0,C[N+](C)(C)CCOP(=O)([O-])OP(=O)(O)OCC1OC(n2ccc(N)nc2=O)C(O)C1O,0,RZZPDXZPRHQOCG-UHFFFAOYSA-N,,0,0,0,0,0,0,0,0,0,0,140,1
14403.0,COc1cc2c(c3oc(=O)c4c(c13)CCC4=O)C1C=COC1O2,1,OQIQSTLJSLGHID-UHFFFAOYSA-N,,8,0,0,0,0,0,0,0,0,0,4685,2
14985.0,Cc1c(C)c2c(c(C)c1O)CCC(C)(CCCC(C)CCCC(C)CCCC(C)C)O2,0,GVJHHUAWPYXKBD-UHFFFAOYSA-N,,47,0,0,0,0,0,0,0,0,0,4180,18
15250.0,CC(C)Cc1ccc(CC(=O)O)cc1,1,CYWFCPPBTWOZSF-UHFFFAOYSA-N,Ibufenac; ibufenac; Isobutylphenylacetic acid,96,85,1,0,2,0,2,2,0,2,96,85
15541.0,CNC1C(O)C(NC)C2OC3(O)C(=O)CC(C)OC3OC2C1O,0,UNFWWIHTNXNPBV-UHFFFAOYSA-N,,0,0,0,0,0,0,0,0,0,0,18,1
16231.0,NC(N)=NC(=O)c1nc(Cl)c(N)nc1N,1,XSDQTOBWRPYKKA-UHFFFAOYSA-N,Amiloride,210,1,1,0,0,0,0,0,0,0,210,1
16362.0,O=c1[nH]c2ccccc2n1C1CCN(CCCC(c2ccc(F)cc2)c2ccc(F)cc2)CC1,0,YVUQSNJEYSNKRX-UHFFFAOYSA-N,Pimozide,101,5,0,0,0,0,0,0,0,0,101,5
16960.0,CN(C)CCC(c1ccc(Br)cc1)c1ccccn1,0,ZDIGNSYAACHWNL-UHFFFAOYSA-N,,0,0,0,0,0,0,0,0,0,0,0,0
17012.0,OCCN1CCN(CCC=C2c3ccccc3Sc3ccc(C(F)(F)F)cc32)CC1,0,NJMYODHXAKYRHW-UHFFFAOYSA-N,,0,0,0,0,0,0,0,0,0,0,9,7
18283.0,Cc1cn(C2C=CC(CO)O2)c(=O)[nH]c1=O,1,XNKLLVCARDGLGL-UHFFFAOYSA-N,,0,0,0,0,0,0,0,0,0,0,1060,590
18381.0,Cc1onc(-c2c(Cl)cccc2Cl)c1C(=O)NC1C(=O)N2C1SC(C)(C)C2C(=O)O,1,YFAGHNZHGGCZAX-UHFFFAOYSA-N,,0,0,0,0,0,0,0,0,0,0,74,63
19649.0,CNC1C(OC2C(OC3C(O)C(O)C(N=C(N)N)C(O)C3N=C(N)N)OC(C)C2(O)C=O)OC(CO)C(O)C1O,0,UCSJYZPVAKXKNQ-UHFFFAOYSA-N,,0,0,0,0,0,0,0,0,0,0,331,82
19988.0,COc1cc(O)c(C(=O)c2ccccc2)cc1S(=O)(=O)O,0,CXVGEDCSTKKODG-UHFFFAOYSA-N,,0,0,0,0,0,0,0,0,0,0,0,0
20469.0,CC1CC2C3CCC4=CC(=O)C=CC4(C)C3(Cl)C(O)CC2(C)C1(O)C(=O)CO,0,NBMKJKDGKREAPL-UHFFFAOYSA-N,,0,0,0,0,0,0,0,0,0,0,11,0
21382.0,CN(C)CCCC1c2ccccc2Nc2ccc(Cl)cc21,1,JFRLWWDJCFYFSU-UHFFFAOYSA-N,,0,0,0,0,0,0,0,0,0,0,0,0
23897.0,CCc1c(C)[nH]c2c1C(=O)C(CN1CCOCC1)CC2,0,KLPWJLBORRMFGK-UHFFFAOYSA-N,Molindone; molindone,10,8,0,0,0,0,0,0,0,0,10,8
24066.0,Nc1ccn(C2CCC(CO)O2)c(=O)n1,1,WREGKURFCTUGRC-UHFFFAOYSA-N,,3,0,0,0,0,0,0,0,0,0,612,103
24705.0,C[Si](C)(C)O[Si](C)(C)O[Si](C)(C)C,0,CXQXSVUQTKDNFP-UHFFFAOYSA-N,,0,0,0,0,0,0,0,0,0,0,0,0
25429.0,COC(=O)Nc1nc2ccccc2[nH]1,1,TWFZGCMQGLPBSX-UHFFFAOYSA-N,,73,0,0,0,0,0,0,0,0,0,73,0
25517.0,[Cl-].[NH4+],0,QGZKDVFQNNGYKY-UHFFFAOYSA-N,Cisplatin; cisplatin; Ammonium tetrathiomolybdate; Ammonium chloride; Paracetamol,8291,524,35,2,5,2,3,1,0,1,8295,524
26757.0,C#CCN(C)C(C)Cc1ccccc1,0,MEZLKOACVSPNER-UHFFFAOYSA-N,,20,0,0,0,0,0,0,0,0,0,269,12
26934.0,CC(N)C(O)c1ccccc1,0,DLNKOYKMWOXYQA-UHFFFAOYSA-N,Pyrrolizidine alkaloids; Phenylpropanolamine,50,2,0,0,0,0,0,0,0,0,62,2
26987.0,CN1CCCC1CCOC(C)(c1ccccc1)c1ccc(Cl)cc1,0,YNNUSGIPVFPVBX-UHFFFAOYSA-N,,0,0,0,0,0,0,0,0,0,0,75,0
27350.0,CC(=O)OC1CC2CCC3C(CCC4(C)C3CC([N+]3(C)CCCCC3)C4OC(C)=O)C2(C)CC1[N+]1(C)CCCCC1.[Br-].[Br-],0,GVEAYVLWDAFXET-UHFFFAOYSA-N,,0,0,0,0,0,0,0,0,0,0,4,4
28486.0,[Li+],0,HBBGRARXTFLTSG-UHFFFAOYSA-N,Lithium,555,23,9,0,0,0,0,0,0,0,567,23
28858.0,O=C(O)Cc1csc(-c2ccc(Cl)cc2)n1,1,APBSKHYXXKHJFK-UHFFFAOYSA-N,Fenclozic acid; Fenclazic acid; fenclozic acid,80,25,0,0,1,0,1,1,0,1,80,25
29321.0,CC(=O)Oc1ccc(C2(c3ccc(OC(C)=O)cc3)C(=O)N(C(C)=O)c3ccccc32)cc1,1,JPGUEMQIAGJQSJ-UHFFFAOYSA-N,Triacetyldiphenolisatin; Triacetyl-diphenisatin; Diacetoxydiphenolisatin; Phenisatin,7,7,0,0,1,0,1,1,0,1,7,7
29327.0,CN(N=O)C(=O)NC1C(O)OC(CO)C(O)C1O,1,ZSJLQEPLLKMAKR-UHFFFAOYSA-N,,0,0,0,0,0,0,0,0,0,0,871,50
30322.0,CC1OC(OC2C(O)CC(OC3C(O)CC(OC4CCC5(C)C(CCC6C5CC(O)C5(C)C(C7=CC(=O)OC7)CCC65O)C4)OC3C)OC2C)CC(O)C1O,0,LTMHDMANZUZIPE-UHFFFAOYSA-N,,0,0,0,0,0,0,0,0,0,0,250,9
30951.0,C=CCOc1ccc(CC(=O)O)cc1Cl,1,ARHWPKZXBHOEEE-UHFFFAOYSA-N,Alclofenac,20,4,0,0,0,0,0,0,0,0,20,4
31378.0,CC12CCC(=O)C=C1CCC1C3CCC(O)(C(=O)CO)C3(C)CC(O)C12F,0,AAXVEMMRQDVLJB-UHFFFAOYSA-N,,0,0,0,0,0,0,0,0,0,0,0,0
31401.0,CC(CCC(=O)O)C1CCC2C3C(O)CC4CC(O)CCC4(C)C3CCC12C,0,RUDATBOHQWOJDD-UHFFFAOYSA-N,,0,0,0,0,0,0,0,0,0,0,13214,437
32756.0,CC(=O)NC1C(O)OC(CO)C(OS(=O)(=O)[O-])C1OC1OC(C(=O)[O-])C(O)C(O)C1O,1,AVJBPWGFOQAPRH-UHFFFAOYSA-N,,0,0,0,0,0,0,0,0,0,0,4,0
33176.0,COc1ccc2c(C(=O)c3ccc(Cl)cc3)c(C)n(CC(=O)O)c2c1,1,DGMZLCLHHVYDIS-UHFFFAOYSA-N,Clometacin; clometacin; Clomethacin; Clometacine,66,61,0,0,4,0,4,1,0,1,66,61
34359.0,CC(Cc1ccc(O)c(O)c1)(NN)C(=O)O,0,TZFNLOMSOLWIDK-UHFFFAOYSA-N,,0,0,0,0,0,0,0,0,0,0,13,3
34633.0,CCOC(=O)Nc1ccc2c(c1)N(C(=O)CCN1CCOCC1)c1ccccc1S2,1,FUBVWMNBEHXPSU-UHFFFAOYSA-N,Moricizine,2,2,0,0,0,0,0,0,0,0,2,2
35370.0,Cc1cn(C2CC(N=[N+]=[N-])C(CO)O2)c(=O)[nH]c1=O,1,HBOMLICNUCNMMY-UHFFFAOYSA-N,,0,0,0,0,0,0,0,0,0,0,1788,497
35935.0,CC(C(=O)O)c1ccc(N2CC=CC2)c(Cl)c1,1,PIDSZXPFGCURGN-UHFFFAOYSA-N,Pirprofen; pirprofen,70,50,0,0,1,0,1,0,0,0,70,50
36314.0,CC(=O)OC1C(=O)C2(C)C(O)CC3OCC3(OC(C)=O)C2C(OC(=O)c2ccccc2)C2(O)CC(OC(=O)C(O)C(NC(=O)c3ccccc3)c3ccccc3)C(C)=C1C2(C)C,1,RCINICONZNJXQF-UHFFFAOYSA-N,,0,0,0,0,0,0,0,0,0,0,2051,154
36462.0,COc1cc(C2c3cc4c(cc3C(OC3OC5COC(C)OC5C(O)C3O)C3COC(=O)C23)OCO4)cc(OC)c1O,1,VJJPUSNTGOMMGY-UHFFFAOYSA-N,,0,0,0,0,0,0,0,0,0,0,1330,161
36811.0,CC(CCc1ccc(O)cc1)NCCc1ccc(O)c(O)c1,0,JRWZLRBJNMZMFE-UHFFFAOYSA-N,,48,0,0,0,0,0,0,0,0,0,48,0
37464.0,CC(C)(C)NCC(O)COc1ccccc1C1CCCC1,0,KQXKVJAGOJTNJS-UHFFFAOYSA-N,,0,0,0,0,0,0,0,0,0,0,0,0
37768.0,NCCC(O)C(=O)NC1CC(N)C(OC2OC(CN)C(O)C(O)C2O)C(O)C1OC1OC(CO)C(O)C(N)C1O,0,LKCWBDHBTVXHDL-UHFFFAOYSA-N,,0,0,0,0,0,0,0,0,0,0,70,19
38409.0,O=C(O)COc1ccc(C(=O)c2cccs2)c(Cl)c1Cl,1,AGHANLSBXUWXTB-UHFFFAOYSA-N,Tienilic acid; Ticrynafen; tienilic acid; ticrynafen; Tienilic Acid,779,466,1,0,2,0,2,1,0,1,779,466
39042.0,CC(C)(Oc1ccc(CCNC(=O)c2ccc(Cl)cc2)cc1)C(=O)O,0,IIBYAHWJQTYFKB-UHFFFAOYSA-N,Bezafibrate; bezafibrate,1232,52,10,1,2,1,1,1,0,1,1232,52
39147.0,CC(C)(C)NCC(O)COc1cccc2c1CC(O)C(O)C2,0,VWPOSFSPZNDTMJ-UHFFFAOYSA-N,,0,0,0,0,0,0,0,0,0,0,13,2
39186.0,COc1ccc(C2Sc3ccccc3N(CCN(C)C)C(=O)C2OC(C)=O)cc1,1,HSUGRBWQSSZJOP-UHFFFAOYSA-N,,0,0,0,0,0,0,0,0,0,0,409,70
39941.0,CC(C(=O)O)c1ccc2oc(-c3ccc(Cl)cc3)nc2c1,1,MITFXPHMIHQXPI-UHFFFAOYSA-N,Benoxaprofen; benoxaprofen; Opren,311,263,0,0,1,0,1,1,0,1,311,263
40326.0,CC1(C)C(C=C(Cl)Cl)C1C(=O)OCc1cccc(Oc2ccccc2)c1,0,RLLPVAHGXHCWKJ-UHFFFAOYSA-N,Permethrin,204,1,0,0,0,0,0,0,0,0,214,1
40399.0,O=C(c1cc(O)c(O)c(O)c1)c1ccc(O)c(O)c1O,1,XEDWWPGWIXPVRQ-UHFFFAOYSA-N,Exifone; exifone,11,9,0,0,0,0,0,0,0,0,11,9
40926.0,OCC1OC(n2cnc3c2NC=NCC3O)CC1O,1,FPVKHBSQESCIEP-UHFFFAOYSA-N,,0,0,0,0,0,0,0,0,0,0,36,34
41867.0,COc1cccc2c1C(=O)c1c(O)c3c(c(O)c1C2=O)CC(O)(C(=O)CO)CC3OC1CC(N)C(O)C(C)O1,1,AOJJSUZBOXZQNB-UHFFFAOYSA-N,,1,0,0,0,0,0,0,0,0,0,10201,481
43708.0,CN(C)CCn1nnnc1SCC1=C(C(=O)O)N2C(=O)C(NC(=O)Cc3csc(N)n3)C2SC1,1,QYQDKDWGWDOFFU-UHFFFAOYSA-N,,0,0,0,0,0,0,0,0,0,0,20,4
47576.0,CC(=O)N1CCN(c2ccc(OCC3COC(Cn4ccnc4)(c4ccc(Cl)cc4Cl)O3)cc2)CC1,1,XMAYWYJOQHXEEK-UHFFFAOYSA-N,Ketoconazole; ketoconazole; Ketoconazole (Nizoral); Nizoral; NIZORAL,2410,1632,49,0,0,0,0,0,0,0,2435,1650
50599.0,O=c1nc[nH]c2c1ncn2C1CCC(CO)O1,1,BXZVVICBKDXVGW-UHFFFAOYSA-N,,0,0,0,0,0,0,0,0,0,0,1033,725
53232.0,CCC(C)C(=O)OC1CC(C)C=C2C=CC(C)C(CCC3CC(O)CC(=O)O3)C21,0,PCZOHLXUXFIOCF-UHFFFAOYSA-N,,0,0,0,0,0,0,0,0,0,0,1061,304
53359.0,COc1ccc2c(C(=S)N(C)CC(=O)O)cccc2c1C(F)(F)F,1,LUBHDINQXIHVLS-UHFFFAOYSA-N,Tolrestat,25,22,0,0,1,0,1,1,0,1,25,22
54454.0,CCC(C)(C)C(=O)OC1CC(C)C=C2C=CC(C)C(CCC3CC(O)CC(=O)O3)C21,0,RYMZZMVNJRMUDD-UHFFFAOYSA-N,,0,0,0,0,0,0,0,0,0,0,2767,553
54766.0,CN(C)C(=O)Oc1cc(OC(=O)N(C)C)cc(C(O)CNC(C)(C)C)c1,0,ANZXOIAKUNOVQU-UHFFFAOYSA-N,Bambuterol,2,1,1,0,0,0,0,0,0,0,2,1
54892.0,CCOC(=O)C(CCc1ccccc1)NC(C)C(=O)N1Cc2ccccc2CC1C(=O)O,1,JSDRRTOADPPCHY-UHFFFAOYSA-N,,0,0,0,0,0,0,0,0,0,0,22,2
55185.0,CCC1OC(=O)C(C)C(OC2CC(C)(OC)C(O)C(C)O2)C(C)C(OC2OC(C)CC(N(C)C)C2O)C(C)(O)CC(C)CN(C)C(C)C(O)C1(C)O,0,MQTOSJVFKKJCRP-UHFFFAOYSA-N,,0,0,0,0,0,0,0,0,0,0,730,392
55283.0,CCC(C)n1ncn(-c2ccc(N3CCN(c4ccc(OCC5COC(Cn6cncn6)(c6ccc(Cl)cc6Cl)O5)cc4)CC3)cc2)c1=O,1,VHVPQPYKVGDNFY-UHFFFAOYSA-N,Itraconazole,3,3,0,0,0,0,0,0,0,0,980,733
56069.0,CC(O)(CS(=O)(=O)c1ccc(F)cc1)C(=O)Nc1ccc(C#N)c(C(F)(F)F)c1,1,LKJPYSCBVHEWIU-UHFFFAOYSA-N,Bicalutamide; bicalutamide,222,133,30,1,5,0,5,1,0,1,227,134
57363.0,CC(C)(C)NC(=O)C1CCC2C3CCC4NC(=O)C=CC4(C)C3CCC12C,0,DBEPLOCGEIEOCV-UHFFFAOYSA-N,,0,0,0,0,0,0,0,0,0,0,82,18
59768.0,COC(=O)CCc1ccc(OCC(O)CNC(C)C)cc1,0,AQNDDEOPVVGCPG-UHFFFAOYSA-N,Esmolol,13,1,0,0,0,0,0,0,0,0,13,1
60021.0,CC1CN(c2cc3c(cc2F)c(=O)c(C(=O)O)cn3-c2ccc(F)cc2F)CCN1,1,QKDHBVNJCZBTMR-UHFFFAOYSA-N,Temafloxacin; temafloxacin,53,53,0,0,1,0,1,1,0,1,53,53
60168.0,COc1cc(CC2c3c(cc(OC)c(OC)c3OC)CC[N+]2(C)CCCOC(=O)CCC(=O)OCCC[N+]2(C)CCc3cc(OC)c(OC)c(OC)c3C2Cc2cc(OC)c(OC)c(OC)c2)cc(OC)c1OC.[Cl-].[Cl-],0,GBLRQXKSCRCLBZ-UHFFFAOYSA-N,,0,0,0,0,0,0,0,0,0,0,0,0
60172.0,Nc1ncnc2c1ncn2CCOCP(=O)(O)O,1,SUPKOOSCJHTBAH-UHFFFAOYSA-N,Adefovir; adefovir,69,14,7,0,0,0,0,0,0,0,69,14
60198.0,C=C1CC2C(CCC3(C)C(=O)CCC23)C2(C)C=CC(=O)C=C12,1,BFYIZQONLCFLEV-UHFFFAOYSA-N,,0,0,0,0,0,0,0,0,0,0,132,17
60490.0,CC(c1cc2ccccc2s1)N(O)C(N)=O,1,MWLSOWXNZPKENC-UHFFFAOYSA-N,Zileuton; zileuton,329,176,2,0,2,0,2,1,0,1,332,176
60663.0,COCC(=O)OC1(CCN(C)CCCc2nc3ccccc3[nH]2)CCc2cc(F)ccc2C1C(C)C,0,HBNPJJILLOYFJU-UHFFFAOYSA-N,,0,0,0,0,0,0,0,0,0,0,71,4
60700.0,CCC1(O)C(=O)OCc2c1cc1n(c2=O)Cc2cc3c(CN(C)C)c(O)ccc3nc2-1,0,UCFGDBYHRUNTLO-UHFFFAOYSA-N,,0,0,0,0,0,0,0,0,0,0,140,26
60714.0,CC(O)CN1CCN(CC(=O)[O-])CCN(CC(=O)[O-])CCN(CC(=O)[O-])CC1.[Gd+3],0,IQUHNCOJRJBMSU-UHFFFAOYSA-N,,5,0,0,0,0,0,0,0,0,0,5,0
60726.0,Nc1c(CC(=O)O)cccc1C(=O)c1ccc(Br)cc1,1,ZBPLOVFIXSTCRZ-UHFFFAOYSA-N,Bromfenac; bromfenac; Bromfenac sodium; Bromfenac Sodium; Bromfenac sodium hydrate,373,328,8,0,4,0,4,1,0,1,373,328
60753.0,CCCCCCCN(CC)CCCC(O)c1ccc(NS(C)(=O)=O)cc1,0,ALOBUEHUHMBRLE-UHFFFAOYSA-N,,0,0,0,0,0,0,0,0,0,0,0,0
60774.0,Cc1ccc(O)c(C(CCN(C(C)C)C(C)C)c2ccccc2)c1,0,OOGJQPCLVADCPB-UHFFFAOYSA-N,,0,0,0,0,0,0,0,0,0,0,8,6
60787.0,CC(C)(C)NC(=O)C1CC2CCCCC2CN1CC(O)C(Cc1ccccc1)NC(=O)C(CC(N)=O)NC(=O)c1ccc2ccccc2n1,1,QWAXKHKRTORLEM-UHFFFAOYSA-N,,0,0,0,0,0,0,0,0,0,0,265,136
60823.0,CC(C)c1c(C(=O)Nc2ccccc2)c(-c2ccccc2)c(-c2ccc(F)cc2)n1CCC(O)CC(O)CC(=O)O,1,XUKUURHRXDUEBC-UHFFFAOYSA-N,,0,0,0,0,0,0,0,0,0,0,2660,805
60825.0,Nc1ccn(C2CSC(CO)O2)c(=O)n1,1,JTEGQNOMFQHVDC-UHFFFAOYSA-N,,0,0,0,0,0,0,0,0,0,0,509,221
60835.0,CNCCC(Oc1cccc2ccccc12)c1cccs1,1,ZEUITGRIYCTCEM-UHFFFAOYSA-N,,0,0,0,0,0,0,0,0,0,0,395,288
60877.0,Nc1nc(=O)n(C2CSC(CO)O2)cc1F,1,XQSPYNMVSIKCOC-UHFFFAOYSA-N,,0,0,0,0,0,0,0,0,0,0,150,55
60919.0,Cc1nc(C)c2c(n1)N(Cc1ccc(-c3ccccc3-c3nn[nH]n3)cc1)C(=O)CC2,1,ADXGNEYLLLSOAR-UHFFFAOYSA-N,Tasosartan; tasosartan,11,11,0,0,0,0,0,0,0,0,11,11
60953.0,CCCCCOC(=O)Nc1nc(=O)n(C2OC(C)C(O)C2O)cc1F,1,GAGWJHPBXLXJQN-UHFFFAOYSA-N,,0,0,0,0,0,0,0,0,0,0,127,76
62959.0,NC1C2CN(c3nc4c(cc3F)c(=O)c(C(=O)O)cn4-c3ccc(F)cc3F)CC12,1,WVPSKSLAZQPAKQ-UHFFFAOYSA-N,,0,0,0,0,0,0,0,0,0,0,1025,569
65140.0,Nc1nc(NC2CC2)c2ncn(C3C=CC(CO)C3)c2n1,1,MCGSCOLBFJQGHM-UHFFFAOYSA-N,,0,0,0,0,0,0,0,0,0,0,345,233
65492.0,CC(O)C(=O)Nc1c(I)c(C(=O)NC(CO)CO)c(I)c(C(=O)NC(CO)CO)c1I,0,XQZXYNRDCRIARQ-UHFFFAOYSA-N,,0,0,0,0,0,0,0,0,0,0,19,7
65592.0,Cc1cc(Br)c(O)c2ncccc12,1,JMOVFFLYGIQXMM-UHFFFAOYSA-N,Tilbroquinol,1,1,0,0,0,0,0,0,0,0,1,1
65679.0,CN1c2c(oc(=O)n(-c3ccccn3)c2=O)-c2ccccc2S1(=O)=O,1,OEHFRZLKGRKFAS-UHFFFAOYSA-N,Droxicam; droxicam,24,24,0,0,0,0,0,0,0,0,24,24
65869.0,NC(N)=Nc1nc(CSCCN=CNS(=O)(=O)c2ccc(Br)cc2)cs1,1,ZQHFZHPUZXNPMF-UHFFFAOYSA-N,Ebrotidine; ebrotidine; Benoxaprofen,59,59,0,0,1,0,1,1,0,1,59,59
67425.0,CCN(CC)CCOc1cccc(OCCN(CC)CC)c1OCCN(CC)CC,0,ICLWTJIMXVISSR-UHFFFAOYSA-N,,0,0,0,0,0,0,0,0,0,0,0,0
68617.0,CNC1CCC(c2ccc(Cl)c(Cl)c2)c2ccccc21,0,VGKDLMBJGBXTGI-UHFFFAOYSA-N,,0,0,0,0,0,0,0,0,0,0,592,169
68870.0,CN1c2ccccc2C(NCCCCCCC(=O)O)c2ccc(Cl)cc2S1(=O)=O,1,JICJBGPOMZQUBB-UHFFFAOYSA-N,Tianeptine; Tianeprine,224,65,9,0,1,0,1,1,0,1,224,65
71900.0,Cc1nc([N+](=O)[O-])cn1-c1ccc([N+](=O)[O-])cc1,1,NMTBSNPBIGRZBL-UHFFFAOYSA-N,,0,0,0,0,0,0,0,0,0,0,0,0
72474.0,Cc1c(F)c(N2CCNC(C)C2)cc2c1c(=O)c(C(=O)O)cn2C1CC1,1,AIJTTZAVMXIJGM-UHFFFAOYSA-N,Grepafloxacin,16,8,1,0,0,0,0,0,0,0,16,8
77999.0,CN(CCOc1ccc(CC2SC(=O)NC2=O)cc1)c1ccccn1,1,YASAKCUCGLMORW-UHFFFAOYSA-N,Rosiglitazone; rosiglitazone; Avandamet; Pioglitazone,834,209,61,3,5,2,3,2,1,1,3077,762
82146.0,C=C(c1ccc(C(=O)O)cc1)c1cc2c(cc1C)C(C)(C)CCC2(C)C,1,NAVMQTYZDKMPEU-UHFFFAOYSA-N,Bexarotene,121,5,1,0,0,0,0,0,0,0,121,5
84029.0,CCC1OC(=O)C(C)C(OC2CC(C)(OC)C(O)C(C)O2)C(C)C(OC2OC(C)CC(N(C)C)C2O)C(C)(OC)CC(C)C(=O)C(C)C(O)C1(C)O,1,AGOYDEPGAOXOCK-UHFFFAOYSA-N,,0,0,0,0,0,0,0,0,0,0,883,246
93860.0,CC(C)CC(NC(=O)C(Cc1ccccc1)NC(=O)c1cnccn1)B(O)O,1,GXJABQQUPOEUTA-UHFFFAOYSA-N,,0,0,0,0,0,0,0,0,0,0,1362,69
104865.0,COc1ccccc1Oc1c(NS(=O)(=O)c2ccc(C(C)(C)C)cc2)nc(-c2ncccn2)nc1OCCO,1,GJPICJJJRGTNOD-UHFFFAOYSA-N,Bosentan; bosentan,1804,963,32,3,12,3,9,2,0,2,1804,963
114965.0,CCC1(c2ccccc2)C(=O)NC(=O)NC1=O.CCCCOCC(CN1C(=O)N(CC(COCCCC)OC(N)=O)C(=O)C(CC)(c2ccccc2)C1=O)OC(N)=O.CCCCOCC(CN1C(=O)NC(=O)C(CC)(c2ccccc2)C1=O)OC(N)=O,1,GJJRIOLBUILIGK-UHFFFAOYSA-N,Tetrabamate; Difebarbamate,2,2,1,0,0,0,0,0,0,0,2,2
123620.0,CC1CC2C3CCC4=CC(=O)C=CC4(C)C3(Cl)C(O)CC2(C)C1(O)C(=O)CCl,0,QLIIKPVHVRXHRI-UHFFFAOYSA-N,,0,0,0,0,0,0,0,0,0,0,0,0
126941.0,CN(Cc1cnc2nc(N)nc(N)c2n1)c1ccc(C(=O)NC(CCC(=O)O)C(=O)O)cc1,1,FBOZXECLQNJBKD-UHFFFAOYSA-N,Methotrexate,1,1,0,0,0,0,0,0,0,0,9267,7402
146570.0,CN(C)CCCC1(c2ccc(F)cc2)OCc2cc(C#N)ccc21,0,WSEQXVZVJXJVFP-UHFFFAOYSA-N,Citalopram; citalopram,215,90,5,0,1,0,1,1,0,1,299,142
148124.0,CC(=O)OC12COC1CC(O)C1(C)C(=O)C(O)C3=C(C)C(OC(=O)C(O)C(NC(=O)OC(C)(C)C)c4ccccc4)CC(O)(C(OC(=O)c4ccccc4)C21)C3(C)C,1,ZDZOTLJHXYCWBA-UHFFFAOYSA-N,,0,0,0,0,0,0,0,0,0,0,774,120
149096.0,CC1COc2c(N3CCN(C)CC3)c(F)cc3c(=O)c(C(=O)O)cn1c23,1,GSDSWSVVBLHKDQ-UHFFFAOYSA-N,Ofloxacin; ofloxacin; Levofloxacin,267,77,17,0,1,0,1,1,0,1,825,383
149351.0,CCCCCC(O)C=CC1C(O)CC(=O)C1CCCCCCC(=O)O,0,GMVPRGQOIOIIMI-UHFFFAOYSA-N,,0,0,0,0,0,0,0,0,0,0,876,5
151166.0,Cc1ccc(Nc2c(F)cccc2Cl)c(CC(=O)O)c1,1,KHPKQFYUPIUARC-UHFFFAOYSA-N,Lumiracoxib; lumiracoxib; Lumaricoxib,424,359,1,0,3,0,3,1,0,1,424,359
152946.0,COc1c(N2CC3CCCNC3C2)c(F)cc2c(=O)c(C(=O)O)cn(C3CC3)c12,1,FABPRXSRWADJSP-UHFFFAOYSA-N,,0,0,0,0,0,0,0,0,0,0,434,267
153270.0,CCOC1OC(=O)CC1NC(=O)C1CCCN2C(=O)CCC(NC(=O)c3nccc4ccccc34)C(=O)N12,1,CXAGHAZMQSCAKJ-UHFFFAOYSA-N,,0,0,0,0,0,0,0,0,0,0,22,22
153941.0,C=C1C(CO)C(O)CC1n1cnc2c(=O)nc(N)[nH]c21,1,QDGZDCVAUDNJFG-UHFFFAOYSA-N,,0,0,0,0,0,0,0,0,0,0,214,35
165580.0,NCC1OC(OC2C(CO)OC(OC3C(O)C(N)CC(N)C3OC3OC(CO)C(O)C(O)C3N)C2O)C(N)C(O)C1O,0,UOZODPSAJZTQNH-UHFFFAOYSA-N,,0,0,0,0,0,0,0,0,0,0,146,22
171548.0,O=C(O)CCCCC1SCC2NC(=O)NC21,0,YBJHBAHKTGYVGT-UHFFFAOYSA-N,,0,0,0,0,0,0,0,0,0,0,140,0
174174.0,CN1C2CCC1CC(OC(=O)C(CO)c1ccccc1)C2,0,RKUNBYITZUJHSG-UHFFFAOYSA-N,,0,0,0,0,0,0,0,0,0,0,127,3
197712.0,COC(c1ccccc1)(c1ccccc1)C(Oc1nc(C)cc(C)n1)C(=O)O,1,OUJTZYPIHDYQMC-UHFFFAOYSA-N,,0,0,0,0,0,0,0,0,0,0,340,218
202225.0,COC1CC(OC2C(C)C(=O)OC(C)C(C)C(OC(C)=O)C(C)C(=O)C3(CO3)CC(C)C(OC3OC(C)CC(N(C)C)C3OC(C)=O)C2C)OC(C)C1OC(C)=O,1,LQCLVBQBTUVCEQ-UHFFFAOYSA-N,,0,0,0,0,0,0,0,0,0,0,266,126
208908.0,CS(=O)(=O)CCNCc1ccc(-c2ccc3ncnc(Nc4ccc(OCc5cccc(F)c5)c(Cl)c4)c3c2)o1,1,BCFGMOOMADDAQU-UHFFFAOYSA-N,Lapatinib; lapatinib; Lapatanib,970,419,4,0,2,0,2,1,0,1,970,419
213039.0,CC(C)CN(CC(O)C(Cc1ccccc1)NC(=O)OC1COC2OCCC12)S(=O)(=O)c1ccc(N)cc1,1,CJBJHOAVZSMMDJ-UHFFFAOYSA-N,,0,0,0,0,0,0,0,0,0,0,134,80
239062.0,CCOC(Nc1ccc(C(=O)O)cc1)C(=O)c1ccc(-c2ccccc2)cc1,1,BPOMPTVRBWXZBY-UHFFFAOYSA-N,Xanalamine,1,1,0,0,0,0,0,0,0,0,1,1
255968.0,CCc1oc2ccccc2c1C(=O)c1ccc(O)cc1,1,RFRXIWQYSOIBDI-UHFFFAOYSA-N,Benzarone; benzarone; Benazarone,36,17,0,0,1,0,1,1,0,1,36,17
294641.0,NC(C(=O)O)C1CC(Cl)=NO1,0,QAWIHIJWNYOLBE-UHFFFAOYSA-N,,1,0,0,0,0,0,0,0,0,0,147,2
392622.0,CC(C)c1nc(CN(C)C(=O)NC(C(=O)NC(Cc2ccccc2)CC(O)C(Cc2ccccc2)NC(=O)OCc2cncs2)C(C)C)cs1,1,NCDNCNXCDXHOMX-UHFFFAOYSA-N,,0,0,0,0,0,0,0,0,0,0,1811,1024
439260.0,NCC(O)c1ccc(O)c(O)c1,0,SFLSHLFXELFNJZ-UHFFFAOYSA-N,,1,0,0,0,0,0,0,0,0,0,967,5
439302.0,CCC(C)C1NC(=O)C(Cc2ccc(O)cc2)NC(=O)C(N)CSSCC(C(=O)N2CCCC2C(=O)NC(CC(C)C)C(=O)NCC(N)=O)NC(=O)C(CC(N)=O)NC(=O)C(CCC(N)=O)NC1=O,0,XNOPRXBHLZRZKH-UHFFFAOYSA-N,,0,0,0,0,0,0,0,0,0,0,50,0
441140.0,COC1=CC(=O)CC(C)C12Oc1c(Cl)c(OC)cc(OC)c1C2=O,1,DDUHZTYCFQRHIY-UHFFFAOYSA-N,,0,0,0,0,0,0,0,0,0,0,191,115
441184.0,CC1OC(OC2C(CO)OC(OC3C(CO)OC(O)C(O)C3O)C(O)C2O)C(O)C(O)C1NC1C=C(CO)C(O)C(O)C1O,1,XUFXOAAUWZOOIT-UHFFFAOYSA-N,,0,0,0,0,0,0,0,0,0,0,1,1
441199.0,COC1(NC(=O)Cc2cccs2)C(=O)N2C(C(=O)O)=C(COC(N)=O)CSC21,1,WZOZEZRFJCJXNZ-UHFFFAOYSA-N,,0,0,0,0,0,0,0,0,0,0,32,23
441233.0,NC1CC1c1ccccc1,0,AELCINSCMGFISI-UHFFFAOYSA-N,Tranylcypromine; tranylcypromine,65,28,9,0,0,0,0,0,0,0,83,28
441278.0,CC(C)=CCN1CCC2(C)c3cc(O)ccc3CC1C2C,0,VOKSWYLNZZRQPF-UHFFFAOYSA-N,Pentazocine,32,3,1,0,0,0,0,0,0,0,32,3
441281.0,C[NH+](C)CCOC(c1ccccc1)c1ccccc1.Cn1c2nc(Cl)nc-2c([O-])n(C)c1=O,0,ZZVUWRFHKOJYTH-UHFFFAOYSA-N,Diphenhydramine; Dimenhydrinate; diphenhydramine (DPH),49,15,6,0,1,0,1,0,0,0,49,15
441290.0,C=CC[N+]1(C2CC3C4CCC5CC(O)C(N6CCOCC6)CC5(C)C4CCC3(C)C2OC(C)=O)CCCC1,0,YXRDKMPIGHSVRX-UHFFFAOYSA-N,,0,0,0,0,0,0,0,0,0,0,13,0
441350.0,CC(N)(Cc1ccc(O)cc1)C(=O)O,0,NHTGHBARYWONDQ-UHFFFAOYSA-N,,1,0,0,0,0,0,0,0,0,0,15,0
443884.0,CC(CO)NC(=O)C1C=C2c3cccc4[nH]cc(c34)CC2N(C)C1,0,WVVSZNPYNCNODU-UHFFFAOYSA-N,,0,0,0,0,0,0,0,0,0,0,0,0
444013.0,COCCNC(=O)CN(CCN(CCN(CC(=O)[O-])CC(=O)NCCOC)CC(=O)[O-])CC(=O)[O-].[Gd+3],0,AXFGWXLCWCNPHP-UHFFFAOYSA-N,,1,0,0,0,0,0,0,0,0,0,1,0
445354.0,CC(C=CC1=C(C)CCCC1(C)C)=CC=CC(C)=CCO,0,FPIPGXGPPPQFEQ-UHFFFAOYSA-N,,0,0,0,0,0,0,0,0,0,0,1137,401
456255.0,Cn1nnnc1SCC1=C(C(=O)O)N2C(=O)C(NC(=O)C(O)c3ccccc3)C2SC1,1,OLVCFLKTBJRLHI-UHFFFAOYSA-N,,0,0,0,0,0,0,0,0,0,0,21,9
464205.0,CC(Cn1cnc2c(N)ncnc21)OCP(=O)(O)O,1,SGOIRFVFHAKUTI-UHFFFAOYSA-N,,0,0,0,0,0,0,0,0,0,0,226,73
656511.0,CC1(C)SC2C(NC(=O)C(NC(=O)N3CCN(S(C)(=O)=O)C3=O)c3ccccc3)C(=O)N2C1C(=O)O,1,YPBATNHYBCGSSN-UHFFFAOYSA-N,,0,0,0,0,0,0,0,0,0,0,16,14
657298.0,CCCc1cc(=O)[nH]c(=S)[nH]1,1,KNAHARQHSZJURB-UHFFFAOYSA-N,Propylthiouracil; propylthiouracil; Propylthiouracil (PTU); 6-n-propyl-2-thiouracil; 6-Propylthiouracil,1220,1097,18,0,28,0,28,2,0,2,1220,1097
667490.0,S=c1nc[nH]c2nc[nH]c12,1,GLVAUDGFNGKCSF-UHFFFAOYSA-N,6-Mercaptopurine; 6-mercaptopurine; Mercaptopurine; mercaptopurine; 6-Mercaptopurine (6-MP),1660,1464,35,1,25,1,24,2,0,2,1660,1464
708857.0,CN1CCCN=C1C=Cc1cccs1,0,YSAUAVHXTIETRK-UHFFFAOYSA-N,,0,0,0,0,0,0,0,0,0,0,0,0
941651.0,CN1CCN(CCC=C2c3ccccc3Sc3ccc(S(=O)(=O)N(C)C)cc32)CC1,1,GFBKORZTTCHDGY-UHFFFAOYSA-N,,0,0,0,0,0,0,0,0,0,0,7,3
1349907.0,Cn1cc[nH]c1=S,1,PMRYVIKBURPHAH-UHFFFAOYSA-N,"Methimazole; methimazole; Thiamazole; Tiamazole; Thiamazole (methimazole, MMI)",1002,652,22,0,12,0,12,1,0,1,1002,652
1548943.0,COc1cc(CNC(=O)CCCCC=CC(C)C)ccc1O,0,YKPUWZUDDOIDPM-UHFFFAOYSA-N,,39,0,0,0,0,0,0,0,0,0,1754,4
1548972.0,CC(C)n1c(C=CC(O)CC(O)CC(=O)O)c(-c2ccc(F)cc2)c2ccccc21,0,FJLGEFLZQAZZCD-UHFFFAOYSA-N,,0,0,0,0,0,0,0,0,0,0,624,185
2723601.0,Nc1nc(=S)c2[nH]cnc2[nH]1,1,WYWHKKSPHMUBEB-UHFFFAOYSA-N,6-Thioguanine; Thioguanine; 6-thioguanine; thioguanine; Tioguanine,1504,880,61,3,23,3,20,2,0,2,1504,880
2733526.0,CCC(=C(c1ccccc1)c1ccc(OCCN(C)C)cc1)c1ccccc1,1,NKANXQFJJICGDU-UHFFFAOYSA-N,,2,0,0,0,0,0,0,0,0,0,2818,691
3000502.0,CC1NC(=O)C(N)CNC(=O)C(C2CCN=C(N)N2)NC(=O)C(=CNC(N)=O)NC(=O)C(CNC(=O)CC(N)CCCN)NC1=O.NCCCC(N)CC(=O)NCC1NC(=O)C(CO)NC(=O)C(N)CNC(=O)C(C2CCN=C(N)N2)NC(=O)C(=CNC(N)=O)NC1=O,0,JNIIDKODPGHQSS-UHFFFAOYSA-N,,0,0,0,0,0,0,0,0,0,0,12,9
3001322.0,CCCCN1C(=O)C(C(O)C2CCCCC2)NC(=O)C12CCN(Cc1ccc(Oc3ccc(C(=O)O)cc3)cc1)CC2,1,GWNOTCOIYUNTQP-UHFFFAOYSA-N,,0,0,0,0,0,0,0,0,0,0,125,125
3033952.0,CN(C)Cc1ccc(CSCCNC(=C[N+](=O)[O-])NCc2ccc3c(c2)OCO3)o1,1,HXRSXEDVVARPHP-UHFFFAOYSA-N,Niperotidine; niperotidine,5,5,0,0,1,0,1,1,0,1,5,5
3034010.0,CCCCCCCCCCCC(CC1OC(=O)C1CCCCCC)OC(=O)C(CC(C)C)NC=O,1,AHLBNYSZXLDEJQ-UHFFFAOYSA-N,,0,0,0,0,0,0,0,0,0,0,317,136
3083544.0,COc1ccc(CC(C)NCC(O)c2ccc(O)c(NC=O)c2)cc1,0,BPZSYCZIITTYBL-UHFFFAOYSA-N,Formoterol,67,1,0,0,0,0,0,0,0,0,67,1
3083714.0,CC(C)CC1NC(=O)C(Cc2ccccc2)NC(=O)C(CCN)NC(=O)C(NC(=O)C(CCN)NC(=O)C(NC(=O)C(CCN)NC(=O)O)C(C)O)CCNC(=O)C(C(C)O)NC(=O)C(CCN)NC(=O)C(CCN)NC1=O,0,WGRSQPZAOZIPGC-UHFFFAOYSA-N,,0,0,0,0,0,0,0,0,0,0,0,0
4659569.0,Cc1ccc(C(=O)c2cc(O)c(O)c([N+](=O)[O-])c2)cc1,1,MIQPIUSUKVNLNT-UHFFFAOYSA-N,Tolcapone; tolcapone; Talcapone; talcapone,1000,618,8,0,4,0,4,1,0,1,1000,618
5280360.0,CCCCCC(O)C=CC1C(O)CC(=O)C1CC=CCCCC(=O)O,0,XEYBRNLFEZDVAW-UHFFFAOYSA-N,,0,0,0,0,0,0,0,0,0,0,1041,0
5280452.0,CN1C(=C(O)Nc2ccccn2)C(=O)c2ccccc2S1(=O)=O,1,LDJVNWFKNMYYNT-UHFFFAOYSA-N,,0,0,0,0,0,0,0,0,0,0,0,0
5280793.0,C=C1CCC(O)CC1=CC=C1CCCC2(C)C1CCC2C(C)C=CC(C)C(C)C,0,MECHNRXZTMCUDQ-UHFFFAOYSA-N,,0,0,0,0,0,0,0,0,0,0,204,1
5281011.0,CC1c2cccc(O)c2C(O)=C2C(=O)C3(O)C(=O)C(=C(N)O)C(=O)C(N(C)C)C3C(O)C21,1,UEVKMCOZLJYVNG-UHFFFAOYSA-N,,0,0,0,0,0,0,0,0,0,0,0,0
5281040.0,CC(C)(O)c1ccccc1CCC(SCC1(CC(=O)O)CC1)c1cccc(C=Cc2ccc3ccc(Cl)cc3n2)c1,0,UCHDWCPVSPXUMX-UHFFFAOYSA-N,,0,0,0,0,0,0,0,0,0,0,400,106
5282443.0,Cc1ccc(C(=CCN2CCCC2)c2ccccn2)cc1,0,CBEQULMOCCWAQT-UHFFFAOYSA-N,,0,0,0,0,0,0,0,0,0,0,5,0
5284371.0,COc1ccc2c3c1OC1C(O)C=CC4C(C2)N(C)CCC341,0,OROGSEYTTFOCAN-UHFFFAOYSA-N,,0,0,0,0,0,0,0,0,0,0,60,25
5284569.0,COc1ccc2c3c1OC1C(=O)CCC4C(C2)N(C)CCC314,0,LLPOLZWFYMWNKH-UHFFFAOYSA-N,,0,0,0,0,0,0,0,0,0,0,41,4
5284570.0,CN1CCC23c4c5ccc(O)c4OC2C(=O)CCC3C1C5,0,WVLOADHCBXTIJK-UHFFFAOYSA-N,,0,0,0,0,0,0,0,0,0,0,20,3
5284594.0,C=C1CCC2(O)C3Cc4ccc(O)c5c4C2(CCN3CC2CC2)C1O5,0,WJBLNOPPDWQMCH-UHFFFAOYSA-N,,0,0,0,0,0,0,0,0,0,0,75,69
5284603.0,COc1ccc2c3c1OC1C(=O)CCC4(O)C(C2)N(C)CCC314,0,BRUQQQPBMZOVGD-UHFFFAOYSA-N,,0,0,0,0,0,0,0,0,0,0,117,20
5284604.0,CN1CCC23c4c5ccc(O)c4OC2C(=O)CCC3(O)C1C5,0,UQCNKQCJZOAFTQ-UHFFFAOYSA-N,,0,0,0,0,0,0,0,0,0,0,1,0
5288826.0,CN1CCC23c4c5ccc(O)c4OC2C(O)C=CC3C1C5,0,BQJCRHHNABKAKU-UHFFFAOYSA-N,,0,0,0,0,0,0,0,0,0,0,840,38
5329102.0,CCN(CC)CCNC(=O)c1c(C)[nH]c(C=C2C(=O)Nc3ccc(F)cc32)c1C,1,WINHZLLDWRZWRT-UHFFFAOYSA-N,,0,0,0,0,0,0,0,0,0,0,774,264
5351166.0,CN(C)NN=C1N=CN=C1C(N)=O,1,OMJKFYKNWZZKTK-UHFFFAOYSA-N,,0,0,0,0,0,0,0,0,0,0,0,0
5353830.0,O=C1CN(N=Cc2ccc([N+](=O)[O-])o2)C(=O)N1,1,NXFQHRVNIOXGAQ-UHFFFAOYSA-N,Furantoin,2,2,0,0,0,0,0,0,0,0,1500,1098
5353980.0,O=C(O)C1=CC(=NNc2ccc(S(=O)(=O)Nc3ccccn3)cc2)C=CC1=O,1,OQANPHBRHBJGNZ-UHFFFAOYSA-N,,0,0,0,0,0,0,0,0,0,0,0,0
5360696.0,COc1ccc2c(c1)C13CCCCC1C(C2)N(C)CC3,0,MKXZASYAUGDDCJ-UHFFFAOYSA-N,,0,0,0,0,0,0,0,0,0,0,117,4
5361919.0,CON=C(C(=O)NC1C(=O)N2C(C(=O)O)=C(CSc3nc(=O)c(=O)[nH]n3C)CSC12)c1csc(N)n1,1,VAAUVRVFOQPIGI-UHFFFAOYSA-N,,0,0,0,0,0,0,0,0,0,0,232,169
5362124.0,CCOC(=O)C(CCc1ccccc1)NC1CCc2ccccc2N(CC(=O)O)C1=O,1,XPCFTKFZXHTYIP-UHFFFAOYSA-N,,0,0,0,0,0,0,0,0,0,0,14,3
5362440.0,CC(C)(C)NC(=O)C1CN(Cc2cccnc2)CCN1CC(O)CC(Cc1ccccc1)C(=O)NC1c2ccccc2CC1O,1,CBVCZFGXHXORBI-UHFFFAOYSA-N,,0,0,0,0,0,0,0,0,0,0,279,169
5381226.0,COC1C=COC2(C)Oc3c(C)c(O)c4c(c3C2=O)C(=O)C(=CNN2CCN(C)CC2)C(=C4O)NC(=O)C(C)=CC=CC(C)C(O)C(C)C(O)C(C)C(OC(C)=O)C1C,1,FZYOVNIOYYPUPY-UHFFFAOYSA-N,,0,0,0,0,0,0,0,0,0,0,0,0
5462516.0,CCC1OC(=O)C(C)C(=O)C(C)C(OC2OC(C)CC(N(C)C)C2O)C(C)(OC)CC(C)C(=O)C(C)C2N(CCCCn3cnc(-c4cccnc4)c3)C(=O)OC12C,1,LJVAJPDWBABPEJ-UHFFFAOYSA-N,,0,0,0,0,0,0,0,0,0,0,385,323
5480200.0,CON=C(N)c1ccc(-c2ccc(-c3ccc(C(N)=NOC)cc3)o2)cc1,1,UKOQVLAXCBRRGH-UHFFFAOYSA-N,"Pafuramidine; 2,5-bis(4-amidinophenyl)furan bis-O-methyl-amidoxime; pafuramidine; DB289; pafuramidine maleate",16,14,0,0,0,0,0,0,0,0,16,14
5486971.0,CC(C)CC(CN)CC(=O)O,0,AYXYPKUFHZROOJ-UHFFFAOYSA-N,,0,0,0,0,0,0,0,0,0,0,84,53
5488548.0,CC1CN(CC(Cc2ccccc2)C(=O)NCC(=O)O)CCC1(C)c1cccc(O)c1,0,UPNUIXSCZBYVBB-UHFFFAOYSA-N,,0,0,0,0,0,0,0,0,0,0,0,0
5493381.0,O=C1C=CC=CC1=C1NC(=C2C=CC=CC2=O)N(c2ccc(C(=O)O)cc2)N1,1,FMSOAWSKCWYLBB-UHFFFAOYSA-N,,0,0,0,0,0,0,0,0,0,0,0,0
5493444.0,COCCCOc1cc(CC(CC(N)C(O)CC(C(=O)NCC(C)(C)C(N)=O)C(C)C)C(C)C)ccc1OC,0,UXOWGYHJODZGMF-UHFFFAOYSA-N,,0,0,0,0,0,0,0,0,0,0,94,9
6323490.0,COC1C=COC2(C)Oc3c(C)c(O)c4c(c3C2=O)C2=NC3(CCN(CC(C)C)CC3)NC2=C(NC(=O)C(C)=CC=CC(C)C(O)C(C)C(O)C(C)C(OC(C)=O)C1C)C4=O,1,ATEBXHFBFRCZMA-UHFFFAOYSA-N,,0,0,0,0,0,0,0,0,0,0,128,107
6433328.0,CCCCCCCCC=CCCCCCCCC(=O)O.NCCO,0,ZQPPMHVWECSIRJ-UHFFFAOYSA-N,,11,0,0,0,0,0,0,0,0,0,7728,1
6433516.0,CO[Si](C)(C)O[Si](C)(C)C.O=[Si]=O,0,DIBFCVPKSNXGHE-UHFFFAOYSA-N,,0,0,0,0,0,0,0,0,0,0,0,0
6918456.0,CC(=O)Oc1cc2c(s1)CCN(C(C(=O)C1CC1)c1ccccc1F)C2,0,DTGLZDAWLRGWQN-UHFFFAOYSA-N,Prasugrel,67,6,1,0,0,0,0,0,0,0,67,6
6918508.0,CN1CCC(Nc2ncc3ncnc(Nc4ccc(F)c(Cl)c4)c3n2)CC1,1,FTFRZXFNZVCRSK-UHFFFAOYSA-N,BIBX1382,1,1,0,0,0,0,0,0,0,0,1,1
9887054.0,NC1CCCCC1N.O=C([O-])C(=O)[O-].[Pt+2],1,SSJXIUAHEKJCMH-UHFFFAOYSA-N,,7,0,0,0,0,0,0,0,0,0,1986,928
9915926.0,Cc1ccc(-n2[nH]c(C)c(NN=C3C=CC=C(c4cccc(C(=O)O)c4)C3=O)c2=O)cc1C.NCCO.NCCO,1,TYEXNVNUZXJNBN-UHFFFAOYSA-N,,0,0,0,0,0,0,0,0,0,0,0,0
10113978.0,Cc1ccc(Nc2nccc(N(C)c3ccc4c(C)n(C)nc4c3)n2)cc1S(N)(=O)=O,1,CUIHSIWYWATEQL-UHFFFAOYSA-N,Pazopanib; pazopanib,689,553,8,0,10,0,10,1,0,1,689,553
10429215.0,C[N+]1(C)C2CCC1CC(OC(=O)C(O)c1ccccc1)C2.[Br-],0,WKWOJBUWWZTUQV-UHFFFAOYSA-N,,0,0,0,0,0,0,0,0,0,0,0,0
11953884.0,CC1C=CC=CCCC=CC=CC=CC=CC(OC2OC(C)C(O)C(N)C2O)CC(O)C(C(=O)O)C(O)CC(=O)CC(O)C(O)CCC(O)CC(O)CC(O)CC(=O)OC(C)C(C)C1O,0,ZDFDJJJGIRGMBE-UHFFFAOYSA-N,,0,0,0,0,0,0,0,0,0,0,0,0
11963622.0,[C-]#N.[C-]#N.[C-]#N.[C-]#N.[C-]#N.[Fe+4].[N-]=O,0,ODUCDPQEXGNKDN-UHFFFAOYSA-N,,19,0,0,0,0,0,0,0,0,0,19,0
23663956.0,CCCC(CCC)C(=O)O.CCCC(CCC)C(=O)[O-].[Na+],1,NIJJYAXOARWZEE-UHFFFAOYSA-N,Valproic acid; Valproate; valproic acid; valproate; Sodium valproate,8072,4238,129,3,83,3,80,1,0,1,8075,4238
23673837.0,CCCCC(CC)COC(=O)CC(C(=O)OCC(CC)CCCC)S(=O)(=O)[O-].[Na+],0,HNSDLXPSAYFUHK-UHFFFAOYSA-N,Dialose Plus; dioctyl sodium sulfosuccinate; Dioctyl sodium sulfosuccinate; Sodium docusate,13,8,1,0,0,0,0,0,0,0,13,8
54675785.0,C=C1c2cccc(O)c2C(O)=C2C(=O)C3(O)C(O)=C(C(N)=O)C(=O)C(N(C)C)C3C(O)C12,1,XIYOPDCBBDCGOE-UHFFFAOYSA-N,,0,0,0,0,0,0,0,0,0,0,0,0
54678501.0,O=C1OC(C(O)CO)C(O)=C1O,0,CIWBSHSKHKDKBQ-UHFFFAOYSA-N,,0,0,0,0,0,0,0,0,0,0,5138,5
54680690.0,CN(C)C1C(=O)C(C(N)=O)=C(O)C2(O)C(=O)C3=C(O)c4c(O)ccc(Cl)c4C(O)C3CC12,1,GUXHBMASAHGULD-UHFFFAOYSA-N,,0,0,0,0,0,0,0,0,0,0,0,0
