manual_review_status	manual_review_notes	manual_review_version	source_id	source_row_number	canonical_record_id	endpoint_name	measurement_text	unit_text	canonical_semantics_rule_id	censor_qualifier	canonicalization_status	assay_transfer_eligible	assay_transfer_ineligibility_reason	support_text
pass	Confirmed that the source support qualifies the reported value as censored; fail-closed assay-transfer exclusion is correct.	clintox_measurement_unit_manual_review.v2	general_cytotoxicity	656392	f039b1a9c11a915a7c9752efdd3de991260ee36d6496bab88957e8909c340dd1	cell_death_percent	50	%	clintox.cytotoxicity.cell_death_percent.v1	at_least_most	support_reports_censored_value	False	support_reports_censored_value	In A549 cells pretreated with 10 µM SAHA (HDI) for 4h and then exposed to 3 ng/ml TRAIL for 24h, the Alamar Blue assay showed at least 50% cell death (cell killing).
pass	Confirmed that the source support qualifies the reported value as censored; fail-closed assay-transfer exclusion is correct.	clintox_measurement_unit_manual_review.v2	general_cytotoxicity	269873	ea1bf555546cae5b1c5c6a1b70e16ca4e131de0f59dae9d4a834b7415ead7d51	cell_death_percent	20	%	clintox.cytotoxicity.cell_death_percent.v1	at_least_most	support_reports_censored_value	False	support_reports_censored_value	When MCF-7 cells were treated with CPA, there was little effect, with at most 20% cell death, and that was seen only on Day 4 (Fig. 1).
pass	Confirmed that the source support qualifies the reported value as censored; fail-closed assay-transfer exclusion is correct.	clintox_measurement_unit_manual_review.v2	general_cytotoxicity	103504	bda82c8213eefe5498b55dbddff2fdb78b87f024b9ff99845428bbd74b1aac88	cell_death_percent	20	%	clintox.cytotoxicity.cell_death_percent.v1	at_least_most	support_reports_censored_value	False	support_reports_censored_value	Flow cytometry analysis of PI/AnnexinV staining showed that cisplatin at 20 µM induced both apoptosis and necrosis in HK2 cells, with at least 20% of tubular epithelial cells undergoing programmed cell death.
pass	Confirmed that the source support qualifies the reported value as censored; fail-closed assay-transfer exclusion is correct.	clintox_measurement_unit_manual_review.v2	general_cytotoxicity	10669	a3d9d7349ed70c9d8ac47904c5526f1422eeedfec27b7b9f465c0f4993c35387	cell_death_percent	40	%	clintox.cytotoxicity.cell_death_percent.v1	at_least_most	support_reports_censored_value	False	support_reports_censored_value	Doxorubicin increased apoptosis by at least 40% relative to control as measured by flow cytometry with Annexin-V-Cy3 and CFDA in MDA-MB-468 cells.
pass	Confirmed that the source support qualifies the reported value as censored; fail-closed assay-transfer exclusion is correct.	clintox_measurement_unit_manual_review.v2	general_cytotoxicity	481020	a353da8f4443094b73f179986ba893bd6a8971fc1acbe4f8204c0ec6425b85b7	cell_death_percent	10	%	clintox.cytotoxicity.cell_death_percent.v1	at_least_most	support_reports_censored_value	False	support_reports_censored_value	Continued exposure of HT-29 cells to vargatef or afatinib as a single agent was accompanied by induction of apoptotic cell death in at least 10% of the cells after 96-hour drug exposure as determined by the TUNEL assay.
pass	Confirmed that the source support qualifies the reported value as censored; fail-closed assay-transfer exclusion is correct.	clintox_measurement_unit_manual_review.v2	general_cytotoxicity	438825	39826eeca17acb9ef1bf57aa1574787ae2f955a591e903611b54b0746316cf1b	cell_death_percent	15	%	clintox.cytotoxicity.cell_death_percent.v1	greater_less	support_reports_censored_value	False	support_reports_censored_value	After incubation of 40 µM TMZ with C6 cells for 48 h, a cell apoptosis ratio less than 15% was observed by flow cytometry.
pass	Confirmed that the source support qualifies the reported value as censored; fail-closed assay-transfer exclusion is correct.	clintox_measurement_unit_manual_review.v2	general_cytotoxicity	95162	d7445b0002d43ec40bee6a2cb712f3ea5875cfede6d3ae1c5edcb13fa254a4da	cell_death_percent	10	%	clintox.cytotoxicity.cell_death_percent.v1	greater_less	support_reports_censored_value	False	support_reports_censored_value	The MCF-7 L variant was resistant to apoptosis induced by 10 µM 4-hydroxy-tamoxifen with less than 10% loss of viability at 48 h as measured by trypan blue staining.
pass	Confirmed that the source support qualifies the reported value as censored; fail-closed assay-transfer exclusion is correct.	clintox_measurement_unit_manual_review.v2	general_cytotoxicity	517125	d3302ad2176f1e0d0815888df8ee1d4693567bd8d932832f0c16ced3f7a9b6b4	cell_death_percent	50	%	clintox.cytotoxicity.cell_death_percent.v1	greater_less	support_reports_censored_value	False	support_reports_censored_value	FTY720 at 5 µM induced more than 50% cell death in MM200 cells at 24 h.
pass	Confirmed that the source support qualifies the reported value as censored; fail-closed assay-transfer exclusion is correct.	clintox_measurement_unit_manual_review.v2	general_cytotoxicity	728181	b550984b28d874503eab03e0d8f5fade1ce3aab91f444a464963da40f2940b47	cell_death_percent	20	%	clintox.cytotoxicity.cell_death_percent.v1	greater_less	support_reports_censored_value	False	support_reports_censored_value	The paper states that A1 at concentrations of 2-3 µM caused less than 20% of MDA-MB-231 cells to undergo apoptosis following 18 h of treatment.
pass	Confirmed that the source support qualifies the reported value as censored; fail-closed assay-transfer exclusion is correct.	clintox_measurement_unit_manual_review.v2	general_cytotoxicity	804542	2d2da61c7309621786cebc003882ee0851fbf51da643dad008eda21afddc817d	cell_death_percent	50	%	clintox.cytotoxicity.cell_death_percent.v1	greater_less	support_reports_censored_value	False	support_reports_censored_value	Apoptotic cell death analysis showed increasing number of cells undergoing apoptosis between 24 and 48 h of Caffeine treatment, however only Taxol showed greater than 50% cells undergoing apoptosis only in HPAC cells.
pass	Confirmed that the source support qualifies the reported value as censored; fail-closed assay-transfer exclusion is correct.	clintox_measurement_unit_manual_review.v2	general_cytotoxicity	581537	9888b81e608c265727d18c5d244bd908a34be4a70eec870308c239eeb914509f	cell_death_percent	7	%	clintox.cytotoxicity.cell_death_percent.v1	no_more_less	support_reports_censored_value	False	support_reports_censored_value	In the normal liver cell line L02, cytotoxicity was tested by the MTT method after 24 h treatment with compound 25 at concentrations including 160 µM. Compound 25 exhibited no more than 7% cytotoxicity even at concentrations up to 160 µM.
pass	Confirmed that the source support qualifies the reported value as censored; fail-closed assay-transfer exclusion is correct.	clintox_measurement_unit_manual_review.v2	general_cytotoxicity	368220	e59110377dca81113090f6e9fa097ee3c87184ef9543589f3a2e6c64664cad98	cell_death_percent	8.24	%	clintox.cytotoxicity.cell_death_percent.v1	no_more_less	support_reports_censored_value	False	support_reports_censored_value	While loaded nanoemulsions eliminated 21.50% of A549 cells through either early or late apoptosis, this figure, for free QC, was no more than 8.24%. The concentration was 5 µg/mL for each sample.
pass	Confirmed that the source support qualifies the reported value as censored; fail-closed assay-transfer exclusion is correct.	clintox_measurement_unit_manual_review.v2	general_cytotoxicity	496076	487074e3a2d00ed76a5267c4b0312c1960c621dae7be0a6d8046c71bd989cde9	cell_death_percent	10	%	clintox.cytotoxicity.cell_death_percent.v1	no_more_less	support_reports_censored_value	False	support_reports_censored_value	No more than 10% cell death was observed in the H460 cells treated with 200 nM bafilomycin A1 for 48 h, as measured by annexin V/PI staining. Data are presented as mean ± SD (n=3).
pass	Confirmed that the source support qualifies the reported value as censored; fail-closed assay-transfer exclusion is correct.	clintox_measurement_unit_manual_review.v2	general_cytotoxicity	675783	a10793b6369984257259180cc0c66f0144c42724bd5fbb6ac8644559f7a83792	cell_death_percent	10	%	clintox.cytotoxicity.cell_death_percent.v1	no_more_less	support_reports_censored_value	False	support_reports_censored_value	In human erythrocytes, 1,10-phenanthroline at 10 mM alone caused no more than 10% hemolysis when added at any step (data not shown).
pass	Confirmed that the source support qualifies the reported value as censored; fail-closed assay-transfer exclusion is correct.	clintox_measurement_unit_manual_review.v2	general_cytotoxicity	781010	a822646f9077b572ce43e1c5c42e1cd358a2f84e98202978933eeac48d340e27	cell_death_percent	30	%	clintox.cytotoxicity.cell_death_percent.v1	no_more_less	support_reports_censored_value	False	support_reports_censored_value	LDH release and PI staining assays showed that at maximal cytocidal doses (5 µM) vorinostat induced cell death in no more than 30% of the SCC25 cell line (Figure 1C and D).
pass	Confirmed that the source support qualifies the reported value as censored; fail-closed assay-transfer exclusion is correct.	clintox_measurement_unit_manual_review.v2	general_cytotoxicity	644101	5835ecb7e03399f567db49cdf74d7eb0b03e74cc45feafcab1054a9a88e90355	cell_death_percent	10	%	clintox.cytotoxicity.cell_death_percent.v1	symbol	support_reports_censored_value	False	support_reports_censored_value	When the K562 and K562/DOX cells were exposed to 1.0 µM DMAG alone, only wild cytotoxicity (<10%) to cells was observed [Figure 1a data of K562 cells not shown].
pass	Confirmed that the source support qualifies the reported value as censored; fail-closed assay-transfer exclusion is correct.	clintox_measurement_unit_manual_review.v2	general_cytotoxicity	568442	75a63fe366c62596b3e1d9d773bdbceaf45fdd17ca20f2fdbc694d12afc9d0dd	cell_death_percent	50	%	clintox.cytotoxicity.cell_death_percent.v1	symbol	support_reports_censored_value	False	support_reports_censored_value	Human colonic carcinoma cells HT29, HRT18, MKN74 and COLO205 were shown to be more susceptible to apoptosis upon addition of DMS (>50%) than of Sph (<50%), yet were weakly or not sensitive to N,N,N-trimethylsphingosine (TMS).
pass	Confirmed that the source support qualifies the reported value as censored; fail-closed assay-transfer exclusion is correct.	clintox_measurement_unit_manual_review.v2	general_cytotoxicity	777056	4137ad57bc8361286b0245f830f6b9b5921e65d817189cb1fa1d6acb758d2573	cell_death_percent	5	%	clintox.cytotoxicity.cell_death_percent.v1	symbol	support_reports_censored_value	False	support_reports_censored_value	Concentrations of 15 µM CdCl2 and NaAsO2... were considered as concentrations that elicited minimal (≤5%) cytotoxicity in HepG2 cells exposed for 24 h.
pass	Confirmed that the source support qualifies the reported value as censored; fail-closed assay-transfer exclusion is correct.	clintox_measurement_unit_manual_review.v2	general_cytotoxicity	743497	92b073d0a096ba51e60007c42c598533cfe87b8cad9dc0a6cabcd53f548f0d07	cell_death_percent	20	%	clintox.cytotoxicity.cell_death_percent.v1	symbol	support_reports_censored_value	False	support_reports_censored_value	Sub-G1 analysis of the cell cycle by flow cytometry showed that 1 µM DMBA induces significant cell death (>20%) 96 h after treatment.
pass	Confirmed that the source support qualifies the reported value as censored; fail-closed assay-transfer exclusion is correct.	clintox_measurement_unit_manual_review.v2	general_cytotoxicity	88918	c218a5fe36622b5b783bdeb6a78911237d63dc937a3dca662f5217d4fd58c8b3	cell_death_percent	95	%	clintox.cytotoxicity.cell_death_percent.v1	symbol	support_reports_censored_value	False	support_reports_censored_value	The trypan blue exclusion assay showed a high cell death rate (>95%) at 100 µM XN after 48 h.
pass	Confirmed that the source support qualifies the reported value as censored; fail-closed assay-transfer exclusion is correct.	clintox_measurement_unit_manual_review.v2	general_cytotoxicity	435093	4ce30ac680a1381cfd95199171b87a46ae7186a6f1faec505b2446ec9d3e7b4b	IC50	0.45	µg/mL	clintox.cytotoxicity.potency_mass.v1	at_least_most	support_reports_censored_value	False	support_reports_censored_value	In the test for cytotoxicity using MCF-7 treated cells, the liposomal β-carotene IC50 value was at least 0.45 µg/mL.
pass	Confirmed that the source support qualifies the reported value as censored; fail-closed assay-transfer exclusion is correct.	clintox_measurement_unit_manual_review.v2	general_cytotoxicity	161924	1a60a07398cfdf1f5805eea76848cce4aa9c7783b3d5d3a61ec5a9db7eaa1264	IC50	200	µg/ml	clintox.cytotoxicity.potency_mass.v1	excess	support_reports_censored_value	False	support_reports_censored_value	TCS has relatively low toxicity to HepG2 cells, with an IC50 value of TCS against the cells in excess of 200 µg/ml after 48 h incubation using MTT assay.
pass	Confirmed that the source support qualifies the reported value as censored; fail-closed assay-transfer exclusion is correct.	clintox_measurement_unit_manual_review.v2	general_cytotoxicity	231344	7033e20b9909b95b3e335d92183f01eafdd4599643a9126513070e0e8a90e05d	EC50	30	µg/ml	clintox.cytotoxicity.potency_mass.v1	greater_less	support_reports_censored_value	False	support_reports_censored_value	In the antiproliferative assay (cell counting with hemocytometer), atranorin exhibited an EC50 greater than 30 µg/ml against HSF cells after 72 h of treatment (Table 1).
pass	Confirmed that the source support qualifies the reported value as censored; fail-closed assay-transfer exclusion is correct.	clintox_measurement_unit_manual_review.v2	general_cytotoxicity	449525	bc06badd07e8e63a04bd3ee1715ea143513f758e395d3c025b5fb507a283e7c3	other_icx_gix	2900	ng/ml	clintox.cytotoxicity.potency_mass.v1	greater_less	support_reports_censored_value	False	support_reports_censored_value	Matairesinol, as one of the lignans, showed an LC50 greater than 2900 ng/ml against HL-60 cells in the dye exclusion test.
pass	Confirmed that the source support qualifies the reported value as censored; fail-closed assay-transfer exclusion is correct.	clintox_measurement_unit_manual_review.v2	general_cytotoxicity	495783	f471b20ce0513dd5c68e0a295af9730598ade4833bbb0c29b2af34fb41c54176	IC50	125	µg/ml	clintox.cytotoxicity.potency_mass.v1	greater_less	support_reports_censored_value	False	support_reports_censored_value	In Table 2, compound 7j had an IC50 greater than 125 µg/ml against NRK-52E cells.
pass	Confirmed that the source support qualifies the reported value as censored; fail-closed assay-transfer exclusion is correct.	clintox_measurement_unit_manual_review.v2	general_cytotoxicity	273330	e73cb3cc473d9c5a3ba4e9db987031f9b3dd03e76aaec8d5ab3359853c98b95b	IC50	30	µg/mL	clintox.cytotoxicity.potency_mass.v1	greater_less	support_reports_censored_value	False	support_reports_censored_value	AM did not exhibit any cytotoxicity toward the normal breast cell line MCF-10A, with an IC50 greater than 30 µg/mL, as measured by MTT assay. Exposure time is not stated in this passage.
pass	Confirmed that the source support qualifies the reported value as censored; fail-closed assay-transfer exclusion is correct.	clintox_measurement_unit_manual_review.v2	general_cytotoxicity	159621	6915970f9ed003f57d494f91679c8fef0440e6f0136757c92831d9e49391074e	IC50	250	µg/mL	clintox.cytotoxicity.potency_mass.v1	greater_less	support_reports_censored_value	False	support_reports_censored_value	From Table 1, compound 3k showed an IC50 greater than 250 µg/mL against THP1 cells after 24 h treatment using MTT assay.
pass	Confirmed that the source support qualifies the reported value as censored; fail-closed assay-transfer exclusion is correct.	clintox_measurement_unit_manual_review.v2	general_cytotoxicity	759255	46f035ce04e1a4ec5f8884c8d0415c5cd63305aa217b8cb7d7a0f19052ef44d9	IC50	5	µg/mL	clintox.cytotoxicity.potency_mass.v1	symbol	support_reports_censored_value	False	support_reports_censored_value	Vitextrifolin E showed an IC50 < 5 µg/mL against ZR-75-30 cells, indicating inactivity.
pass	Confirmed that the source support qualifies the reported value as censored; fail-closed assay-transfer exclusion is correct.	clintox_measurement_unit_manual_review.v2	general_cytotoxicity	398523	ecdf479087da20bf558de619a1f874a3f0da434acfe71940c7d07ca8eb14d1b8	IC50	50	ug/mL	clintox.cytotoxicity.potency_mass.v1	symbol	support_reports_censored_value	False	support_reports_censored_value	In Table 2, Vaccarin exhibited an IC50 >50 ug/mL against PC-3 cells using the MTT assay.
pass	Confirmed that the source support qualifies the reported value as censored; fail-closed assay-transfer exclusion is correct.	clintox_measurement_unit_manual_review.v2	general_cytotoxicity	615540	38e4b946c95ed2990c546877e38aaa27adfa8a9ef7c34fbe5550384b88648009	other_icx_gix	5	µg/ml	clintox.cytotoxicity.potency_mass.v1	symbol	support_reports_censored_value	False	support_reports_censored_value	Compound 24 DS1 did not exhibit cytotoxic effects on HeLa cells up to a concentration of CC50 > 5 µg/ml (data not shown).
pass	Confirmed that the source support qualifies the reported value as censored; fail-closed assay-transfer exclusion is correct.	clintox_measurement_unit_manual_review.v2	general_cytotoxicity	752915	0b592a0677647ea446a3287ae8ba0fb780a7d31419afde7e1a1defdd7d7f072b	IC50	1000	µg/ml	clintox.cytotoxicity.potency_mass.v1	symbol	support_reports_censored_value	False	support_reports_censored_value	Table 1 shows that for cyclophosphamide (CPA) the IC50 in 3T3 cells was >1000 µg/ml in three separate experiments (Experiment 1: >1000 µg/ml; Experiment 2: >1000 µg/ml; Experiment 3: >1000 µg/ml).
pass	Confirmed that the source support qualifies the reported value as censored; fail-closed assay-transfer exclusion is correct.	clintox_measurement_unit_manual_review.v2	general_cytotoxicity	432202	1a221ee2fbce360f45977fa4f93a1f9e01e0b119409294319efee53371085b55	IC50	20	µg/mL	clintox.cytotoxicity.potency_mass.v1	symbol	support_reports_censored_value	False	support_reports_censored_value	In the MTT assay, compound 1 showed an IC50 >20 µg/mL against KB cells (table).
pass	Confirmed that the source support qualifies the reported value as censored; fail-closed assay-transfer exclusion is correct.	clintox_measurement_unit_manual_review.v2	general_cytotoxicity	783605	dad684cab2a497631de0a3302973665fce135f71b5bf5fa3a9651d4709b3a7f1	IC50	500	µM	clintox.cytotoxicity.potency_molar.v1	at_least_most	support_reports_censored_value	False	support_reports_censored_value	Compound 28 inhibited proliferation of Molt/4F cells with an IC50 of at least 500 µM, as reported in Table III.
pass	Confirmed that the source support qualifies the reported value as censored; fail-closed assay-transfer exclusion is correct.	clintox_measurement_unit_manual_review.v2	general_cytotoxicity	154562	b0a22f6d780dc65c796a19e9027a5ce0a5cd791ad1e0946ba5505ac6a82eef46	IC50	50	µmol/L	clintox.cytotoxicity.potency_molar.v1	at_least_most	support_reports_censored_value	False	support_reports_censored_value	In the CCK-8 in vitro antiproliferative assay, compound 8b showed an IC50 greater than 50 µmol/L against HCT116 cells, as reported in Table 1 (mean±SD from at least three independent assays).
pass	Confirmed that the source support qualifies the reported value as censored; fail-closed assay-transfer exclusion is correct.	clintox_measurement_unit_manual_review.v2	general_cytotoxicity	225840	64a81babd64970734a4bdd2432e3e62c430a1bc9abd77d708eb4428cf8a6a209	IC50	20	µM	clintox.cytotoxicity.potency_molar.v1	at_least_most	support_reports_censored_value	False	support_reports_censored_value	In Table 2, phenstatin showed an IC50 greater than 20 µM against BJ cells as measured by MTT assay, with mean±SE from at least three independent experiments (exposure time not specified).
pass	Confirmed that the source support qualifies the reported value as censored; fail-closed assay-transfer exclusion is correct.	clintox_measurement_unit_manual_review.v2	general_cytotoxicity	225836	f48a8712a7611a5517e07b404203cfdf7dce9dbc800a073d212317c73b932237	IC50	20	µM	clintox.cytotoxicity.potency_molar.v1	at_least_most	support_reports_censored_value	False	support_reports_censored_value	In Table 2, millepachine showed an IC50 greater than 20 µM against HLF cells as measured by MTT assay, with mean±SE from at least three independent experiments (exposure time not specified).
pass	Confirmed that the source support qualifies the reported value as censored; fail-closed assay-transfer exclusion is correct.	clintox_measurement_unit_manual_review.v2	general_cytotoxicity	371365	3401f8f275fdef70d403616b41c026fa0cc35614022df929fbac41179b4fd12f	EC50	40	µM	clintox.cytotoxicity.potency_molar.v1	at_least_most	support_reports_censored_value	False	support_reports_censored_value	Compound 1' had an approximate EC50 value greater than 40 µM on WEHI 3B cells, as determined by [3H]thymidine incorporation after 24 h drug treatment; data represent the mean of at least eight experiments.
pass	Confirmed that the source support qualifies the reported value as censored; fail-closed assay-transfer exclusion is correct.	clintox_measurement_unit_manual_review.v2	general_cytotoxicity	13240	998a1b94ebd9e5398ed02fd512a9fc3b5b1bb457ce7dcb5835ccd458c2f6fb6f	IC50	50	µM	clintox.cytotoxicity.potency_molar.v1	excess	support_reports_censored_value	False	support_reports_censored_value	Compound 59 displayed poor activity with an IC50 value in excess of 50 µM in the MCF-7 cell line using the MTT assay.
pass	Confirmed that the source support qualifies the reported value as censored; fail-closed assay-transfer exclusion is correct.	clintox_measurement_unit_manual_review.v2	general_cytotoxicity	301244	6c37ce07ca0796b3981a27f372959959ce55443b6547ef89b15ed8e2c6b9463a	IC50	100	µM	clintox.cytotoxicity.potency_molar.v1	excess	support_reports_censored_value	False	support_reports_censored_value	C16-ceramide was least active (IC50 values in excess of 100 µM) in the MDA435/LCC6 human breast cancer cell line.
pass	Confirmed that the source support qualifies the reported value as censored; fail-closed assay-transfer exclusion is correct.	clintox_measurement_unit_manual_review.v2	general_cytotoxicity	250351	e3736c0b0fc7af5a6665a632d7424d924c062bd9a71579f34dae5fd7d4220515	IC50	10	µM	clintox.cytotoxicity.potency_molar.v1	excess	support_reports_censored_value	False	support_reports_censored_value	ES cell line TC32 exhibited an IC50 value for ABT-737 in excess of 10 µM (fig. S8).
pass	Confirmed that the source support qualifies the reported value as censored; fail-closed assay-transfer exclusion is correct.	clintox_measurement_unit_manual_review.v2	general_cytotoxicity	474293	841872f38c811ed9a858f0b663955ae3808ef9c04f9687e54f316b700e87d060	IC50	10	µM	clintox.cytotoxicity.potency_molar.v1	excess	support_reports_censored_value	False	support_reports_censored_value	Lapatinib single agent treatment showed an IC50 in excess of 10 µM in AGS cells.
pass	Confirmed that the source support qualifies the reported value as censored; fail-closed assay-transfer exclusion is correct.	clintox_measurement_unit_manual_review.v2	general_cytotoxicity	301249	10c8973dcff04bc43d147793f47507375afddfd1239414a32c4b6c0bf2aed36e	IC50	100	µM	clintox.cytotoxicity.potency_molar.v1	excess	support_reports_censored_value	False	support_reports_censored_value	Non-liposomal C16-ceramide had an IC50 well in excess of 100 µM in J774 cells after 72 h, measured by MTT assay.
pass	Confirmed that the source support qualifies the reported value as censored; fail-closed assay-transfer exclusion is correct.	clintox_measurement_unit_manual_review.v2	general_cytotoxicity	778781	b58794aaf4433ca28d9541eb04ef638b7ca3d293dd0e135c80192e36a64a559a	TC50	25	µM	clintox.cytotoxicity.potency_molar.v1	greater_less	support_reports_censored_value	False	support_reports_censored_value	In uninfected A549/ACE2 cells, the CC50 values for brequinar (BRQ), dipyridamole (DPY), and their combination (BRQ+DPY) were all greater than 25 µM after two days of exposure, as assessed by both Cell-Titer Glo and Alamar-Blue assays (Fig 2E and F; Supplemental Table S2).
pass	Confirmed that the source support qualifies the reported value as censored; fail-closed assay-transfer exclusion is correct.	clintox_measurement_unit_manual_review.v2	general_cytotoxicity	68835	00a32054f2b2f49dc8e9d9f6ac0b8e22d41e6c98840afac9f58391366b732d57	IC50	50	µM	clintox.cytotoxicity.potency_molar.v1	greater_less	support_reports_censored_value	False	support_reports_censored_value	From Table 3, compound 10l exhibited an IC50 greater than 50 µM against HGC-27 cells after 48 h of treatment.
pass	Confirmed that the source support qualifies the reported value as censored; fail-closed assay-transfer exclusion is correct.	clintox_measurement_unit_manual_review.v2	general_cytotoxicity	574445	1fa4b75bc3dc33c9aabf66f414a8d2142a0546f4a20ca5a147265679d4cbd69e	EC50	10	µM	clintox.cytotoxicity.potency_molar.v1	greater_less	support_reports_censored_value	False	support_reports_censored_value	In Table 2 (bottom), R763/AS703569 showed an EC50 greater than 10 µM against cardiomyocytes (non-dividing primary cells) in the image-based assay.
pass	Confirmed that the source support qualifies the reported value as censored; fail-closed assay-transfer exclusion is correct.	clintox_measurement_unit_manual_review.v2	general_cytotoxicity	206268	5e9f4580fc62283043a0251da02aa9634a7308711cb74975b1a1eb334a2c978c	GI50	10	µM	clintox.cytotoxicity.potency_molar.v1	greater_less	support_reports_censored_value	False	support_reports_censored_value	In Table 2, compound 4l had a GI50 greater than 10 µM in PBL stimulated with PHA, from three separate experiments.
pass	Confirmed that the source support qualifies the reported value as censored; fail-closed assay-transfer exclusion is correct.	clintox_measurement_unit_manual_review.v2	general_cytotoxicity	61122	cb983fd3d33b65f7c02c49c7ae35f82d845c51e56eb3d91ddb30a70c0dd62cc2	IC50	100	µM	clintox.cytotoxicity.potency_molar.v1	greater_less	support_reports_censored_value	False	support_reports_censored_value	In Table 1, the IC50 of compound 5b6 against BEL-7404 cells was greater than 100 µM.
pass	Confirmed that the source support qualifies the reported value as censored; fail-closed assay-transfer exclusion is correct.	clintox_measurement_unit_manual_review.v2	general_cytotoxicity	680576	67e7a74201964f4ee7b12957808e95c32657ccb71d642fa0a06585a33f6b74e6	GI50	50	µM	clintox.cytotoxicity.potency_molar.v1	symbol	support_reports_censored_value	False	support_reports_censored_value	In Table 3, compound (2) showed a GI50 ≥50 µM in HCT116 colon cancer cells using the SRB assay.
pass	Confirmed that the source support qualifies the reported value as censored; fail-closed assay-transfer exclusion is correct.	clintox_measurement_unit_manual_review.v2	general_cytotoxicity	40429	b9e5085fff206d58f5b7ff328b0a596bc277c20a709b1f8f804b4c6d7deef63a	IC50	100	µM	clintox.cytotoxicity.potency_molar.v1	symbol	support_reports_censored_value	False	support_reports_censored_value	In Table 1 (paragraph 43), 7-acetoxy-4',5-dihydroxy-3,6-dimethoxyflavone (compound 13) showed an IC50 of >100 µM in HeLa cells.
pass	Confirmed that the source support qualifies the reported value as censored; fail-closed assay-transfer exclusion is correct.	clintox_measurement_unit_manual_review.v2	general_cytotoxicity	324749	c094ad85d86b78447a4f938284c9709e12cde7600488cc37ee7933aa04244880	IC50	100	µM	clintox.cytotoxicity.potency_molar.v1	symbol	support_reports_censored_value	False	support_reports_censored_value	Compound 26 showed an IC50 >100 µM against MCF-7 cells in the MTT assay after 48h exposure, as reported in the table.
pass	Confirmed that the source support qualifies the reported value as censored; fail-closed assay-transfer exclusion is correct.	clintox_measurement_unit_manual_review.v2	general_cytotoxicity	806461	f36456cabbc1c809111f2e148c819006ff472a3257d1b84a1b413cd6377ef687	other_icx_gix	400	µM	clintox.cytotoxicity.potency_molar.v1	symbol	support_reports_censored_value	False	support_reports_censored_value	In the CC50 assay, compound 3f (entity: 3f) exhibited a CC50 value of >400 µM against HGF cells, with duplicate determinations showing differences less than 5%.
pass	Confirmed that the source support qualifies the reported value as censored; fail-closed assay-transfer exclusion is correct.	clintox_measurement_unit_manual_review.v2	general_cytotoxicity	693763	8e23195e457a97e2967cf6ab40fb3b89e689d8b15e234ae28beac4c5fac77213	IC50	100	µM	clintox.cytotoxicity.potency_molar.v1	symbol	support_reports_censored_value	False	support_reports_censored_value	Compound 3 showed IC50 >100 µM against A375 as per Table 5.
pass	Confirmed that the source support qualifies the reported value as censored; fail-closed assay-transfer exclusion is correct.	clintox_measurement_unit_manual_review.v2	general_cytotoxicity	514060	4ceb47f0136f31ab73e71465fe5b9edd4b7aa57553dd5c3c0527d6ab27061758	proliferation_inhibition_percent	23	%	clintox.cytotoxicity.viability_control_percent.v1	at_least_most	support_reports_censored_value	False	support_reports_censored_value	According to cytotoxicity research, this compound had a minimal toxic effect on HEK295 but reduced the viability of MCF-7 tumor cells by at least 23% at concentrations of 1 µg/mL and 15% at a concentration of 5 µg/mL for Caco-2 tumor cells.
pass	Confirmed that the source support qualifies the reported value as censored; fail-closed assay-transfer exclusion is correct.	clintox_measurement_unit_manual_review.v2	general_cytotoxicity	543767	42108f176382cf50bab0a76e26a9105430c21590d0f20989bb0a411cac3e6a24	viability_percent	20	%	clintox.cytotoxicity.viability_control_percent.v1	at_least_most	support_reports_censored_value	False	support_reports_censored_value	Upon exposure to 350 µM H2O2 for 3 days, POR, RETSAT, KEAP1, and SLC52A2 mutants all conferred significant resistance, with each knockout cell line showing at least 20% cell survival while control lines showed no survival (Fig. 2A). The figure legend (p:16) states that cell survival was assessed using trypan blue after 3 days of treatment.
pass	Confirmed that the source support qualifies the reported value as censored; fail-closed assay-transfer exclusion is correct.	clintox_measurement_unit_manual_review.v2	general_cytotoxicity	583741	f6b34facbff78560344466a59d8bbe33a0e07acd192b49e4d03e25dee5901d17	proliferation_inhibition_percent	45	%	clintox.cytotoxicity.viability_control_percent.v1	at_least_most	support_reports_censored_value	False	support_reports_censored_value	Even at 0.125 µM, 14α was able to inhibit at least 45% of the growth induced by dihydrotestosterone in LNCaP cells.
pass	Confirmed that the source support qualifies the reported value as censored; fail-closed assay-transfer exclusion is correct.	clintox_measurement_unit_manual_review.v2	general_cytotoxicity	499111	be469b4b21703f22e458a42ec1f9cb4bac5dd4ea29750a4a5a2431cc67720208	viability_percent	70	%	clintox.cytotoxicity.viability_control_percent.v1	at_least_most	support_reports_censored_value	False	support_reports_censored_value	As an initial screening, all compounds were incubated at 1 µM in SH-SY5Y neuroblastoma cells. Compound 31 reduced viability/cell growth by at least 70% as measured by the MTT colorimetric method.
pass	Confirmed that the source support qualifies the reported value as censored; fail-closed assay-transfer exclusion is correct.	clintox_measurement_unit_manual_review.v2	general_cytotoxicity	416971	1fa8b0a81f88a874ee50c75c9938872eb5238130cf9386422d19a95782b44fd9	viability_percent	50	%	clintox.cytotoxicity.viability_control_percent.v1	at_least_most	support_reports_censored_value	False	support_reports_censored_value	Xanthohumol (X) at 200 µM reduced DU145 cell viability by at least 50% after 2 h of incubation as measured by the WST-1 assay.
pass	Confirmed that the source support qualifies the reported value as censored; fail-closed assay-transfer exclusion is correct.	clintox_measurement_unit_manual_review.v2	general_cytotoxicity	1117	43db7e5a1881665d3dcb47bf7e9b54b8f4f9a9ccea5dcffa4fd431f59dd8b0df	viability_percent	80	%	clintox.cytotoxicity.viability_control_percent.v1	greater_less	support_reports_censored_value	False	support_reports_censored_value	The PEGylated diamine conjugate of MA (16) had a percentage of cell viability equal or greater than 80% for the non-tumour WRL68 cell line at the corresponding IC50 concentration of the Hep G2 cancer-cell line, as determined by MTT assay.
pass	Confirmed that the source support qualifies the reported value as censored; fail-closed assay-transfer exclusion is correct.	clintox_measurement_unit_manual_review.v2	general_cytotoxicity	169100	38bf9ce20fc42bef19e4e769d8bb076abcad21d2e80ad4e9f282a504e75125c7	proliferation_inhibition_percent	25	%	clintox.cytotoxicity.viability_control_percent.v1	greater_less	support_reports_censored_value	False	support_reports_censored_value	In the MTT assay on MGC-803 cells at 20 µM for 48 h, compound 12e exhibited an inhibition rate less than 25%.
pass	Confirmed that the source support qualifies the reported value as censored; fail-closed assay-transfer exclusion is correct.	clintox_measurement_unit_manual_review.v2	general_cytotoxicity	4399	099c0e7bf0a17823c9e3f80f93b601ba44c7892e0ea0d595acd5d2abed85e221	proliferation_inhibition_percent	25	%	clintox.cytotoxicity.viability_control_percent.v1	greater_less	support_reports_censored_value	False	support_reports_censored_value	When HT29 cells were treated with compound 22 at its IC50 concentration over three days with daily medium changes, cell growth inhibition was less than 25% as measured by Trypan blue counting.
pass	Confirmed that the source support qualifies the reported value as censored; fail-closed assay-transfer exclusion is correct.	clintox_measurement_unit_manual_review.v2	general_cytotoxicity	512963	4760f05918d0d64f73bf56f0ef567871f824f7ab751a7be9ffe6a312bfe86ac4	viability_percent	10	%	clintox.cytotoxicity.viability_control_percent.v1	greater_less	support_reports_censored_value	False	support_reports_censored_value	Cobalt (Co) induced less than 10% viability at 5.0 mM in MG-63 osteoblasts using PI staining and flow cytometry.
pass	Confirmed that the source support qualifies the reported value as censored; fail-closed assay-transfer exclusion is correct.	clintox_measurement_unit_manual_review.v2	general_cytotoxicity	647187	371c182690cf6ecb9f6f51edb2b5c1483e46129a16f06b4846ae0c375e6484c8	viability_percent	80	%	clintox.cytotoxicity.viability_control_percent.v1	greater_less	support_reports_censored_value	False	support_reports_censored_value	SRT1720 was tested on BT20 basal-type breast cancer cells. At 5 µmol/L for 24 hours, cell viability measured by MTT assay decreased by more than 80% relative to untreated control.
pass	Confirmed that the source support qualifies the reported value as censored; fail-closed assay-transfer exclusion is correct.	clintox_measurement_unit_manual_review.v2	general_cytotoxicity	454997	d4626235d0ec25228cef5f72d4ffbea177a1de3db8fff6b28d1f736682a08367	proliferation_inhibition_percent	20	%	clintox.cytotoxicity.viability_control_percent.v1	no_more_less	support_reports_censored_value	False	support_reports_censored_value	At 10 µM after 72 h of treatment of HT29 cells, epigallocatechin (EGC) did not cause cell growth stimulation, but rather maintained cell growth, by no more than 20% inhibition.
pass	Confirmed that the source support qualifies the reported value as censored; fail-closed assay-transfer exclusion is correct.	clintox_measurement_unit_manual_review.v2	general_cytotoxicity	396291	90fb0835b30d0c5f17554e45dc79dc75017c9a594ec3ba85bf7590130167f65f	viability_percent	70	%	clintox.cytotoxicity.viability_control_percent.v1	no_more_less	support_reports_censored_value	False	support_reports_censored_value	Doxorubicin reduced the survival of A549 cells by no more than 70%.
pass	Confirmed that the source support qualifies the reported value as censored; fail-closed assay-transfer exclusion is correct.	clintox_measurement_unit_manual_review.v2	general_cytotoxicity	454993	7fbeec60d71a477ec3ebbe99991e21a98afcc3823f2bfdadfe6a7b1609b51a1c	proliferation_inhibition_percent	20	%	clintox.cytotoxicity.viability_control_percent.v1	no_more_less	support_reports_censored_value	False	support_reports_censored_value	At 10 µM after 72 h of treatment of HT29 cells, catechin (C) did not cause cell growth stimulation, but rather maintained cell growth, by no more than 20% inhibition.
pass	Confirmed that the source support qualifies the reported value as censored; fail-closed assay-transfer exclusion is correct.	clintox_measurement_unit_manual_review.v2	general_cytotoxicity	454998	705d1c88ea5f8693535a4d7e1fcc0b201286d1d62a1df88ea68c8e11e94f6027	proliferation_inhibition_percent	20	%	clintox.cytotoxicity.viability_control_percent.v1	no_more_less	support_reports_censored_value	False	support_reports_censored_value	At 10 µM after 24 h of treatment of HT29 cells, epicatechin-3-O-gallate (ECG) did not cause cell growth stimulation, but rather maintained cell growth, by no more than 20% inhibition.
pass	Confirmed that the source support qualifies the reported value as censored; fail-closed assay-transfer exclusion is correct.	clintox_measurement_unit_manual_review.v2	general_cytotoxicity	455000	48c5710b31340a1d36cd74a8a37ae2665f0aacb6aae0168423b717b7781a6b8b	proliferation_inhibition_percent	20	%	clintox.cytotoxicity.viability_control_percent.v1	no_more_less	support_reports_censored_value	False	support_reports_censored_value	At 10 µM after 24 h of treatment of HT29 cells, epigallocatechin gallate (EGCG) inhibited cell growth, by no more than 20%.
pass	Confirmed that the source support qualifies the reported value as censored; fail-closed assay-transfer exclusion is correct.	clintox_measurement_unit_manual_review.v2	general_cytotoxicity	488852	8d2a6efc37a64ff9693a568d2c3f917c88a86b3afeb84404073cb76b6d6288b2	viability_percent	90	%	clintox.cytotoxicity.viability_control_percent.v1	symbol	support_reports_censored_value	False	support_reports_censored_value	Based on the CCK-8 assay, A011 showed >90% survival of MCF-7/ADR cells at 1.25 µM concentrations.
pass	Confirmed that the source support qualifies the reported value as censored; fail-closed assay-transfer exclusion is correct.	clintox_measurement_unit_manual_review.v2	general_cytotoxicity	510556	a023b15662dd43bd4c459e5131980fc5ec8b6742cf0931ebe76c06f668b0875c	viability_percent	60	%	clintox.cytotoxicity.viability_control_percent.v1	symbol	support_reports_censored_value	False	support_reports_censored_value	Compound 45 (dehydroxynocardamine), as part of compounds 44–46, did not show cytotoxicity against DLD1 cells (viability >60% at 0.8–20 µM).
pass	Confirmed that the source support qualifies the reported value as censored; fail-closed assay-transfer exclusion is correct.	clintox_measurement_unit_manual_review.v2	general_cytotoxicity	282649	9c798b41cd12453d1bda87b17eca6ce4eb2d456b94db8f4cc63cef667ea64ad4	proliferation_inhibition_percent	10	%	clintox.cytotoxicity.viability_control_percent.v1	symbol	support_reports_censored_value	False	support_reports_censored_value	In the NCI in vitro screen at 10 µM, compound 7f showed 10% growth inhibition of A549 cells (only GI% >10% reported).
pass	Confirmed that the source support qualifies the reported value as censored; fail-closed assay-transfer exclusion is correct.	clintox_measurement_unit_manual_review.v2	general_cytotoxicity	87617	c4b836c934ee7aee939a186a7a180faafba97d5ae6c415f36bb2d9d81891a869	viability_percent	60	%	clintox.cytotoxicity.viability_control_percent.v1	symbol	support_reports_censored_value	False	support_reports_censored_value	In the MTT viability screen, hybrid 3g was tested at 200 µM for 48h on MCF-7 cells. Except for 3c, 3d, and 3l, all other hybrids displayed MCF-7 viability of >60% as determined by MTT assay.
pass	Confirmed that the source support qualifies the reported value as censored; fail-closed assay-transfer exclusion is correct.	clintox_measurement_unit_manual_review.v2	general_cytotoxicity	30928	01dd9b3d7f39963f665eb7b18d4193581c165e9b23c36c8072dd359dd8da9e93	proliferation_inhibition_percent	50	%	clintox.cytotoxicity.viability_control_percent.v1	symbol	support_reports_censored_value	False	support_reports_censored_value	After 72 h treatment with 20 µM Compound C, MCF7 cell growth inhibition was >50% as determined by MTT assay.
