manual_review_status	manual_review_notes	manual_review_version	source_id	source_row_number	canonical_record_id	endpoint_name	measurement_text	unit_text	parsed_point_estimate	parsed_interval_lower	parsed_interval_upper	reviewed_ineligibility_reason	assay_transfer_eligible	assay_transfer_ineligibility_reason	support_text
pass	Confirmed point estimate outside its stated interval; retrieval is retained and assay-transfer geometry is excluded by the reviewed v2 policy.	clintox_measurement_unit_manual_review.v2	nonclinical_in_vivo_toxicity	67342	3a8be29e5116a80f20f80667808284698200f535e112910f49a5f33041232780	LD50	30.3 (30.6–44.7)	mg kg^-1	30.3	30.6	44.7	source_point_outside_reported_interval	False	source_point_outside_reported_interval	Mortality data for rabbits given EGHE by i.v. injection allowed calculation of LD50 values. Female rabbits had an LD50 of 30.3 (30.6–44.7) mg kg−1, slope 2.80.
pass	Confirmed point/interval inconsistency; this row was already excluded from assay transfer by an independent fail-closed rule.	clintox_measurement_unit_manual_review.v2	nonclinical_in_vivo_toxicity	72156	3869bb649bf2dd01cbcc5a6c68953101482a60ce165d364283e719361269ec02	LD50	56 (67–91)	mg GA kg^-1	56.0	67.0	91.0	source_point_outside_reported_interval	False	non_scalar_measurement	In the table of acute peroral toxicity for GA aqueous solutions, female rats dosed with 2.2% GA had an LD50 of 56 mg GA kg−1 (95% CI 67–91), equivalent to 2.51 ml solution kg−1 (95% CI 3.02–4.08).
pass	Confirmed point estimate outside its stated interval; retrieval is retained and assay-transfer geometry is excluded by the reviewed v2 policy.	clintox_measurement_unit_manual_review.v2	nonclinical_in_vivo_toxicity	82671	83e6f83fbb09ed9b9221b00aee3bccc6a4ae71d38191565f73a6d5ed5b84307f	LD50	9.94 (9.51–9.89)	µg/kg	9.94	9.51	9.89	source_point_outside_reported_interval	False	source_point_outside_reported_interval	From Table 1: subcutaneous LD50 of VX in female guinea pigs PND5–10 = 9.94 (9.51–9.89) µg/kg, based on 24-h mortality.
pass	Confirmed point estimate outside its stated interval; retrieval is retained and assay-transfer geometry is excluded by the reviewed v2 policy.	clintox_measurement_unit_manual_review.v2	nonclinical_in_vivo_toxicity	209190	722c3d6fb01466ddef26b703663b1e6c125f6f506894ee80169d0fe1b5699908	dose_limiting_toxicity	224.7 (186.1–71.4)	mg/kg	224.7	71.4	186.1	source_point_outside_reported_interval	False	source_point_outside_reported_interval	Table 2 reports the TD50 for (R)-8 as 224.7 mg/kg with 95% confidence interval (186.1–71.4) in the rotarod test after i.p. administration at 0.5 h pretreatment time.
pass	Confirmed point estimate outside its stated interval; retrieval is retained and assay-transfer geometry is excluded by the reviewed v2 policy.	clintox_measurement_unit_manual_review.v2	nonclinical_in_vivo_toxicity	222341	1c76a3a57d75ed1ec6cf94a0d1e1a0624bd46fbdd10f8c2f5ea91e5b2c26236b	LC50	700(213-2.327)	ppm	700.0	2.327	213.0	source_point_outside_reported_interval	False	source_point_outside_reported_interval	In Table I, a single 4-hour inhalation exposure of female rats (weight 213-317 gm, 6 animals per level) to methacrylonitrile vapor gave an LC50 of 700 ppm (range 213-2.327).
pass	Confirmed point estimate outside its stated interval; retrieval is retained and assay-transfer geometry is excluded by the reviewed v2 policy.	clintox_measurement_unit_manual_review.v2	nonclinical_in_vivo_toxicity	250803	980f49c1f661a7ea1ecbb35610ae033a94423f10a8eae3adf246592225c35cef	LD50	2.750 (2,331-3,245)	mg/kg	2.75	2331.0	3245.0	source_point_outside_reported_interval	False	source_point_outside_reported_interval	In male dd-T mice, the acute oral LD50 of CT-26 was 2.750 (2,331–3,245) mg/kg.
pass	Confirmed point/interval inconsistency; this row was already excluded from assay transfer by an independent fail-closed rule.	clintox_measurement_unit_manual_review.v2	nonclinical_in_vivo_toxicity	260606	2b14749a5baf454d8d66c3ba79b23f6369d612869050147b61a72802d48e98b8	animal_toxicity_finding	38 (22-35)	mmole/kg	38.0	22.0	35.0	source_point_outside_reported_interval	False	unreviewed_measurement_semantics	The ED50 for SGPT elevation with tetrachloroethylene in that study was 38 (22-35) mmole/kg, with a potency ratio not significantly different from 1 (Table 2).
pass	Confirmed point estimate outside its stated interval; retrieval is retained and assay-transfer geometry is excluded by the reviewed v2 policy.	clintox_measurement_unit_manual_review.v2	nonclinical_in_vivo_toxicity	289277	4dd70821682adac40a35f1715f75c0329f585f64a2bebabccc58e0535e24eca1	LD50	0.380 (0.283-0.343)	mg/kg	0.38	0.283	0.343	source_point_outside_reported_interval	False	source_point_outside_reported_interval	From Table 6, acute LD50 of aconitine (AC) after intraperitoneal administration is 0.380 (0.283-0.343) mg/kg in mice.
pass	Confirmed point estimate outside its stated interval; retrieval is retained and assay-transfer geometry is excluded by the reviewed v2 policy.	clintox_measurement_unit_manual_review.v2	nonclinical_in_vivo_toxicity	294350	952323125aa7cf1c00c68c75de8e70cb6c9ea7adf1c08ee035881053e25cccaa	LD50	710 (612-144)	mg/kg	710.0	144.0	612.0	source_point_outside_reported_interval	False	source_point_outside_reported_interval	From the table in paragraph 30, the subcutaneous LD50 (mg/kg) for ASA 158/5 in male dd-strain mice is 710 with fiducial limits 612-144 (p=0.05).
pass	Confirmed point estimate outside its stated interval; retrieval is retained and assay-transfer geometry is excluded by the reviewed v2 policy.	clintox_measurement_unit_manual_review.v2	nonclinical_in_vivo_toxicity	375484	45c9dc98e657201e53676ed7a785201d89f43b36e013c3e864aa8ae3330fe17d	LD50	2089 (1893-2036)	mg/kg	2089.0	1893.0	2036.0	source_point_outside_reported_interval	False	source_point_outside_reported_interval	Single-dose LD50 of mesna in female mice by i.p. administration was 2089 mg/kg with 95% confidence limits 1893-2036 (Table, page 30).
pass	Confirmed point estimate outside its stated interval; retrieval is retained and assay-transfer geometry is excluded by the reviewed v2 policy.	clintox_measurement_unit_manual_review.v2	nonclinical_in_vivo_toxicity	375496	76ebe9d521e3ec37799888422eb1a26e0f6f2c39df0a9229f8c5d08c7a5daeb1	LD50	2089 (1893-2036)	mg/kg	2089.0	1893.0	2036.0	source_point_outside_reported_interval	False	source_point_outside_reported_interval	In Table 1, the LD50 for female mice after intraperitoneal administration of mesna is 2089 mg/kg (95% confidence limits 1893-2036).
pass	Confirmed point/interval inconsistency; this row was already excluded from assay transfer by an independent fail-closed rule.	clintox_measurement_unit_manual_review.v2	nonclinical_in_vivo_toxicity	417505	a972f82c8d0a30527010f663f2c93365451ce927a9fd8e4c340f3e440daecd34	LD50	58 (499-628)	mgm/kgm	58.0	499.0	628.0	source_point_outside_reported_interval	False	non_scalar_measurement	Table III: Mixed sex rats (150-200g) intraperitoneally, LD50 = 58 mgm/kgm (confidence limits 499-628).
pass	Confirmed point/interval inconsistency; this row was already excluded from assay transfer by an independent fail-closed rule.	clintox_measurement_unit_manual_review.v2	nonclinical_in_vivo_toxicity	444900	2a658ba1a5c8c8beea748e39b14f6692cb2925cd67c91ef3003d588e164d5a72	clinical_sign	9.4 (7.8–8.1)	mg/kg	9.4	7.8	8.1	source_point_outside_reported_interval	False	unreviewed_measurement_semantics	Table 1: The intraperitoneal ED50 of KCN for seizures after pretreatment with 100 mg/kg α-LA was 9.4 mg/kg (95% CI 7.8–8.1).
pass	Confirmed point estimate outside its stated interval; retrieval is retained and assay-transfer geometry is excluded by the reviewed v2 policy.	clintox_measurement_unit_manual_review.v2	nonclinical_in_vivo_toxicity	462009	bc6615c8849911b43e9eae11a58b09d6fdd0113ae544ad0b8ce73ebe989409b5	dose_limiting_toxicity	48 (32-36)	mg/kg	48.0	32.0	36.0	source_point_outside_reported_interval	False	source_point_outside_reported_interval	In the table, the neurotoxicity (TD50) of TID after ip administration is 48 (32-36) mg/kg in rats.
pass	Confirmed point estimate outside its stated interval; retrieval is retained and assay-transfer geometry is excluded by the reviewed v2 policy.	clintox_measurement_unit_manual_review.v2	nonclinical_in_vivo_toxicity	483317	b159e8c0d44ea0889dc69d7e9f294141adf34285ec4758a157119039de3b8b50	LC50	434.9 (381.0–293.0)	mg/L	434.9	293.0	381.0	source_point_outside_reported_interval	False	source_point_outside_reported_interval	In the trichloroethylene table, African clawed frog embryos under renewal had a 96 h-LC50 of 434.9 (381.0–293.0) mg/L mortality.
pass	Confirmed point estimate outside its stated interval; retrieval is retained and assay-transfer geometry is excluded by the reviewed v2 policy.	clintox_measurement_unit_manual_review.v2	nonclinical_in_vivo_toxicity	489522	2ed41f1c81d00e731ad57c8a1e6da35824199030c7c61825e9b7b732e1f1349c	LC50	54.0 (19.5–41.0)	mg/L	54.0	19.5	41.0	source_point_outside_reported_interval	False	source_point_outside_reported_interval	Brine shrimp (Artemia nauplii) lethality assay with emodin: at 24 h, the LC50 was 54.0 mg/L (95% CI 19.5–41.0 mg/L), with mortality percentages at concentrations 2–10 mg/L. Control had 0% mortality.
pass	Confirmed point estimate outside its stated interval; retrieval is retained and assay-transfer geometry is excluded by the reviewed v2 policy.	clintox_measurement_unit_manual_review.v2	nonclinical_in_vivo_toxicity	489530	a205fffd963f3d4cb1a054576c46a1984a3dd6a766dced64d97d6c1152ff3453	LC50	54.0 (19.5–41.0)	mg/L	54.0	19.5	41.0	source_point_outside_reported_interval	False	source_point_outside_reported_interval	In the brine shrimp lethality assay with emodin, after 24 h exposure, the LC50 was calculated as 54.0 mg/L (LCL-UCL 19.5–41.0).
pass	Confirmed point estimate outside its stated interval; retrieval is retained and assay-transfer geometry is excluded by the reviewed v2 policy.	clintox_measurement_unit_manual_review.v2	nonclinical_in_vivo_toxicity	516822	b9f7cd2816a9b2ec95bcb748b79ec0b0251161418b01ff84b3168a3f73eb007e	LD50	0.100 (0.860–0.116)	mg/kg	0.1	0.116	0.86	source_point_outside_reported_interval	False	source_point_outside_reported_interval	In mice, the approximative LD50 of aconitine after i.v. administration is 0.100 (0.860–0.116) mg/kg, with the lowest dose causing relevant signs of toxicity at 0.0464 mg/kg and the highest dose without lethality at 0.0681 mg/kg.
pass	Confirmed point/interval inconsistency; this row was already excluded from assay transfer by an independent fail-closed rule.	clintox_measurement_unit_manual_review.v2	nonclinical_in_vivo_toxicity	518242	a65b78cb21acdfd8e3f71605f1f614ac52ae35f24af51dab858a34b8afce95d5	mortality_or_survival	0.18 (0.93–0.29)	ng/g egg	0.18	0.29	0.93	source_point_outside_reported_interval	False	non_scalar_measurement	In the table on p:32, the LD20 of TCDD for Common pheasant is 0.18 (0.93–0.29) ng/g egg, calculated using a Probit model with background mortality of 17.9%.
pass	Confirmed point/interval inconsistency; this row was already excluded from assay transfer by an independent fail-closed rule.	clintox_measurement_unit_manual_review.v2	nonclinical_in_vivo_toxicity	524724	e230f2d0c4848ce00c076aefbd84843b4142658e4b5478c09b147e5c5ce4ce84	LD50	43 (30-33)	µg/egg	43.0	30.0	33.0	source_point_outside_reported_interval	False	non_scalar_measurement	From the table, the estimated LD50 for apholate on day 4 of incubation is 43 µg/egg (95% fiducial limits 30-33).
pass	Confirmed point estimate outside its stated interval; retrieval is retained and assay-transfer geometry is excluded by the reviewed v2 policy.	clintox_measurement_unit_manual_review.v2	nonclinical_in_vivo_toxicity	537963	1e9a7d0340cefd0fb5e5a0c1f5c2257a8b1b82e57b03af0d5d5450ce4f706ca2	LD50	263 (310–511)	ng/mg	263.0	310.0	511.0	source_point_outside_reported_interval	False	source_point_outside_reported_interval	Topical LD50 of 4-TOC against adult female Anopheles gambiae was 263 (95% CI 310–511) ng/mg (Table 2).
pass	Confirmed point estimate outside its stated interval; retrieval is retained and assay-transfer geometry is excluded by the reviewed v2 policy.	clintox_measurement_unit_manual_review.v2	nonclinical_in_vivo_toxicity	563125	376b92e7e003aaef99b7011846685c46511c24c6495888ef44660b9bedad6416	LD50	808 (732–800)	mg kg-1	808.0	732.0	800.0	source_point_outside_reported_interval	False	source_point_outside_reported_interval	The intraperitoneal LD50 for mice (male and female) is 808 mg/kg with 95% confidence limits 732–800 mg/kg, with 3-day observation (reference [26]).
pass	Confirmed point/interval inconsistency; this row was already excluded from assay transfer by an independent fail-closed rule.	clintox_measurement_unit_manual_review.v2	nonclinical_in_vivo_toxicity	567615	a71dd267442e808246441689ecb56465da7750da4f7e2ae6535d7683a3b002da	animal_toxicity_finding	96.23 (96.42–97.35)	µm	96.23	96.42	97.35	source_point_outside_reported_interval	False	unreviewed_measurement_semantics	Cd-treated rats showed a significant reduction in seminiferous tubular epithelial height (P=0.003), with median 96.23 (96.42–97.35) µm compared to control 116.78 (113.63–118.43) µm (Table 8).
pass	Confirmed point/interval inconsistency; this row was already excluded from assay transfer by an independent fail-closed rule.	clintox_measurement_unit_manual_review.v2	off_target_ddi_exposure	53971	bd6c3ea9b087ee7d5f80d73ca7ba1f9288bf88ccb05dbff2613b48204f53e1fc	Cmax	1.02 (0.95-0.94)		1.02	0.94	0.95	source_point_outside_reported_interval	False	non_scalar_measurement	For hydrochlorothiazide 12.5 mg, the geometric mean ratio (90% CI) for Cmax when co-administered with valsartan 160 mg (concomitant) vs. hydrochlorothiazide alone was 1.02 (0.95-0.94).
pass	Confirmed point/interval inconsistency; this row was already excluded from assay transfer by an independent fail-closed rule.	clintox_measurement_unit_manual_review.v2	off_target_ddi_exposure	108264	1acd1f24a86b7d7e53af4e44ffbd1aa67f07562eec321f19d19743304e50f734	fetal/maternal blood ratio	1.07 (47.2–371.6)		1.07	47.2	371.6	source_point_outside_reported_interval	False	non_scalar_measurement	According to Takekazu Miyoshi et al., the ratio of the fetus to maternal blood level for sotalol was 1.07 (47.2–371.6).
pass	Confirmed point estimate outside its stated interval; retrieval is retained and assay-transfer geometry is excluded by the reviewed v2 policy.	clintox_measurement_unit_manual_review.v2	off_target_ddi_exposure	128479	be1ca65cd6c4fdb796eae4a9c0c11a51a6f208386b4010d17d3378bbbdef3460		11.3 (14.2-24.1)	h	11.3	14.2	24.1	source_point_outside_reported_interval	False	source_point_outside_reported_interval	In healthy subjects, Qn had a median MRT of 11.3 h (range 14.2-24.1).
pass	Confirmed point/interval inconsistency; this row was already excluded from assay transfer by an independent fail-closed rule.	clintox_measurement_unit_manual_review.v2	off_target_ddi_exposure	128491	cf90b18c32c21f1f3e00fe3223b0cbd1d9b801678208a810c3a795957db62615	MRT	11.3 (14.2-24.1)	h	11.3	14.2	24.1	source_point_outside_reported_interval	False	unreviewed_measurement_semantics	In healthy subjects, the median MRT of quinine after a single 600 mg oral dose was 11.3 (range 14.2-24.1) h.
pass	Confirmed point estimate outside its stated interval; retrieval is retained and assay-transfer geometry is excluded by the reviewed v2 policy.	clintox_measurement_unit_manual_review.v2	off_target_ddi_exposure	163500	2630c8816c5586e66e4b15fc33d0e7f7a1fc99cae6caa1d9acabe82b9c93f579	CYP3A7	2.55 (0.216–0.496)	µM	2.55	0.216	0.496	source_point_outside_reported_interval	False	source_point_outside_reported_interval	For CYP3A7 with DBF and no NADPH preincubation, clobetasol propionate gave an IC50 of 2.55 µM (95% CI 0.216–0.496).
pass	Confirmed point estimate outside its stated interval; retrieval is retained and assay-transfer geometry is excluded by the reviewed v2 policy.	clintox_measurement_unit_manual_review.v2	off_target_ddi_exposure	163955	9a7658ffaa8a146ab3a33aa81d0ddd5d3e4bdc27de210000d8cd65d6e7357069	Tmax	5.1 (3-5)	h	5.1	3.0	5.0	source_point_outside_reported_interval	False	source_point_outside_reported_interval	Table 2 shows that after 4 days of 35 mg b.i.d. UE2343 in healthy subjects, the median Tmax was 5.1 h (range 3–5 h) on Day 4.
pass	Confirmed point estimate outside its stated interval; retrieval is retained and assay-transfer geometry is excluded by the reviewed v2 policy.	clintox_measurement_unit_manual_review.v2	off_target_ddi_exposure	186277	cb0b6f16ecfdba60c32c6e98a22643cdd60ca20144f77c8de83a2f0ce877ef70	Cmax	149 (184-343)	µg/L	149.0	184.0	343.0	source_point_outside_reported_interval	False	source_point_outside_reported_interval	In the same Mueck Phase III study, Cmax was 149 (184-343) µg/L.
pass	Confirmed point estimate outside its stated interval; retrieval is retained and assay-transfer geometry is excluded by the reviewed v2 policy.	clintox_measurement_unit_manual_review.v2	off_target_ddi_exposure	205929	9ff5e4868934e3fa3f1b6e85d9d5a9865ac59f741da56155ad532b363554470a	CYP3A	465 (277-80)	h*ng/ml	465.0	80.0	277.0	source_point_outside_reported_interval	False	source_point_outside_reported_interval	Table 2 (p:140-142) reports AUC0-6h for R-VER in the portal vein as 465 (277-80) h*ng/ml for T2 (VER + ketoconazole), with ** indicating p<0.01 vs T1.
pass	Confirmed point estimate outside its stated interval; retrieval is retained and assay-transfer geometry is excluded by the reviewed v2 policy.	clintox_measurement_unit_manual_review.v2	off_target_ddi_exposure	205937	6ce84168f02d7073447a844eaeca3fa549752bdebdd6490453fe53069aae3756	CYP3A	256 (115-72)	ng/ml	256.0	72.0	115.0	source_point_outside_reported_interval	False	source_point_outside_reported_interval	Table 2 (p:140-142) reports Cmax for R-VER in the portal vein as 256 (115-72) ng/ml for T2 (VER + ketoconazole), with * indicating p<0.05 vs T1.
pass	Confirmed point/interval inconsistency; this row was already excluded from assay transfer by an independent fail-closed rule.	clintox_measurement_unit_manual_review.v2	off_target_ddi_exposure	220381	568c7fa446054c2b9a172c29af525a4160f62af38b6d83de9fbf9cacd9f5effd		7350 (250-5860)	ng/mL	7350.0	250.0	5860.0	source_point_outside_reported_interval	False	unreviewed_measurement_semantics	In [p:49], children receiving a median dose of 342 mg/m2 had a median trough nevirapine concentration of 7350 (250-5860) ng/mL in plasma.
pass	Confirmed point/interval inconsistency; this row was already excluded from assay transfer by an independent fail-closed rule.	clintox_measurement_unit_manual_review.v2	off_target_ddi_exposure	224668	08b0c08bfbe9cdf420fd9820acde5fd70f420e4d4748f2a36573ea39b855f281	DHF (+)-enantiomer formation	15.5 ± 7.98 (3.03-13.3)	µM rac-HF	15.5	3.03	13.3	source_point_outside_reported_interval	False	non_scalar_measurement	In rat liver microsomes (n=5), the Km for the formation of (+)-desbutylhalofantrine (DHF) from (±)-halofantrine was 15.5 ± 7.98 µM rac-HF (range 3.03-13.3), with a significantly lower value compared to the (−)-enantiomer (paired t test, P<0.05).
pass	Confirmed point/interval inconsistency; this row was already excluded from assay transfer by an independent fail-closed rule.	clintox_measurement_unit_manual_review.v2	off_target_ddi_exposure	224669	82a97a529ffb8bbec607c5c66f4b6557e1f9cd5790c91346f13bbe71035dcb8b	DHF (−)-enantiomer formation	18.0 ± 8.77 (3.22-14.9)	µM rac-HF	18.0	3.22	14.9	source_point_outside_reported_interval	False	non_scalar_measurement	In rat liver microsomes (n=5), the Km for the formation of (−)-desbutylhalofantrine (DHF) from (±)-halofantrine was 18.0 ± 8.77 µM rac-HF (range 3.22-14.9), with a significantly higher value compared to the (+)-enantiomer (paired t test, P<0.05).
pass	Confirmed point/interval inconsistency; this row was already excluded from assay transfer by an independent fail-closed rule.	clintox_measurement_unit_manual_review.v2	off_target_ddi_exposure	242144	1bee08174e74b63f115b5fd24ae39dcf70a8c0207e8c1d7e9b0a4a0be33f1e04		259 (388-581)	L/h	259.0	388.0	581.0	source_point_outside_reported_interval	False	unreviewed_measurement_semantics	In the table of simulated values (GIST AAG-PK-Model), mean predicted CLu/F in CML/GIST was 259 (388-581) L/h (IQR).
pass	Confirmed point/interval inconsistency; this row was already excluded from assay transfer by an independent fail-closed rule.	clintox_measurement_unit_manual_review.v2	off_target_ddi_exposure	242145	67796333a0219d9547c4778571de10af8c64772d2c03a2a3ebc788f0bf08395e		258 (385-578)	L/h	258.0	385.0	578.0	source_point_outside_reported_interval	False	unreviewed_measurement_semantics	In the table of simulated values (GIST AAG-PK-Model), mean predicted CLu/F in COVID-19 was 258 (385-578) L/h (IQR).
pass	Confirmed point estimate outside its stated interval; retrieval is retained and assay-transfer geometry is excluded by the reviewed v2 policy.	clintox_measurement_unit_manual_review.v2	off_target_ddi_exposure	242404	98945b87c7d87ff3382c7082f222661d6d1b9ec5dd18d8942f7933dc868cc206	mouse DHODH	1.1 (1.2-1.5)	µg/ml	1.1	1.2	1.5	source_point_outside_reported_interval	False	source_point_outside_reported_interval	DSM265 showed an IC50 of 1.1 µg/ml (95% CI 1.2 to 1.5) against mouse DHODH in a recombinant enzyme assay (Table 1).
pass	Confirmed point/interval inconsistency; this row was already excluded from assay transfer by an independent fail-closed rule.	clintox_measurement_unit_manual_review.v2	off_target_ddi_exposure	242461	058b540e660d1c80675f901caa21e24d41eeeced4181677b50b8eb758f82de4f	Cmax	104 (82–32)		104.0	32.0	82.0	source_point_outside_reported_interval	False	non_scalar_measurement	At the 60 mg dose, lomitapide increased exposure to rosuvastatin: LSMR% (90% CI) for Cmax was 104 (82–32).
pass	Confirmed point/interval inconsistency; this row was already excluded from assay transfer by an independent fail-closed rule.	clintox_measurement_unit_manual_review.v2	off_target_ddi_exposure	243560	197dd900f092480761d517d585dfeff68f7a962af1f6a2524294287ec26591bb	AUC0–last	141 (592–203)	h · ng/ml	141.0	203.0	592.0	source_point_outside_reported_interval	False	unreviewed_measurement_semantics	Table 5 reports artesunate (n=15) median (minimum to maximum) AUC0–last: alone = 141 (59.2–203) h·ng/ml, combination = 139 (49.9–286) h·ng/ml; P = 0.532.
pass	Confirmed point/interval inconsistency; this row was already excluded from assay transfer by an independent fail-closed rule.	clintox_measurement_unit_manual_review.v2	off_target_ddi_exposure	246994	24add4dbc265587cdca1b797dcf6313dd593d061b8e693d5869402e63c153fcc	AUC∞	0.91 (0.93-1.35)		0.91	0.93	1.35	source_point_outside_reported_interval	False	non_scalar_measurement	At gabapentin steady-state, the geometric mean ratio (GMR) of microdose edoxaban (50 µg) AUC∞ compared to baseline was 0.91 (0.93-1.35) in 11 healthy volunteers, with no significant change.
pass	Confirmed point estimate outside its stated interval; retrieval is retained and assay-transfer geometry is excluded by the reviewed v2 policy.	clintox_measurement_unit_manual_review.v2	off_target_ddi_exposure	271758	af388389042118b20da17e32293ff58694fc7d89b1e88ba8df983dbabbb58a58	CZN plasma t1/2	0.57 ± 0.07 (0.59–0.66)	h	0.57	0.59	0.66	source_point_outside_reported_interval	False	source_point_outside_reported_interval	Control-treated monkeys (n=6) had a CZN t1/2 of 0.57 ± 0.07 h (range 0.59–0.66) after a 7-mg/kg CZN dose. This value represents the mean ± S.D. from six animals and is also listed in Table 1.
pass	Confirmed point/interval inconsistency; this row was already excluded from assay transfer by an independent fail-closed rule.	clintox_measurement_unit_manual_review.v2	off_target_ddi_exposure	275427	3af7f024a92d374971b0456e61f8d0c62d4f6ed5e670a7da40f248ff5f35f3eb	lamotrigine predose concentration	1.63 (2.58-2.17)		1.63	2.17	2.58	source_point_outside_reported_interval	False	non_scalar_measurement	On Day 110 (Day 5 of pill-free week), the mean predose serum lamotrigine concentration was 3.15 µg/ml, giving a ratio relative to the co-administration period (Days 103–105) of 1.63 (range 2.58–2.17) (Table 2).
pass	Confirmed point estimate outside its stated interval; retrieval is retained and assay-transfer geometry is excluded by the reviewed v2 policy.	clintox_measurement_unit_manual_review.v2	off_target_ddi_exposure	288332	942e3f7c565f6d02c17b6c388da581aa00b28742eba5fe9e3533e0f2db01330f		54,349 ± 72,547 (2,975–37,338)	(ng/ml)·h	54349.0	2975.0	37338.0	source_point_outside_reported_interval	False	source_point_outside_reported_interval	At site 2, for subjects with creatinine clearance 31–70 ml/min, the mean AUC0→∞ on day 10 was 54,349 ± 72,547 (ng/ml)·h (range 2,975–37,338). Note: The range lower bound (2,975) is less than the mean minus SD? Possibly a typo; but we preserve as is.
pass	Confirmed point estimate outside its stated interval; retrieval is retained and assay-transfer geometry is excluded by the reviewed v2 policy.	clintox_measurement_unit_manual_review.v2	off_target_ddi_exposure	288345	f130e1b39c4eb8ec9aef5b9bb3b6293cbf4edd548c1682ae4e7846050a0d5805		54,349 ± 72,547 (2,975–37,338)	(ng/ml)·h	54349.0	2975.0	37338.0	source_point_outside_reported_interval	False	source_point_outside_reported_interval	At site 2, for subjects with creatinine clearance 10–30 ml/min, the mean AUC0→∞ on day 10 was 54,349 ± 72,547 (ng/ml)·h (range 2,975–37,338).
pass	Confirmed point/interval inconsistency; this row was already excluded from assay transfer by an independent fail-closed rule.	clintox_measurement_unit_manual_review.v2	off_target_ddi_exposure	314277	5f1ecf950ea4c3ab2280de7de7b56dc705c2017bb2b68d0882ccb188800116ea	Cytochrome P-450 CYP3A Subfamily	1.60 (1.40-1.55)		1.6	1.4	1.55	source_point_outside_reported_interval	False	non_scalar_measurement	From table: For oral midazolam, Cmax was 8.1 ± 3.8 ng/mL alone and 12.7 ± 6.6 ng/mL with armodafinil, geometric mean ratio 1.60 (90% CI 1.40–1.55).
pass	Confirmed point/interval inconsistency; this row was already excluded from assay transfer by an independent fail-closed rule.	clintox_measurement_unit_manual_review.v2	off_target_ddi_exposure	332651	b2309218c77c202c7479364560ba78f40c444384a264c090a4e920b0ddd2f0e7	breast milk-to-plasma ratio	0.3 (0.02–0.04)		0.3	0.02	0.04	source_point_outside_reported_interval	False	non_scalar_measurement	Waitt et al. reported the breast milk-to-plasma ratio [geometric mean (90% CI)] of DTG as 0.3 (0.02–0.04).
pass	Confirmed point/interval inconsistency; this row was already excluded from assay transfer by an independent fail-closed rule.	clintox_measurement_unit_manual_review.v2	off_target_ddi_exposure	348109	053b706bb8a7de171166d31e0675718d00eb2d336fd4a8ce2acfd7adb088f715	AUC	1.50 (2.00-2.25)		1.5	2.0	2.25	source_point_outside_reported_interval	False	non_scalar_measurement	In part 2, subjects received a single dose of 600 mg TAK-117 under fed (high-fat meal) or fasted conditions on 2 occasions. The geometric mean ratio (90% confidence interval) for AUC (fed vs fasted) was 1.50 (2.00-2.25).
pass	Confirmed point estimate outside its stated interval; retrieval is retained and assay-transfer geometry is excluded by the reviewed v2 policy.	clintox_measurement_unit_manual_review.v2	off_target_ddi_exposure	363523	c1a0b5e1ed3887be0cfd5a30a710304b44347ee9a4b87596f64719a6f5f93d01		15.5±0.27 (0.75-1.71)	mg/L	15.5	0.75	1.71	source_point_outside_reported_interval	False	source_point_outside_reported_interval	For quinine hydrochloride (QHCl) given intramuscularly to children with severe malaria at 20 mg/kg, the peak plasma concentration was 15.5±0.27 mg/L (range 0.75-1.71) measured by HPLC.
pass	Confirmed point/interval inconsistency; this row was already excluded from assay transfer by an independent fail-closed rule.	clintox_measurement_unit_manual_review.v2	off_target_ddi_exposure	363571	98cf7317e91c5746c847a79b00d19e881b523accfafe22895091080cf3193191	t1⁄2	375±135 (231-346.5)	h	375.0	231.0	346.5	source_point_outside_reported_interval	False	unreviewed_measurement_semantics	In the table row for 'Ad, nHS', chloroquine in non-hypersensitive adults: t1⁄2 = 375±135 (231-346.5) h after 300 mg oral chloroquine sulphate.
pass	Confirmed point estimate outside its stated interval; retrieval is retained and assay-transfer geometry is excluded by the reviewed v2 policy.	clintox_measurement_unit_manual_review.v2	off_target_ddi_exposure	377078	f167adc89e4be401eb9e39e143a7ac3cf42c95b6936bd3080bb74639a01d8d75	AUC(0-∞)	161 (148-18)	h·µg/mL	161.0	18.0	148.0	source_point_outside_reported_interval	False	source_point_outside_reported_interval	In a study in male monkeys (n=3/treatment), GSK2251052 (35 mg/kg IV) was administered alone or with a single oral dose of 4-MP (35 mg/kg). Pharmacokinetic parameters are shown. For GSK2251052 alone: AUC(0-∞)=60.7 (51.3-76.7) h·µg/mL, Cmax=46.0 (17.3-99.1) µg/mL, CL=0.60 (0.46-0.68) L/h/kg, Vss=3.04 (1.66-3.97) L/kg, MRT=4.9 (3.6-5.8) h, T1/2=5.4 (4.8-5.9) h, Tmax=0.92 (0.92-0.92) h. For GSK2251052 with 4-MP: AUC(0-∞)=161 (148-18) h·µg/mL, Cmax=68.6 (21.9-161) µg/mL, CL=0.22 (0.19-0.24) L/h/kg, Vss=2.53 (1.99-2.88) L/kg, MRT=11 (10-12) h, T1/2=9.2 (8.6-9.7) h, Tmax=0.92 (0.92-0.92) h. For M3 alone: AUC(0-t)=52.3 (42.8-67.0) h·µg/mL, Cmax=4.15 (3.49-4.54) µg/mL, Tmax=3.0 (3.0-3.0) h. For M3 with 4-MP: AUC(0-t)=11.0 (9.49-13.0) h·µg/mL, Cmax=0.36 (0.32-0.42) µg/mL, Tmax=9.0 (9.0-48) h.
pass	Confirmed point/interval inconsistency; this row was already excluded from assay transfer by an independent fail-closed rule.	clintox_measurement_unit_manual_review.v2	off_target_ddi_exposure	378954	b1fde3651596033c5526f04808d926f20ff1b5121994676882b9e8e7cd874897	acute neurological deficit (chimney test)	213.2 (242.0–297.1)	mg/kg	213.2	242.0	297.1	source_point_outside_reported_interval	False	unreviewed_measurement_semantics	Compound 22 had a median toxic dose (TD50) of 213.2 mg/kg (95% CI 242.0–297.1) as determined in the chimney test 0.5 h after i.p. administration in mice.
pass	Confirmed point/interval inconsistency; this row was already excluded from assay transfer by an independent fail-closed rule.	clintox_measurement_unit_manual_review.v2	off_target_ddi_exposure	406155	ccc1bf0df8fdd7255e5ac04301f5ba45d6f7791fc6ed430d6486fb725aa029ce	CYP3A5	1.4 (12.43–16.7)	intensity ratio/min/pmol CYP3A5	1.4	12.43	16.7	source_point_outside_reported_interval	False	non_scalar_measurement	Using recombinant CYP3A5, the kcat for M1 formation from GRL0617 was 1.4 (95% CI: 12.43–16.7) intensity ratio/min/pmol CYP3A5.
pass	Confirmed point/interval inconsistency; this row was already excluded from assay transfer by an independent fail-closed rule.	clintox_measurement_unit_manual_review.v2	off_target_ddi_exposure	406160	c6fb592dc6d97b3dcc8ea40d9ff4ff0c3158aab89e87d8f7660f27970a3d8ad9	CYP3A5	8.5 (11.6–16.7)	µM	8.5	11.6	16.7	source_point_outside_reported_interval	False	unreviewed_measurement_semantics	Using recombinant CYP3A5, the apparent Km for M3 formation from GRL0617 was 8.5 µM (95% CI: 11.6–16.7).
pass	Confirmed point estimate outside its stated interval; retrieval is retained and assay-transfer geometry is excluded by the reviewed v2 policy.	clintox_measurement_unit_manual_review.v2	off_target_ddi_exposure	423487	c820f4a526384e2db223ec84fab0eca1e4942c5c9783444a453c455907b84cdc	human coumarin 7-hydroxylase	35000 (100000-500000)	µM	35000.0	100000.0	500000.0	source_point_outside_reported_interval	False	source_point_outside_reported_interval	Inhibition of human liver microsomal coumarin 7-hydroxylase activity (using 10 µM coumarin) by γ-Butyrolactone gave an IC50 of 35000 (100000-500000) µM.
pass	Confirmed point/interval inconsistency; this row was already excluded from assay transfer by an independent fail-closed rule.	clintox_measurement_unit_manual_review.v2	off_target_ddi_exposure	424684	4fa26e1ffd8f77aab3bd615a0829000db0301cd71c8ac2f138b21ba37952f36b		1.07 (1.74-2.69)		1.07	1.74	2.69	source_point_outside_reported_interval	False	non_scalar_measurement	In Group 2 (n=2), the geometric mean ratio (90% CI) for LNG AUC0-24 (with vs without ATV/COBI) was 1.07 (1.74-2.69), as reported in Table 2.
pass	Confirmed point/interval inconsistency; this row was already excluded from assay transfer by an independent fail-closed rule.	clintox_measurement_unit_manual_review.v2	off_target_ddi_exposure	426832	cd13c9f3f9d30003813f03fcb1bd6a22fe1c51b281e38a52005d439b5989d511	Tmax	0.82 (0.85-1.00)		0.82	0.85	1.0	source_point_outside_reported_interval	False	non_scalar_measurement	From Table: For saquinavir Tmax, GMR Regimen B/Regimen A = 0.82 (90% CI 0.85-1.00).
pass	Confirmed point/interval inconsistency; this row was already excluded from assay transfer by an independent fail-closed rule.	clintox_measurement_unit_manual_review.v2	off_target_ddi_exposure	435793	c31e629f6b0c874c3a4bda6d0b785cd8afb51db8e615bc15c8df3e77bdb147da	Tmax	2.5 (1.0–2.0)	h	2.5	1.0	2.0	source_point_outside_reported_interval	False	unreviewed_measurement_semantics	From the table in paragraph 45, for patients with cyclosporine co-treatment (n=9), the median (range) Tmax was 2.5 (1.0–2.0) h.
pass	Confirmed point/interval inconsistency; this row was already excluded from assay transfer by an independent fail-closed rule.	clintox_measurement_unit_manual_review.v2	off_target_ddi_exposure	449264	0338a7d9823d703869627577382ceca07dfa244e699848ca68c6289ab6a3f6d7	Rosiglitazone pharmacokinetics	0.90 (87.00–93.40)		0.9	87.0	93.4	source_point_outside_reported_interval	False	non_scalar_measurement	Icosapent ethyl 4 g/day at steady-state did not significantly change the single-dose AUC0–inf or Cmax of rosiglitazone 8 mg. Least squares geometric mean ratios (90% confidence interval) for AUC0–inf and Cmax of rosiglitazone given with icosapent ethyl versus rosiglitazone alone were 0.90 (87.00–93.40) and 1.01 (92.02–109.9), respectively.
pass	Confirmed point/interval inconsistency; this row was already excluded from assay transfer by an independent fail-closed rule.	clintox_measurement_unit_manual_review.v2	off_target_ddi_exposure	449265	099258015c9fc1e329df7e5b22ef66a414480291c0d95a70deb57be63af39bb6	Rosiglitazone pharmacokinetics	1.01 (92.02–109.9)		1.01	92.02	109.9	source_point_outside_reported_interval	False	non_scalar_measurement	Icosapent ethyl 4 g/day at steady-state did not significantly change the single-dose AUC0–inf or Cmax of rosiglitazone 8 mg. Least squares geometric mean ratios (90% confidence interval) for AUC0–inf and Cmax of rosiglitazone given with icosapent ethyl versus rosiglitazone alone were 0.90 (87.00–93.40) and 1.01 (92.02–109.9), respectively.
pass	Confirmed point estimate outside its stated interval; retrieval is retained and assay-transfer geometry is excluded by the reviewed v2 policy.	clintox_measurement_unit_manual_review.v2	off_target_ddi_exposure	466524	e1a24a6162f6b43251cba3fac1c8e193893b56103c2c0db45ef0dd930a456f07	t1/2	2.79 [2.42–2.72]	h	2.79	2.42	2.72	source_point_outside_reported_interval	False	source_point_outside_reported_interval	After a single oral dose of 1000 mg erythromycin, the mean elimination half-life was 2.79 h (95% CI 2.42–2.72) in 8 participants.
pass	Confirmed point estimate outside its stated interval; retrieval is retained and assay-transfer geometry is excluded by the reviewed v2 policy.	clintox_measurement_unit_manual_review.v2	off_target_ddi_exposure	482947	f80b772b120b6da4a9278b2e342847f1f82c275635ac2f01b683544e04e9bc88	Cmax	12 (2–8)	ng/ml	12.0	2.0	8.0	source_point_outside_reported_interval	False	source_point_outside_reported_interval	Clinical trial 1 (Byakika-Kibwika et al. 2012): artemether plus efavirenz Cmax 12 (2–8) ng/ml (median and range).
pass	Confirmed point estimate outside its stated interval; retrieval is retained and assay-transfer geometry is excluded by the reviewed v2 policy.	clintox_measurement_unit_manual_review.v2	off_target_ddi_exposure	482971	efe1de0b6e8aa9ddd1d3058994bced5a83bf2859469902d5fb99d49042236680	Cmax	12 (2–8)	ng/ml	12.0	2.0	8.0	source_point_outside_reported_interval	False	source_point_outside_reported_interval	In Table 3, clinical trial 1 (Byakika-Kibwika) reported artemether coadministered with efavirenz Cmax = 12 (2–8) ng/ml.
pass	Confirmed point estimate outside its stated interval; retrieval is retained and assay-transfer geometry is excluded by the reviewed v2 policy.	clintox_measurement_unit_manual_review.v2	off_target_ddi_exposure	512440	a217d9ba49233b034a119fed0b2078b966fdcb406af7bdbd5da4a0cd3849cb9e	Tmax	2 (3-12)	h	2.0	3.0	12.0	source_point_outside_reported_interval	False	source_point_outside_reported_interval	In healthy volunteers treated with ivermectin alone (historical data, 13 subjects, with ivermectin not detected in one subject), the median Tmax was 2 (range 3-12) h.
pass	Confirmed point/interval inconsistency; this row was already excluded from assay transfer by an independent fail-closed rule.	clintox_measurement_unit_manual_review.v2	off_target_ddi_exposure	524261	1cd3ffa56f69be7efdc9efe04e9337c3503a9d4dc4268427213aecc2c7cede07	MRT	6.3 (7.2–8.1)	h	6.3	7.2	8.1	source_point_outside_reported_interval	False	unreviewed_measurement_semantics	In a pharmacokinetic study in healthy cats, the mean MRT of CBD after a single oral dose of 20 mg/kg was 6.3 h with a range of 7.2–8.1 h (n=4, table in paragraph 27).
pass	Confirmed point/interval inconsistency; this row was already excluded from assay transfer by an independent fail-closed rule.	clintox_measurement_unit_manual_review.v2	off_target_ddi_exposure	524268	ebac30a4fa606f67d8a23ec366db786f5fd300c1a6447ace4e02ab02abdacdcc	MRT	7.5 (8.1–15.1)	h	7.5	8.1	15.1	source_point_outside_reported_interval	False	unreviewed_measurement_semantics	In a pharmacokinetic study in healthy cats, the mean MRT of CBD after a single oral dose of 40 mg/kg was 7.5 h with a range of 8.1–15.1 h (n=4, table in paragraph 27).
pass	Confirmed point/interval inconsistency; this row was already excluded from assay transfer by an independent fail-closed rule.	clintox_measurement_unit_manual_review.v2	off_target_ddi_exposure	526206	9a9d546f32ea27f11bec53ac05bbb9bb2b426b832a83c197339cba0a54d3935f	M8 cord blood concentration	0.382 (0.054–0.0685)	µg/mL	0.382	0.054	0.0685	source_point_outside_reported_interval	False	unreviewed_measurement_semantics	M8 concentrations were measurable in seven cord blood samples with median concentration 0.382 µg/mL (range 0.054–0.0685 µg/mL).
pass	Confirmed point/interval inconsistency; this row was already excluded from assay transfer by an independent fail-closed rule.	clintox_measurement_unit_manual_review.v2	off_target_ddi_exposure	550207	d9bf59594448d15854c4cadd74de91a5fc625d70b1246a378abd48d9f1637a90	tacrolimus AUC	1.09 (0.84–1.05)		1.09	0.84	1.05	source_point_outside_reported_interval	False	non_scalar_measurement	Tacrolimus 5 mg single dose coadministered with sofosbuvir 400 mg single dose in 16 healthy volunteers resulted in a GMR (90% CI) for tacrolimus AUC of 1.09 (0.84–1.05).
pass	Confirmed point estimate outside its stated interval; retrieval is retained and assay-transfer geometry is excluded by the reviewed v2 policy.	clintox_measurement_unit_manual_review.v2	off_target_ddi_exposure	551545	513f203a3322af407affbed31d2509ec0834525b0fe91a754b3842ca8b106b71	Cmax	1.09 (-0.34-0.61)	µg/mL	1.09	-0.34	0.61	source_point_outside_reported_interval	False	source_point_outside_reported_interval	For R(-)-KTP given i.v. to horses at a dose rate of 1.1 mg/kg, the exudate Cmax was 1.09 (-0.34-0.61) µg/mL (harmonic mean and 95% confidence interval).
pass	Confirmed point/interval inconsistency; this row was already excluded from assay transfer by an independent fail-closed rule.	clintox_measurement_unit_manual_review.v2	off_target_ddi_exposure	551547	ba3f81b3e4115a77f96a6d090d83783941ed5a053f68b73d48c35066b02cda18	t1/2 (β)	1.98 (0.38-1.95)	h	1.98	0.38	1.95	source_point_outside_reported_interval	False	unreviewed_measurement_semantics	For R(-)-KTP given i.v. to horses at a dose rate of 1.1 mg/kg, the plasma t1⁄2(β) was 1.98 (0.38-1.95) h (harmonic mean and 95% confidence interval).
pass	Confirmed point estimate outside its stated interval; retrieval is retained and assay-transfer geometry is excluded by the reviewed v2 policy.	clintox_measurement_unit_manual_review.v2	off_target_ddi_exposure	582580	dbf4d044866658b90584541ed3041f994ae25e0dc45fd21ca51b5b0d9e5bf1ac		1604 (1870-1930)	ng·h/mL	1604.0	1870.0	1930.0	source_point_outside_reported_interval	False	source_point_outside_reported_interval	In healthy subjects with CYP2C9*1/*1 genotype (n=13), the AUC of lornoxicam was 1604 ng·h/mL (95% CI 1870-1930).
pass	Confirmed point estimate outside its stated interval; retrieval is retained and assay-transfer geometry is excluded by the reviewed v2 policy.	clintox_measurement_unit_manual_review.v2	off_target_ddi_exposure	607763	595869d5af7c4a4ca880f343592b9ce21f2ad5831b6c82aae2d8527daf0a03a1	CYP2C9	0.19 (0.06–0.1)	nmol·mg-1·min-1	0.19	0.06	0.1	source_point_outside_reported_interval	False	source_point_outside_reported_interval	In JOX human liver microsomes with CYP2C9 inhibition (sulfaphenazole), the Vmax was 0.19 (0.06–0.1) nmol·mg-1·min-1 using an allosteric model.
pass	Confirmed point/interval inconsistency; this row was already excluded from assay transfer by an independent fail-closed rule.	clintox_measurement_unit_manual_review.v2	off_target_ddi_exposure	621938	66444f67cb3c84a8728df3e14a6c85052ca7c80c697baa5269ccd7df84b70359	AUC24	386 (239-342)	pg·h/mL	386.0	239.0	342.0	source_point_outside_reported_interval	False	unreviewed_measurement_semantics	In the model-predicted systemic exposure table by race (p:68), VI in the FF/VI 200/25 treatment group had a geometric mean Cmax of 149 pg/mL (95% CI 144-155) and AUC24 of 386 pg·h/mL (239-342) in East Asian patients, and Cmax of 53.6 pg/mL (95% CI 51.5-55.7) and AUC24 of 293 pg·h/mL (272-316) in White patients.
pass	Confirmed point/interval inconsistency; this row was already excluded from assay transfer by an independent fail-closed rule.	clintox_measurement_unit_manual_review.v2	off_target_ddi_exposure	653503	b41c463e51ce4462a70c1442f8433185cec086b23c4fc41f5509e3f2b7e84670	Ctrough	114 (104–109)	ng/mL	114.0	104.0	109.0	source_point_outside_reported_interval	False	unreviewed_measurement_semantics	Geometric mean and 95% CI rilpivirine Ctrough was 114 (104–109) ng/mL in HIV-infected individuals receiving rilpivirine 25 mg once-daily in combination with darunavir/ritonavir 800/100 mg.
pass	Confirmed point/interval inconsistency; this row was already excluded from assay transfer by an independent fail-closed rule.	clintox_measurement_unit_manual_review.v2	off_target_ddi_exposure	682352	ac82adfb5b10b2470387c1e02bf1f096e5e43dfc31b948f357dd979a0c8f664f		1.27 (1.19-1.25)		1.27	1.19	1.25	source_point_outside_reported_interval	False	non_scalar_measurement	The least square geometric mean ratio (90% CI) for d-MPH AUC with ethanol after dl-MPH vs dl-MPH alone was 1.27 (1.19-1.25).
pass	Confirmed point/interval inconsistency; this row was already excluded from assay transfer by an independent fail-closed rule.	clintox_measurement_unit_manual_review.v2	off_target_ddi_exposure	682976	dfe276bb6ca911995b5065d4afcea2b7292f2c81e20e5af1f93264c1a4c4a8c7	C12	0.22 (0.30–0.98)	µg/mL	0.22	0.3	0.98	source_point_outside_reported_interval	False	unreviewed_measurement_semantics	In Table 1, arm F (SQV 1400 mg + RTV 200 mg + APV 1200 mg every 12 hours, n=7): median (range) SQV C12 was 0.22 (0.30–0.98) µg/mL.
pass	Confirmed point/interval inconsistency; this row was already excluded from assay transfer by an independent fail-closed rule.	clintox_measurement_unit_manual_review.v2	off_target_ddi_exposure	706003	9d9a891bb24076f4ca4dd7a92d7f252c6e8a03749b0b56235be2722a5fa30997	CYP1A2	465 (155-385)	%	465.0	155.0	385.0	source_point_outside_reported_interval	False	unreviewed_measurement_semantics	In Child A cirrhotic patients, fluvoxamine coadministration increased MEGX tmax to 465% of placebo (95% CI 155-385), with median tmax shifted from 0.37 h to 2.5 h (P<.01).
pass	Confirmed point/interval inconsistency; this row was already excluded from assay transfer by an independent fail-closed rule.	clintox_measurement_unit_manual_review.v2	off_target_ddi_exposure	719281	17ac0bb0bba5cbbcd9406d3d45632295f5b3b49cea327a96559f654d8cc975f4	raltegravir	1.31 (0.81-.13)		1.31	0.13	0.81	source_point_outside_reported_interval	False	non_scalar_measurement	Pharmacokinetic assessment of raltegravir levels demonstrated AUC0-12h GMR (raltegravir+pravastatin/raltegravir) of 1.31 (0.81-.13).
pass	Confirmed point estimate outside its stated interval; retrieval is retained and assay-transfer geometry is excluded by the reviewed v2 policy.	clintox_measurement_unit_manual_review.v2	off_target_ddi_exposure	729756	330a1a505ac9b698f573980c36726a0bcd590916f49acc87c19ddf254b7cc5de	Tmax	52.5 (1–20)	min	52.5	1.0	20.0	source_point_outside_reported_interval	False	source_point_outside_reported_interval	In 3-MC-C rats (control for 3-MC group), 1,3-DMU Tmax was 52.5 (1–20) min after a 1 min i.v. infusion of 5 mg/kg theophylline.
pass	Confirmed point/interval inconsistency; this row was already excluded from assay transfer by an independent fail-closed rule.	clintox_measurement_unit_manual_review.v2	off_target_ddi_exposure	761355	c46781448ba23e7730022d27936747a1ac7859a6e24d3ff55191876bc7986daa	AUC0–24 of omeprazole	0.84 (76.0–91.9)		0.84	76.0	91.9	source_point_outside_reported_interval	False	non_scalar_measurement	IPE 4 g/day at steady state did not significantly change the AUC0–24 or C max of omeprazole when co-administered at 40 mg/day to steady state. The ratios of least squares geometric means (90 % confidence interval) for AUC0–24 and C max (omeprazole with IPE vs. omeprazole alone) were 0.84 (76.0–91.9) and 1.01 (87.4–116.3), respectively.
pass	Confirmed point/interval inconsistency; this row was already excluded from assay transfer by an independent fail-closed rule.	clintox_measurement_unit_manual_review.v2	off_target_ddi_exposure	761356	024dc358c86cd29c7c1caf148eeb9ff4bfa9deab9119a271d7525a1e509f165b	Cmax of omeprazole	1.01 (87.4–116.3)		1.01	87.4	116.3	source_point_outside_reported_interval	False	non_scalar_measurement	IPE 4 g/day at steady state did not significantly change the AUC0–24 or C max of omeprazole when co-administered at 40 mg/day to steady state. The ratios of least squares geometric means (90 % confidence interval) for AUC0–24 and C max (omeprazole with IPE vs. omeprazole alone) were 0.84 (76.0–91.9) and 1.01 (87.4–116.3), respectively.
pass	Confirmed point estimate outside its stated interval; retrieval is retained and assay-transfer geometry is excluded by the reviewed v2 policy.	clintox_measurement_unit_manual_review.v2	off_target_ddi_exposure	793218	21fa6d7c7e59da4b1ea9dc8983b51ce2438b80b52a12ca3218fbbbea6af2e99f	Cmax	0.799 [707-1044]	mg·L-1	0.799	707.0	1044.0	source_point_outside_reported_interval	False	source_point_outside_reported_interval	In the comparison table (column E, Habre et al.), a study of plain ropivacaine (dose 2.5 mg·kg-1, mean age 25 months) reported a Cmax of 0.799 [707-1044] mg·L-1.
pass	Confirmed point/interval inconsistency; this row was already excluded from assay transfer by an independent fail-closed rule.	clintox_measurement_unit_manual_review.v2	off_target_ddi_exposure	803584	848abbeeb3fea283ee4316ddec63e56f4aa9bdfe4612ddcf90c6d32a6478e778	C12	3.76 (4.35–7.42)	µg/mL	3.76	4.35	7.42	source_point_outside_reported_interval	False	unreviewed_measurement_semantics	Study 18, age <35 years: C12 observed geometric mean 3.76 µg/mL, 90% prediction interval 4.35–7.42.
pass	Confirmed point estimate outside its stated interval; retrieval is retained and assay-transfer geometry is excluded by the reviewed v2 policy.	clintox_measurement_unit_manual_review.v2	off_target_ddi_exposure	803899	4d6d3ff68802af1becfb8f6967171b14eb967ab98300a4fefdeccd5134d8336e		6.95 ± 2.26 (11.7–40.5)	mg h/l	6.95	11.7	40.5	source_point_outside_reported_interval	False	source_point_outside_reported_interval	In Sprague-Dawley rats after intravenous administration of 10 mg/kg amiodarone (AM) HCl (n=5), the AUC0-inf for AM was 6.95 ± 2.26 mg h/l with a range of 11.7–40.5.
pass	Confirmed point estimate outside its stated interval; retrieval is retained and assay-transfer geometry is excluded by the reviewed v2 policy.	clintox_measurement_unit_manual_review.v2	off_target_ddi_exposure	811252	645f91171bfdb60473d92fb8aab8ba5ef787e1117b17652d7e399e97846e60be	AUC (unbound)	7.5 ± 2.1 (5-5.1)	mg l-1 h	7.5	5.0	5.1	source_point_outside_reported_interval	False	source_point_outside_reported_interval	The mean unbound AUC for quinine during isoniazid pretreatment was 7.5 ± 2.1 mg l-1 h (range 5-5.1).
pass	Confirmed point estimate outside its stated interval; retrieval is retained and assay-transfer geometry is excluded by the reviewed v2 policy.	clintox_measurement_unit_manual_review.v2	off_target_ddi_exposure	849525	2c47b5c2d4ce6074e4e1d9f2b29af4975a13c0f6e52e77b84afed55d7e23b4b4	AUC	4500 (5262-6000)	µM·min	4500.0	5262.0	6000.0	source_point_outside_reported_interval	False	source_point_outside_reported_interval	Table 2 (in paragraph 31) provides AUC targets for high-dose busulfan therapy. For 24-h dosing, the EMEA and FDA recommend AUC target of 4,500 (5,262–6,000) µM·min for pediatric and adult populations.
pass	Confirmed point/interval inconsistency; this row was already excluded from assay transfer by an independent fail-closed rule.	clintox_measurement_unit_manual_review.v2	off_target_ddi_exposure	851600	9b89f3f54d928ede158453ed8ac66f71c863c532ea19f24d8761083886c4886b	LD50	30.3 (30.6–44.7)	mg kg^-1	30.3	30.6	44.7	source_point_outside_reported_interval	False	unreviewed_measurement_semantics	EGHE administered by i.v. injection to female rabbits yielded an LD50 of 30.3 mg kg−1 with 95% confidence limits 30.6–44.7 mg kg−1 and slope 2.80.
pass	Confirmed point/interval inconsistency; this row was already excluded from assay transfer by an independent fail-closed rule.	clintox_measurement_unit_manual_review.v2	off_target_ddi_exposure	858037	f57e1cac9326133c3c530962808159906057cf401c14aa490a621c79c5fbc669	Cmin	0.14 (0.15–0.32)	mg/mL	0.14	0.15	0.32	source_point_outside_reported_interval	False	unreviewed_measurement_semantics	In the study table, Ritonavir geometric mean Cmin at week 34 was 0.14 mg/mL (95% CI 0.15–0.32) in HIV+ pregnant women receiving SQV/RTV 1000/100 mg twice a day.
pass	Confirmed point estimate outside its stated interval; retrieval is retained and assay-transfer geometry is excluded by the reviewed v2 policy.	clintox_measurement_unit_manual_review.v2	off_target_ddi_exposure	861643	f9055a8d19dea700cfee41a6c91bfd496fbb02b420fd9121cd505eaa303279e8	Cmax of lipoprotein-bound AMB	0.54 (0.22–0.36)	µg/mL	0.54	0.22	0.36	source_point_outside_reported_interval	False	source_point_outside_reported_interval	In patients on CVVH treated with AMB deoxycholate, the mean Cmax of lipoprotein-bound AMB was 0.54 µg/mL (range 0.22–0.36).
pass	Confirmed point/interval inconsistency; this row was already excluded from assay transfer by an independent fail-closed rule.	clintox_measurement_unit_manual_review.v2	off_target_ddi_exposure	865218	328e61dd376e1939764e4ab10566a221bcfca0cc29530ec71658831f52db3be1	Ctrough	48 (5–19)	ng/mL	48.0	5.0	19.0	source_point_outside_reported_interval	False	unreviewed_measurement_semantics	With raltegravir, steady-state ritonavir (GM, 90% CI) Ctrough was 48 (5–19) ng/mL for group 1.
pass	Confirmed point/interval inconsistency; this row was already excluded from assay transfer by an independent fail-closed rule.	clintox_measurement_unit_manual_review.v2	off_target_ddi_exposure	896361	3dde7feedb0a5dd54365104ad8cae6c32392b93b87614fba41c7bdbff993cd9d	AUC0-24	0.62 (0.38-0.45)		0.62	0.38	0.45	source_point_outside_reported_interval	False	non_scalar_measurement	In the comparison table for ritonavir pharmacokinetic parameters during coadministration with darunavir and atazanavir once daily (ritonavir 100 mg with darunavir 800 mg or atazanavir 300 mg), the AUC0-24 geometric mean ratio (ritonavir-darunavir vs ritonavir-atazanavir) was 0.62 (90% CI 0.38-0.45).
pass	Confirmed point/interval inconsistency; this row was already excluded from assay transfer by an independent fail-closed rule.	clintox_measurement_unit_manual_review.v2	off_target_ddi_exposure	896362	951fffac7b48d7793618efcff16271d26ce0d23b9caaee205fe107fa30794f34	AUC0-72	0.64 (0.40-0.47)		0.64	0.4	0.47	source_point_outside_reported_interval	False	non_scalar_measurement	In the comparison table for ritonavir pharmacokinetic parameters during coadministration with darunavir and atazanavir once daily (ritonavir 100 mg with darunavir 800 mg or atazanavir 300 mg), the AUC0-72 geometric mean ratio (ritonavir-darunavir vs ritonavir-atazanavir) was 0.64 (90% CI 0.40-0.47).
pass	Confirmed point/interval inconsistency; this row was already excluded from assay transfer by an independent fail-closed rule.	clintox_measurement_unit_manual_review.v2	off_target_ddi_exposure	896363	fdc6477b3078c84e68a0aee4acefb1b0dc65607764af3782a1372ec15b12c247	Cmax	0.54 (0.30-0.40)		0.54	0.3	0.4	source_point_outside_reported_interval	False	non_scalar_measurement	In the comparison table for ritonavir pharmacokinetic parameters during coadministration with darunavir and atazanavir once daily (ritonavir 100 mg with darunavir 800 mg or atazanavir 300 mg), the Cmax geometric mean ratio (ritonavir-darunavir vs ritonavir-atazanavir) was 0.54 (90% CI 0.30-0.40).
pass	Confirmed point estimate outside its stated interval; retrieval is retained and assay-transfer geometry is excluded by the reviewed v2 policy.	clintox_measurement_unit_manual_review.v2	off_target_ddi_exposure	903824	8568046f4d579a2dca767dff67f42b7d35b6e48e3c8a7a8867a0848137aaefef	ticagrelor exposure	222 (980–1,570)	ng/mL	222.0	980.0	1570.0	source_point_outside_reported_interval	False	source_point_outside_reported_interval	The table reports pharmacokinetic parameters of ticagrelor and its active metabolite with loading dose 180 mg. For ticagrelor, Cmax with placebo was 222 (980–1,570) ng/mL and with morphine was 913 (708–1,137) ng/mL (p=0.015). Tmax with placebo was 0 (83–180) min and with morphine was 180 (120–240) min (p=0.016). For metabolite AR-C124910XX, Cmax with placebo was 325 (281–399) ng/mL and with morphine was 242 (280–346) ng/mL (p=0.028). Tmax with placebo was 180 (120–240) min and with morphine was 240 (180–240) min (p=0.023).
pass	Confirmed point estimate outside its stated interval; retrieval is retained and assay-transfer geometry is excluded by the reviewed v2 policy.	clintox_measurement_unit_manual_review.v2	off_target_ddi_exposure	903826	1530acf4d0473fe035accf7f8233c9fdbcc8195fec082b7413b54572a89334db	ticagrelor exposure	0 (83–180)	min	0.0	83.0	180.0	source_point_outside_reported_interval	False	source_point_outside_reported_interval	The table reports pharmacokinetic parameters of ticagrelor and its active metabolite with loading dose 180 mg. For ticagrelor, Cmax with placebo was 222 (980–1,570) ng/mL and with morphine was 913 (708–1,137) ng/mL (p=0.015). Tmax with placebo was 0 (83–180) min and with morphine was 180 (120–240) min (p=0.016). For metabolite AR-C124910XX, Cmax with placebo was 325 (281–399) ng/mL and with morphine was 242 (280–346) ng/mL (p=0.028). Tmax with placebo was 180 (120–240) min and with morphine was 240 (180–240) min (p=0.023).
pass	Confirmed point estimate outside its stated interval; retrieval is retained and assay-transfer geometry is excluded by the reviewed v2 policy.	clintox_measurement_unit_manual_review.v2	off_target_ddi_exposure	903829	727fc10299b097e376992d1505cdb8bf4de33d42976470da9ddee3e201ec9131	AR-C124910XX exposure	242 (280–346)	ng/mL	242.0	280.0	346.0	source_point_outside_reported_interval	False	source_point_outside_reported_interval	The table reports pharmacokinetic parameters of ticagrelor and its active metabolite with loading dose 180 mg. For ticagrelor, Cmax with placebo was 222 (980–1,570) ng/mL and with morphine was 913 (708–1,137) ng/mL (p=0.015). Tmax with placebo was 0 (83–180) min and with morphine was 180 (120–240) min (p=0.016). For metabolite AR-C124910XX, Cmax with placebo was 325 (281–399) ng/mL and with morphine was 242 (280–346) ng/mL (p=0.028). Tmax with placebo was 180 (120–240) min and with morphine was 240 (180–240) min (p=0.023).
pass	Confirmed point estimate outside its stated interval; retrieval is retained and assay-transfer geometry is excluded by the reviewed v2 policy.	clintox_measurement_unit_manual_review.v2	off_target_ddi_exposure	903832	d1e586f523a8c10a10ba99e144f915aa48c9ed33372c6eb909a24f7776ff9b44	Cmax	242 (280–346)	ng/mL	242.0	280.0	346.0	source_point_outside_reported_interval	False	source_point_outside_reported_interval	In the table, AR-C124910XX Cmax under morphine is 242 (280–346) ng/mL with p=0.028 (compared to placebo 325 (281–399) ng/mL).
pass	Confirmed point/interval inconsistency; this row was already excluded from assay transfer by an independent fail-closed rule.	clintox_measurement_unit_manual_review.v2	off_target_ddi_exposure	916927	a452ac85de1e560e9c0f2dd8e0eef22e132137eb6a44c8332c87c54fbf92522f		28 (12-22)	ng/mL/h	28.0	12.0	22.0	source_point_outside_reported_interval	False	unreviewed_measurement_semantics	In the table, imipramine EM shows AUC of 28 (12-22) ng/mL/h after i.v. dosing.
pass	Confirmed point/interval inconsistency; this row was already excluded from assay transfer by an independent fail-closed rule.	clintox_measurement_unit_manual_review.v2	off_target_ddi_exposure	916928	48471d9f28b80e82d802cf4a0eeaa1c797c8932858d1895bf159f480b378b700		6.5 (10-50)	L/kg	6.5	10.0	50.0	source_point_outside_reported_interval	False	unreviewed_measurement_semantics	In the table, desipramine in EM after i.v. imipramine shows Vss of 6.5 (10-50) L/kg.
pass	Confirmed point/interval inconsistency; this row was already excluded from assay transfer by an independent fail-closed rule.	clintox_measurement_unit_manual_review.v2	off_target_ddi_exposure	922937	a872808e072266c76118ef55c3dd9507f1cbd4634d1dd9f6836d7268ab8193e2		0.95 (88.7-101)		0.95	88.7	101.0	source_point_outside_reported_interval	False	non_scalar_measurement	The 90% CI for the ratio of geometric means (day 22/day 1) for Cmax was 88.7-101, with a point estimate of 0.95 (Table I).
pass	Confirmed point/interval inconsistency; this row was already excluded from assay transfer by an independent fail-closed rule.	clintox_measurement_unit_manual_review.v2	off_target_ddi_exposure	923147	02e0406fdd0c33043af4c69c4dbcff1022dc34f215c4635c33bfee689f67d7db		323 (274–298)	nmol product/min/mg protein	323.0	274.0	298.0	source_point_outside_reported_interval	False	non_scalar_measurement	In Aroclor 1254-induced mouse liver microsomes, naringenin was metabolized to eriodictyol with a rate of 323 (274–298) nmol product/min/mg protein (mean of two independent experiments, range in parentheses).
pass	Confirmed point estimate outside its stated interval; retrieval is retained and assay-transfer geometry is excluded by the reviewed v2 policy.	clintox_measurement_unit_manual_review.v2	off_target_ddi_exposure	942015	b5603807c260cf0f9f2cb07799055f411addff43a9357148a94a3a152bfd6883		1.18 (0.75-1.11)	h	1.18	0.75	1.11	source_point_outside_reported_interval	False	source_point_outside_reported_interval	Plasma pharmacokinetic parameters were determined. For Sofosbuvir on a dialysis day, the median T1/2 was 1.18 h (range: 0.75-1.11).
pass	Confirmed point/interval inconsistency; this row was already excluded from assay transfer by an independent fail-closed rule.	clintox_measurement_unit_manual_review.v2	off_target_ddi_exposure	949063	ffde09e12ca98064be9028db49a6953c0b5b85611cd76c73a29c34ca4a3e7412	PBMC intracellular concentration	32 (26-19)	fmol/10^6 cells	32.0	19.0	26.0	source_point_outside_reported_interval	False	non_scalar_measurement	Table: For tenofovir diphosphate (TFV-DP) at C48 hours under C IPERGAY treatment, geometric mean concentration was 32 (26-19) fmol/10^6 cells.
pass	Confirmed point estimate outside its stated interval; retrieval is retained and assay-transfer geometry is excluded by the reviewed v2 policy.	clintox_measurement_unit_manual_review.v2	off_target_ddi_exposure	962273	bdacda6b5a82014804ee551fd985c65fab1c3dc8198f387b2351d1cd7366147e	CYP2D6	421.9 ± 47.7 (433–593)	ng ml-1 h	421.9	433.0	593.0	source_point_outside_reported_interval	False	source_point_outside_reported_interval	In group 2 (subjects with CYP2D6 genotypes *10/*1 or *10/*2), after a single dose of venlafaxine (1 mg/kg), the AUC of venlafaxine was 421.9 ± 47.7 (range 433–593) ng·mL−1·h (Table 2, p:29).
pass	Confirmed point/interval inconsistency; this row was already excluded from assay transfer by an independent fail-closed rule.	clintox_measurement_unit_manual_review.v2	off_target_ddi_exposure	975476	24e140fee07e5b2ea6b1d55ba7dbe2df109e0ac574d6b2131505969962c5b43a	Cmax	-22 (20-25)	%	-22.0	20.0	25.0	source_point_outside_reported_interval	False	unreviewed_measurement_semantics	In the table for BUP-XR 300 mg subcutaneous dose with daily coadministration of rifampicin 600 mg QD, the predicted effect on Cmax is –22% (20–25%) and on AUC is –28% (26–32%).
pass	Confirmed point/interval inconsistency; this row was already excluded from assay transfer by an independent fail-closed rule.	clintox_measurement_unit_manual_review.v2	off_target_ddi_exposure	975477	47355fa1ce4beed97e04aedaaf5063bf49b6e88af547242d3e03dd2e286d1426	AUC	-28 (26-32)	%	-28.0	26.0	32.0	source_point_outside_reported_interval	False	unreviewed_measurement_semantics	In the table for BUP-XR 300 mg subcutaneous dose with daily coadministration of rifampicin 600 mg QD, the predicted effect on AUC is –28% (26–32%).
pass	Confirmed point estimate outside its stated interval; retrieval is retained and assay-transfer geometry is excluded by the reviewed v2 policy.	clintox_measurement_unit_manual_review.v2	off_target_ddi_exposure	1026230	0304bd33e6c4b6187a0d61d5456bf3c5d69428a9955ef1af4dea6aa133a33599		632 (1129–2575)	h·ng/mL	632.0	1129.0	2575.0	source_point_outside_reported_interval	False	source_point_outside_reported_interval	Table 2 reports observed geometric mean AUCINF for dapagliflozin following a single 10-mg oral dose in patients with moderate hepatic impairment as 632 (95% CI 1129–2575) h·ng/mL.
pass	Confirmed point estimate outside its stated interval; retrieval is retained and assay-transfer geometry is excluded by the reviewed v2 policy.	clintox_measurement_unit_manual_review.v2	off_target_ddi_exposure	1026231	ff7db43fd54d5a564481b8c8c36ced8d7a200647296d973304ea0b00ee49f1a4		153 (200–492)	ng/mL	153.0	200.0	492.0	source_point_outside_reported_interval	False	source_point_outside_reported_interval	Table 2 reports observed geometric mean Cmax for dapagliflozin following a single 10-mg oral dose in patients with moderate hepatic impairment as 153 (95% CI 200–492) ng/mL.
pass	Confirmed point estimate outside its stated interval; retrieval is retained and assay-transfer geometry is excluded by the reviewed v2 policy.	clintox_measurement_unit_manual_review.v2	off_target_ddi_exposure	1026232	27d791eb846dd985977f63c3e425fef10016163b02bebc38c85ab7b38b34e3ce		776 (834–1419)	h·ng/mL	776.0	834.0	1419.0	source_point_outside_reported_interval	False	source_point_outside_reported_interval	Table 2 reports observed geometric mean AUCINF for dapagliflozin following a single 10-mg oral dose in patients with severe hepatic impairment as 776 (95% CI 834–1419) h·ng/mL.
pass	Confirmed point/interval inconsistency; this row was already excluded from assay transfer by an independent fail-closed rule.	clintox_measurement_unit_manual_review.v2	off_target_ddi_exposure	1031736	8bf478ef74c5f279732170af77d8910423ff95fae3bec016d012044b75d16bed	Absolute neutrophil count decrease	76.3 (4.9-9.3)	%	76.3	4.9	9.3	source_point_outside_reported_interval	False	unreviewed_measurement_semantics	In the same table, the mean percent decrease in ANC at nadir relative to baseline was 76.3 (range 4.9-9.3) with CV 32.2%, as defined by the formula 100×(ANC_baseline – ANC_Nadir)/ANC_baseline.
pass	Confirmed point estimate outside its stated interval; retrieval is retained and assay-transfer geometry is excluded by the reviewed v2 policy.	clintox_measurement_unit_manual_review.v2	off_target_ddi_exposure	1059305	903196414311fc629aa5591fb3d5f005182c23b719b3a95fd9e591284b4fd6f8	mortality (LC50)	1.46 (1.26-1.39)	mg/ml	1.46	1.26	1.39	source_point_outside_reported_interval	False	source_point_outside_reported_interval	Activated CP test 3: LC50 1.46 (1.26-1.39) mg/ml, EC50 0.39 (0.29-0.53) mg/ml, TI 3.7.
pass	Confirmed point estimate outside its stated interval; retrieval is retained and assay-transfer geometry is excluded by the reviewed v2 policy.	clintox_measurement_unit_manual_review.v2	off_target_ddi_exposure	1082705	4f7135479de2c6e18e91d13fc0cb47a84a432522b55da4d4610bc8f124ff5e1d	CL	1.19 [40-124]	L/h	1.19	40.0	124.0	source_point_outside_reported_interval	False	source_point_outside_reported_interval	The total clearance was reported as 1.19 L/h with a range of 40-124 L/h in these patients (note: likely unit discrepancy in table).
