benchmark	task	split	selection	profile	n_queries	macro_f1	accuracy	source_matrix	metrics_path	metrics_sha256
gold_v1	ames	valid	direct	ga075_mc010_label025	274	0.759649	0.79562	luna_gold_ames_direct_top5_full_valid_20260925_v2	outputs/paper/assay_transfer_harness/joseph/_batches/luna_gold_ames_direct_top5_full_valid_20260925_v2/ga075_mc010_label025/with_query_prior/k10_m0_20260925_072815/ames/ames__ga075_mc010_label025/metrics.json	07c9a6dc927e1eee33164ad1cf62b579e408677fd129e31a2903ffa98f1327f6
gold_v1	ames	valid	direct	ga100_mc025_label000	274	0.776817	0.810219	luna_gold_ames_direct_top5_full_valid_20260925_v2	outputs/paper/assay_transfer_harness/joseph/_batches/luna_gold_ames_direct_top5_full_valid_20260925_v2/ga100_mc025_label000/with_query_prior/k10_m0_20260925_072815/ames/ames__ga100_mc025_label000/metrics.json	cfa9e021eb202ca5ccd34f98ecc9e2e1cf6ca3b6459b8b67a741f922031b2f8b
gold_v1	ames	valid	direct	ga125_mc000_label025	274	0.76122	0.79562	luna_gold_ames_direct_top5_full_valid_20260925_v2	outputs/paper/assay_transfer_harness/joseph/_batches/luna_gold_ames_direct_top5_full_valid_20260925_v2/ga125_mc000_label025/with_query_prior/k10_m0_20260925_072815/ames/ames__ga125_mc000_label025/metrics.json	31d9f207b0ac5b5acd874650bb224a2039c2f07523cc7fc335c41b3fb8406ae0
gold_v1	ames	valid	direct	ga125_mc010_label025	274	0.766928	0.806569	luna_gold_ames_direct_top5_full_valid_20260925_v2	outputs/paper/assay_transfer_harness/joseph/_batches/luna_gold_ames_direct_top5_full_valid_20260925_v2/ga125_mc010_label025/with_query_prior/k10_m0_20260925_072815/ames/ames__ga125_mc010_label025/metrics.json	9db4f1c32052dfb9def1a2be5a4e5f89ffe3b1da08a607d04569e77222ad2d86
gold_v1	ames	valid	direct	ga125_mc025_label010	274	0.759649	0.79562	luna_gold_ames_direct_top5_full_valid_20260925_v2	outputs/paper/assay_transfer_harness/joseph/_batches/luna_gold_ames_direct_top5_full_valid_20260925_v2/ga125_mc025_label010/with_query_prior/k10_m0_20260925_072815/ames/ames__ga125_mc025_label010/metrics.json	9ad59733a5fb39e4de251ba2bd95d9fa93669853b8125e158ae26ccc74d4c6a6
gold_v1	ames	valid	direct_plus_indirect	ga075_mc010_sr035_sd010_ld010_rd010	274	0.783385	0.828467	luna_gold_ames_indirect_top5_full_valid_20260925_v1	outputs/paper/assay_transfer_harness/joseph/_batches/luna_gold_ames_indirect_top5_full_valid_20260925_v1/ga075_mc010_sr035_sd010_ld010_rd010/with_query_prior/k10_m0_20260925_073431/ames/ames__ga075_mc010_sr035_sd010_ld010_rd010/metrics.json	7982c80f4d601e475f3ce0d016e994076c37851dc1f794f2895451261bc901dc
gold_v1	ames	valid	direct_plus_indirect	ga100_mc010_sr010_sd010_ld010_rd010	274	0.747904	0.80292	luna_gold_ames_indirect_top5_full_valid_20260925_v1	outputs/paper/assay_transfer_harness/joseph/_batches/luna_gold_ames_indirect_top5_full_valid_20260925_v1/ga100_mc010_sr010_sd010_ld010_rd010/with_query_prior/k10_m0_20260925_073431/ames/ames__ga100_mc010_sr010_sd010_ld010_rd010/metrics.json	6743ef9e6d5cf9049646e7be766843d9b1bafac848f635bd6f105cbd80b652c2
gold_v1	ames	valid	direct_plus_indirect	ga100_mc025_sr025_sd025_ld025_rd025	274	0.776035	0.821168	luna_gold_ames_indirect_top5_full_valid_20260925_v1	outputs/paper/assay_transfer_harness/joseph/_batches/luna_gold_ames_indirect_top5_full_valid_20260925_v1/ga100_mc025_sr025_sd025_ld025_rd025/with_query_prior/k10_m0_20260925_073431/ames/ames__ga100_mc025_sr025_sd025_ld025_rd025/metrics.json	00bb994c25511eb5080b007b0ddd50f38220b81b9ef6b6d02d2faa6ea0cc49ba
gold_v1	ames	valid	direct_plus_indirect	ga125_mc010_sr025_sd010_ld010_rd010	274	0.787095	0.832117	luna_gold_ames_indirect_top5_full_valid_20260925_v1	outputs/paper/assay_transfer_harness/joseph/_batches/luna_gold_ames_indirect_top5_full_valid_20260925_v1/ga125_mc010_sr025_sd010_ld010_rd010/with_query_prior/k10_m0_20260925_073431/ames/ames__ga125_mc010_sr025_sd010_ld010_rd010/metrics.json	eb26ca3b93772720ca1b9cf17c0c939b75ea82f9fded38d0363b51cb88678e9b
gold_v1	ames	valid	direct_plus_indirect	ga125_mc025_sr025_sd025_ld025_rd025	274	0.772394	0.817518	luna_gold_ames_indirect_top5_full_valid_20260925_v1	outputs/paper/assay_transfer_harness/joseph/_batches/luna_gold_ames_indirect_top5_full_valid_20260925_v1/ga125_mc025_sr025_sd025_ld025_rd025/with_query_prior/k10_m0_20260925_073431/ames/ames__ga125_mc025_sr025_sd025_ld025_rd025/metrics.json	cf8d23223a01b3801d0c012028bf1f82826cff88c554c30a41e9b40114551b0c
tdc_v2	carcinogens	valid	direct	ga000_mc000_label010	28	0.708333	0.857143	luna_tdc_v2_carcinogens_direct_top5_full_valid_20260925_v1	outputs/paper/assay_transfer_harness/joseph/_batches/luna_tdc_v2_carcinogens_direct_top5_full_valid_20260925_v1/ga000_mc000_label010/with_query_prior/k10_m0_20260925_074239/carcinogens/carcinogens__ga000_mc000_label010/metrics.json	c321dd65f443a2a917d96565e4830a6864b1f5a778439b72a630f276c887d372
tdc_v2	carcinogens	valid	direct	ga025_mc000_label010	28	0.755102	0.892857	luna_tdc_v2_carcinogens_direct_top5_full_valid_20260925_v1	outputs/paper/assay_transfer_harness/joseph/_batches/luna_tdc_v2_carcinogens_direct_top5_full_valid_20260925_v1/ga025_mc000_label010/with_query_prior/k10_m0_20260925_074239/carcinogens/carcinogens__ga025_mc000_label010/metrics.json	735f1eed5de3cabfb6abdfae5d78efba2bae36572dde707f124f83204d5ebc43
tdc_v2	carcinogens	valid	direct	ga075_mc000_label010	28	0.708333	0.857143	luna_tdc_v2_carcinogens_direct_top5_full_valid_20260925_v1	outputs/paper/assay_transfer_harness/joseph/_batches/luna_tdc_v2_carcinogens_direct_top5_full_valid_20260925_v1/ga075_mc000_label010/with_query_prior/k10_m0_20260925_074239/carcinogens/carcinogens__ga075_mc000_label010/metrics.json	c321dd65f443a2a917d96565e4830a6864b1f5a778439b72a630f276c887d372
tdc_v2	carcinogens	valid	direct	ga075_mc000_label025	28	0.66903	0.821429	luna_tdc_v2_carcinogens_direct_top5_full_valid_20260925_v1	outputs/paper/assay_transfer_harness/joseph/_batches/luna_tdc_v2_carcinogens_direct_top5_full_valid_20260925_v1/ga075_mc000_label025/with_query_prior/k10_m0_20260925_074239/carcinogens/carcinogens__ga075_mc000_label025/metrics.json	7a4e33e943910a30aa005b463bf5a801cf822f60fb8a47698b1cff72eeec542d
tdc_v2	carcinogens	valid	direct	ga100_mc000_label010	28	0.708333	0.857143	luna_tdc_v2_carcinogens_direct_top5_full_valid_20260925_v1	outputs/paper/assay_transfer_harness/joseph/_batches/luna_tdc_v2_carcinogens_direct_top5_full_valid_20260925_v1/ga100_mc000_label010/with_query_prior/k10_m0_20260925_074239/carcinogens/carcinogens__ga100_mc000_label010/metrics.json	c321dd65f443a2a917d96565e4830a6864b1f5a778439b72a630f276c887d372
tdc_v2	carcinogens	valid	direct_plus_indirect	ga075_mc025_sr050_sd025_ld025_rd025	28	0.5625	0.642857	luna_tdc_v2_carcinogens_indirect_top5_full_valid_20260925_v1	outputs/paper/assay_transfer_harness/joseph/_batches/luna_tdc_v2_carcinogens_indirect_top5_full_valid_20260925_v1/ga075_mc025_sr050_sd025_ld025_rd025/with_query_prior/k10_m0_20260925_074806/carcinogens/carcinogens__ga075_mc025_sr050_sd025_ld025_rd025/metrics.json	d1a1de2426c31f771be21729cec4c70a0946b96fefd0fa6b64dd4ee11a5ca55f
tdc_v2	carcinogens	valid	direct_plus_indirect	ga100_mc025_sr025_sd025_ld025_rd025	28	0.5625	0.642857	luna_tdc_v2_carcinogens_indirect_top5_full_valid_20260925_v1	outputs/paper/assay_transfer_harness/joseph/_batches/luna_tdc_v2_carcinogens_indirect_top5_full_valid_20260925_v1/ga100_mc025_sr025_sd025_ld025_rd025/with_query_prior/k10_m0_20260925_074806/carcinogens/carcinogens__ga100_mc025_sr025_sd025_ld025_rd025/metrics.json	0a5f9208b8b7873b417198421ff9ed6cb1e373e54cbc53fbe5d32b5b9029aded
tdc_v2	carcinogens	valid	direct_plus_indirect	ga100_mc025_sr050_sd025_ld025_rd025	28	0.590244	0.678571	luna_tdc_v2_carcinogens_indirect_top5_full_valid_20260925_v1	outputs/paper/assay_transfer_harness/joseph/_batches/luna_tdc_v2_carcinogens_indirect_top5_full_valid_20260925_v1/ga100_mc025_sr050_sd025_ld025_rd025/with_query_prior/k10_m0_20260925_074806/carcinogens/carcinogens__ga100_mc025_sr050_sd025_ld025_rd025/metrics.json	01a719f92474005c82216adf32eab7cff53dc1d35a708e586e33e95e16d29bde
tdc_v2	carcinogens	valid	direct_plus_indirect	ga125_mc010_sr025_sd010_ld010_rd010	28	0.649374	0.75	luna_tdc_v2_carcinogens_indirect_top5_full_valid_20260925_v1	outputs/paper/assay_transfer_harness/joseph/_batches/luna_tdc_v2_carcinogens_indirect_top5_full_valid_20260925_v1/ga125_mc010_sr025_sd010_ld010_rd010/with_query_prior/k10_m0_20260925_074806/carcinogens/carcinogens__ga125_mc010_sr025_sd010_ld010_rd010/metrics.json	4b06614d8265520da883b5bbea74532c84e18318c6878d2cf09363124dfcf02f
tdc_v2	carcinogens	valid	direct_plus_indirect	ga125_mc025_sr025_sd025_ld025_rd025	28	0.6813	0.75	luna_tdc_v2_carcinogens_indirect_top5_full_valid_20260925_v1	outputs/paper/assay_transfer_harness/joseph/_batches/luna_tdc_v2_carcinogens_indirect_top5_full_valid_20260925_v1/ga125_mc025_sr025_sd025_ld025_rd025/with_query_prior/k10_m0_20260925_074806/carcinogens/carcinogens__ga125_mc025_sr025_sd025_ld025_rd025/metrics.json	96eb2e721a51f75a2644776af21b6ffcb93bfb11fdc382be177f6566f49cc870
gold_v1	ames	test	direct	ga100_mc025_label000	274	0.66773	0.70438	luna_gold_ames_direct_frozen_test_20260925_v1	outputs/paper/assay_transfer_harness/joseph/_batches/luna_gold_ames_direct_frozen_test_20260925_v1/ga100_mc025_label000/with_query_prior/k10_m0_20260925_074542/ames/ames__ga100_mc025_label000/metrics.json	5a68d27967e79201650350a6047427cef1ce413f48bf86a4b4b809acb90d7627
gold_v1	ames	test	direct_plus_indirect	ga125_mc010_sr025_sd010_ld010_rd010	274	0.706003	0.777372	luna_gold_ames_indirect_frozen_test_20260925_v1	outputs/paper/assay_transfer_harness/joseph/_batches/luna_gold_ames_indirect_frozen_test_20260925_v1/ga125_mc010_sr025_sd010_ld010_rd010/with_query_prior/k10_m0_20260925_075240/ames/ames__ga125_mc010_sr025_sd010_ld010_rd010/metrics.json	8a3eb2fad2e7afaeee72d64f513fc45bf42bfd26e79707c4eaf1f8015ebcd3ad
tdc_v2	carcinogens	test	direct	ga025_mc000_label010	56	0.841539	0.910714	luna_tdc_v2_carcinogens_direct_frozen_test_20260925_v1	outputs/paper/assay_transfer_harness/joseph/_batches/luna_tdc_v2_carcinogens_direct_frozen_test_20260925_v1/ga025_mc000_label010/with_query_prior/k10_m0_20260925_075616/carcinogens/carcinogens__ga025_mc000_label010/metrics.json	df914151c8efd879fefb41f1c9ff82a2ab05960ebad58dafa2ebeb0f2b0415d5
tdc_v2	carcinogens	test	direct_plus_indirect	ga125_mc025_sr025_sd025_ld025_rd025	56	0.7375	0.785714	luna_tdc_v2_carcinogens_indirect_frozen_test_20260925_v1	outputs/paper/assay_transfer_harness/joseph/_batches/luna_tdc_v2_carcinogens_indirect_frozen_test_20260925_v1/ga125_mc025_sr025_sd025_ld025_rd025/with_query_prior/k10_m0_20260925_075807/carcinogens/carcinogens__ga125_mc025_sr025_sd025_ld025_rd025/metrics.json	6bfb53e07bf9df36e4cf00256c401a05c01df3289b81760341bf79b8c109ab4f
