canonical_record_id,pair_bucket_key,pair_bucket_unit_text,source_id,source_row_number,source_record_id,cleaned_record_id,canonical_endpoint_name,canonical_kinetic_symbol,finite_scalar_value,measurement_text,unit_text,measurement_resolution_input_measurement,measurement_resolution_input_unit,support_text,extra_details,pmid,molecule_name,canonical_assay_context,canonical_species_context
ba57a8c11d4d3cedf6a1588e3b7b1d4ddebafd01a954adc95f5e24d3564e61b5,"[""direct_bbb"",""brain_to_plasma_cmax_ratio"",""ratio"",""__unknown__"",""__unknown__"",""rat"",""endpoint_defined_ratio"",""plasma""]",ratio,direct_bbb,241464,241463,dbafc6bfdc3974729e9fb9cc6210a7a57d332be3b5448f07cf54db271e8b5926,brain_to_plasma_cmax_ratio,,0.02,0.02,,0.02,ratio,"Following oral administration of nonmodified indomethacin in rats, the Cmax brain to plasma ratio was 0.02.",,17627676,,,rat
0b93325b143008d2804254775fd3fdfdce7d8ef2521dfefcd06aa8c522c13513,"[""direct_bbb"",""brain_to_plasma_cmax_ratio"",""ratio"",""__unknown__"",""__unknown__"",""rat"",""endpoint_defined_ratio"",""plasma""]",ratio,direct_bbb,117178,117177,661d95488b1ccd19e6676f87fc3ffeb904263ed1980283700f0665833287aa43,brain_to_plasma_cmax_ratio,,0.0358,3.58,%,3.58,%,"Zanubrutinib showed a BBB penetration rate (calculated as C max, brain/C max, plasma) of 3.58% in SD rats.",,40078990,,,rat
f7e5b6a2111fddd987243412e87d6b7afbddb0d7c1793dca4f7993d77404d39f,"[""direct_bbb"",""brain_to_plasma_cmax_ratio"",""ratio"",""__unknown__"",""__unknown__"",""rat"",""endpoint_defined_ratio"",""plasma""]",ratio,direct_bbb,241463,241462,55f26913e4139096299f89f1da10a3b0131684269b4eab56717fc6598d503c8a,brain_to_plasma_cmax_ratio,,0.07,0.07,,0.07,ratio,"Following oral administration of DP-155 in rats, the Cmax brain to plasma ratio of the resulting indomethacin was 0.07.",,17627676,,,rat
b19a0451126e160f0dcda06eeb08784985160912646ed2d67746c3839295a928,"[""direct_bbb"",""brain_to_plasma_cmax_ratio"",""ratio"",""__unknown__"",""__unknown__"",""rat"",""endpoint_defined_ratio"",""plasma""]",ratio,direct_bbb,117179,117178,5a13183f1f89a72bb3a8ee0077c93a6fb39120ab29a0574d0858e743e87e3c6d,brain_to_plasma_cmax_ratio,,0.085,8.5,%,8.5,%,"Tirabrutinib demonstrated a BBB penetration rate (calculated as C max, brain/C max, plasma) of 8.5% in SD rats.",,40078990,,,rat
299ed831872dca5d74034ba5ac245e34ef7cd4e8f4dc40daaa8919e7a16e3ea1,"[""direct_bbb"",""brain_to_plasma_cmax_ratio"",""ratio"",""__unknown__"",""__unknown__"",""rat"",""endpoint_defined_ratio"",""plasma""]",ratio,direct_bbb,183707,183706,747d300114a119b6be47e49c514c50948cdc8e221341dd712b5b8649277872d4,brain_to_plasma_cmax_ratio,,9.3,9.3,,9.3,ratio,"After chronic treatment with clomipramine (CMI) in rats, a Cmax brain/plasma ratio of 9.3 was reported.",,1607145,,,rat
9445f37157ca15c5c07212532004a5ed766967dbb756796ef15ee38784c15ac4,"[""direct_bbb"",""brain_to_plasma_cmax_ratio"",""ratio"",""__unknown__"",""__unknown__"",""rat"",""endpoint_defined_ratio"",""plasma""]",ratio,direct_bbb,183709,183708,e7c161218f43d39b4d00eb1af8f19a72c19f798feea35b5347c58645888844e8,brain_to_plasma_cmax_ratio,,10.0,10,,10,ratio,Previous studies in rats after acute treatment with imipramine (IMI) showed Cmax brain/plasma ratios of 10.,,1607145,,,rat
38efb184f1913267cf9892a737606414eda7b7c8ac58a079ee719acda76255da,"[""direct_bbb"",""brain_to_plasma_cmax_ratio"",""ratio"",""__unknown__"",""__unknown__"",""rat"",""endpoint_defined_ratio"",""plasma""]",ratio,direct_bbb,183706,183705,e678cf80a8ad3cf69aadd7d6aaf35f3ffac248127d510c852605a9f7a7852958,brain_to_plasma_cmax_ratio,,13.0,13,,13,ratio,Previous studies in rats after acute treatment with clomipramine (CMI) showed Cmax brain/plasma ratios close to 13.,,1607145,,,rat
dc416442068dde861e27ca9e6b6a1ed73fff7564c5661506ac190963474f36a6,"[""direct_bbb"",""brain_to_plasma_cmax_ratio"",""ratio"",""__unknown__"",""__unknown__"",""rat"",""endpoint_defined_ratio"",""plasma""]",ratio,direct_bbb,183708,183707,6f68b9ffbe25678279cade1427d26a354eb66db1566d385e0f32b1376114c6df,brain_to_plasma_cmax_ratio,,20.0,20,,20,ratio,"After chronic treatment with clomipramine (CMI) in rats, Friedman and Cooper (1983) reported a Cmax brain/plasma ratio of 20.",,1607145,,,rat
5829984c94dd4a28ac3b241d827da2128ebfe77b61728a587b41c075eee68d2f,"[""direct_bbb"",""brain_to_plasma_cmax_ratio"",""ratio"",""__unknown__"",""__unknown__"",""rat"",""endpoint_defined_ratio"",""plasma""]",ratio,direct_bbb,183710,183709,71b4db5786d7b0f5859cb158080599e70a897ade21b939ab25c96a2323e8033b,brain_to_plasma_cmax_ratio,,30.0,30,,30,ratio,Previous studies in rats after acute treatment with amitriptyline showed Cmax brain/plasma ratios of 30.,,1607145,,,rat
1678fe73d1af5c62d350237fec5f5cefd4ca2b9a49f195326ef47c6b17162c10,"[""direct_bbb"",""csf_to_blood_ratio"",""ratio"",""__unknown__"",""__unknown__"",""human"",""endpoint_defined_ratio"",""blood""]",ratio,direct_bbb,76760,76759,04c04c5e8c2d4d046490248c6e050a45dcc41ab70a029a54b946ee55686c17d3,csf_to_blood_ratio,,0.0006,0.0006,,0.0006,ratio,The CSF blood ratio of crizotinib was measured at 0.0006 in a patient with ALK positive NSCLC presenting with leptomeningeal metastases and a CNS response during 5 months.,measured in a patient with a CNS response during 5 months,27661208,,,human
38e673bfc5ac62b9e520831249b596995f46ed84c1b65cfefc0459ce318a52a8,"[""direct_bbb"",""csf_to_blood_ratio"",""ratio"",""__unknown__"",""__unknown__"",""human"",""endpoint_defined_ratio"",""blood""]",ratio,direct_bbb,76761,76760,5f19d3e7697da407901df0b2607407c5f443a3aa916564caf1d0530663d22eeb,csf_to_blood_ratio,,0.001,0.001,,0.001,ratio,The CSF blood ratio of crizotinib was measured at 0.001 in a second patient with ALK positive NSCLC at the time of leptomeningeal metastases diagnosis.,measured at leptomeningeal metastases diagnosis,27661208,,,human
c1d98e878be2829c7689102d15d8ccf7c27d1fd0f910cf75bd945f8fe2ac12d2,"[""direct_bbb"",""csf_to_blood_ratio"",""ratio"",""__unknown__"",""__unknown__"",""human"",""endpoint_defined_ratio"",""blood""]",ratio,direct_bbb,137220,137219,ca867eec8a9657bb3c55ae3440b24939c0efcd421b5e4518221d79f29bd0124f,csf_to_blood_ratio,,0.17,0.17,,0.17,ratio,"In a patient case, the CSF/blood phenytoin ratio was measured to be 0.17, and no marked changes were detected before or after DHP.",,10227793,,,human
f20d865aa64898c5012f99b1b64e0dcfbcc3c044e0f80ed82fc4c48e64f208d6,"[""direct_bbb"",""csf_to_blood_ratio"",""ratio"",""__unknown__"",""__unknown__"",""human"",""endpoint_defined_ratio"",""blood""]",ratio,direct_bbb,53443,53442,bd4d0c14c6c0e48cf931c453b24d4cbf928f6ca62b3e318950f4734e04bb3ae0,csf_to_blood_ratio,,0.28,0.28 ± 0.06,,0.28,ratio,Schentag et al. (1981) observed a cimetidine CSF to blood concentration ratio of 0.28 ± 0.06 in patients with both renal and liver disease.,,6418428,,,human
ca6321f94a276ccf2b0fb841b7f60129a6e0cc5c4cc323e245203177b8716393,"[""direct_bbb"",""csf_to_blood_ratio"",""ratio"",""__unknown__"",""__unknown__"",""human"",""endpoint_defined_ratio"",""blood""]",ratio,direct_bbb,100234,100233,7a6d9b1f03f23ace815862160808606013bb0ae80dbe5b6fb4d0465a2303f861,csf_to_blood_ratio,,0.35,0.35,,0.35,ratio,"In patients with GLUT1 DS on the ketogenic diet, the mean CSF/blood ratio for beta-hydroxybutyrate (OHB) was 0.35.",,14769490,,,human
02f116818aa84803681081ef5ec1493a347e9c4147838a2ecdb8e922c6e0161f,"[""direct_bbb"",""csf_to_blood_ratio"",""ratio"",""__unknown__"",""__unknown__"",""human"",""endpoint_defined_ratio"",""blood""]",ratio,direct_bbb,86230,86229,ae954b4167d351e8b57bd4a25fa00f8e086b132896e5b82aa3cfed7cfb8d782f,csf_to_blood_ratio,,0.39,39,%,39,%,A recent study demonstrated that the CSF concentration of ampicillin was 39% of the blood level when meningitic children were given 400 mg/kg/day.,,1588580,,,human
4de95f0129038cdd832ba53abda83178abe8138807cb86741777a6a3359b4f3c,"[""direct_bbb"",""csf_to_blood_ratio"",""ratio"",""__unknown__"",""__unknown__"",""human"",""endpoint_defined_ratio"",""blood""]",ratio,direct_bbb,53444,53443,4ea4a6a1ca528ab0f5d2fa3a60236b302edce13dbae2be197041b27037987fc1,csf_to_blood_ratio,,0.43,0.43,,0.43,ratio,"Edmonds et al. (1979) investigated acutely ill elderly patients and found that in one patient, the CSF to blood ratio of cimetidine was 0.43.",,6418428,,,human
13e21704558a832c328092e6c9a7957f5344a99c39c5c197eb2c11a2328b887f,"[""direct_bbb"",""csf_to_blood_ratio"",""ratio"",""__unknown__"",""__unknown__"",""human"",""endpoint_defined_ratio"",""blood""]",ratio,direct_bbb,70389,70388,13b989a6e3c33229174cee30f9cfb3c61807828d51d9670aa3b654621e102204,csf_to_blood_ratio,,0.46,0.46 ± 0.12,,0.46,ratio,"Comparison of the CSF/blood concentration ratios of phenobarbital indicates that, regardless of the administration route, the ratio for the newborn is higher than that observed for the adult (0.46 ± 0.12).",,6518959,,,human
8ac77050fff5f36e5671ab977ac55f0ee1cb32687b37f96bcee73ae1cb0a7367,"[""direct_bbb"",""csf_to_blood_ratio"",""ratio"",""__unknown__"",""__unknown__"",""human"",""endpoint_defined_ratio"",""blood""]",ratio,direct_bbb,275658,275657,b28af9ed0895217c4e89c2b2206ea7ba789d42dc6b4d27f178dbfed694c5718a,csf_to_blood_ratio,,0.5,50%,%,50,%,Combination chemotherapeutic regimens employing lomustine produce CSF levels that are 50% of those obtained in the blood.,,577226,,,human
a51e9ac4783efc8677a3299a7e6a102a1f6b0a0a5f5fd1df01681b26ac49325d,"[""direct_bbb"",""csf_to_blood_ratio"",""ratio"",""__unknown__"",""__unknown__"",""human"",""endpoint_defined_ratio"",""blood""]",ratio,direct_bbb,184117,184116,6a5bc43ed8147bb4a97416cbd10d6508f03d29d09313e932a495eff37b7f9e66,csf_to_blood_ratio,,0.5,50%,%,50,%,Concentrations of chloramphenicol in spinal fluid have been reported to be about 50% of the blood level.,Data cited from previously reported literature.,475376,,,human
b79845a8b80dbbb1735433fb0ac1d2306f513f1aac9ae6a2468028aa776a6240,"[""direct_bbb"",""csf_to_blood_ratio"",""ratio"",""__unknown__"",""__unknown__"",""human"",""endpoint_defined_ratio"",""blood""]",ratio,direct_bbb,53442,53441,7723f374b6facf04ffbfce1e8352b8e94d7396d3d7beda031185fd05b56942a9,csf_to_blood_ratio,,0.5,0.50 ± 0.14,,0.50,ratio,"In patients with liver disease, Schentag et al. (1981) observed a high CSF to blood concentration ratio of 0.50 ± 0.14 for cimetidine, demonstrating that these patients appear to have a more permeable blood-brain barrier.",,6418428,,,human
458dba68144974aa7ac834e85421a9b19fce132d1da0865b56e93a310b472cf3,"[""direct_bbb"",""csf_to_blood_ratio"",""ratio"",""__unknown__"",""__unknown__"",""human"",""endpoint_defined_ratio"",""blood""]",ratio,direct_bbb,187348,187347,40b9384038e029ade1455c687593194876bb12eff2021ccb36244b6903afb532,csf_to_blood_ratio,,0.52,52%,%,52,%,"In a human patient who had ingested 2.8g of amantadine in a suicide attempt, the concentration of amantadine in the cerebrospinal fluid was 52% of the concentration found in whole blood (1240 vs 2370 µg/L).",CSF concentration was 1240 µg/L and whole blood concentration was 2370 µg/L.,3280212,,,human
f221f576cbe65bab7d436cfe41c8ad08d449029ff0db4de69cc6db4717c05c61,"[""direct_bbb"",""csf_to_blood_ratio"",""ratio"",""__unknown__"",""__unknown__"",""human"",""endpoint_defined_ratio"",""blood""]",ratio,direct_bbb,158529,158528,e211516d8fd473a6f3e590948a03e4cb3887030b39703efc54ea9b68b3cecdba,csf_to_blood_ratio,,0.56,56%,,56,%,"Caesar noted in 18 patients with disease of the liver a mean plasma ammonium of 1.42 µg./ml. with a C.S.F. level of 0.80 µg./ml., [showing] C.S.F. ammonium at 56%... of the blood levels.",Mean plasma ammonium was 1.42 µg./ml. and C.S.F. level was 0.80 µg./ml.,5573652,,,human
a0c979b57b4f9d8aae4f87d66aeaaeb2501ec7c77122691b6a64a3d09b8dbb23,"[""direct_bbb"",""csf_to_blood_ratio"",""ratio"",""__unknown__"",""__unknown__"",""human"",""endpoint_defined_ratio"",""blood""]",ratio,direct_bbb,128312,128311,64eff7c3c6d3dc200d24a3de38e2aeedb78fa1a00b7d6090eb1008361c32369b,csf_to_blood_ratio,,0.8,80%,%,80,%,Fluconazole concentrations in the cerebrospinal fluid (Liquor) reach approximately 80% of the blood levels.,The concentration in the CSF (Liquor) was approximately 80% of the blood levels.,9198746,,,human
a55b82201c8891fe85ee845bb2b58ef15e34dc9a31c4d4601c9f29df936924e0,"[""direct_bbb"",""csf_to_blood_ratio"",""ratio"",""__unknown__"",""__unknown__"",""human"",""endpoint_defined_ratio"",""blood""]",ratio,direct_bbb,144912,144911,bf8332ec1e94912feee0dc9075957f40bbac50d1746f071b15e53aaa0da1a836,csf_to_blood_ratio,,0.8,80%,%,80,%,The concentrations of fluconazole in cerebrospinal fluid were reportedly some 80% of the blood levels.,,9476508,,,human
c3ac7ea44c58fec1eaef7e899dec1574bee59ab16bbe8eb3c0805f7aed46d62b,"[""direct_bbb"",""csf_to_blood_ratio"",""ratio"",""__unknown__"",""__unknown__"",""human"",""endpoint_defined_ratio"",""blood""]",ratio,direct_bbb,100230,100229,71715a33b7c4281c10fb665d8b5adb0cf065074d77c383ea51b1580c732ba9a5,csf_to_blood_ratio,,0.9,0.90,,0.90,ratio,"In patients with GLUT1 DS on the ketogenic diet, the mean CSF/blood ratio for acetoacetate (AcAC) was 0.90.",,14769490,,,human
f5ba5488a0864265600e10db8093e54d33d1b64d3f1def2f915d538cc2f40e5e,"[""direct_bbb"",""csf_to_blood_ratio"",""ratio"",""__unknown__"",""__unknown__"",""human"",""endpoint_defined_ratio"",""blood""]",ratio,direct_bbb,196031,196030,7f5c3aafeb2402ced5e97279467793f549392ac55e7e3e6fe25db047e8683b96,csf_to_blood_ratio,,0.9,0.9,,0.9,ratio,The cerebrospinal fluid:blood ratio of theophylline has been quoted as 0.9 in premature infants.,,3281555,,,human
4adac91afa73f0099b5ce99a7af8a414df673a1da96d50924cad82c352f407ed,"[""direct_bbb"",""csf_to_blood_ratio"",""ratio"",""__unknown__"",""__unknown__"",""human"",""endpoint_defined_ratio"",""blood""]",ratio,direct_bbb,172975,172974,beec41f45b74bbfce1c4b053a9d4c0fc4f14b573678b20f8fc809c5b5ea778d7,csf_to_blood_ratio,,0.997,~99.7%,%,99.7,%,"For each individual [patient receiving induction treatment with mannitol and ATO], the arsenic level in CSF was ~99.7% of those in the paired blood samples.",,24963041,,,human
66737c5489707b4ad0d3ee2f5597b87e1160ac08e790daf290af268bebfeb785,"[""direct_bbb"",""influx_rate_constant"",""mL/g·min"",""__unknown__"",""__unknown__"",""rat"",""absolute"",""none""]",mL/g·min,direct_bbb,18696,18695,875dccd06b2f6ff29289631745140806c70b30f366706739b3cd7f789862899d,influx_rate_constant,,0.0005,5 × 10^-4,ml/min/g,5,10^-4 ml/min/g,"In the rat, the Kin for 65Zn was 5 × 10−4 ml/min/g, indicating a rate of Zn influx into the brain from plasma of approximately 3 µg/day.",The rate of Zn influx into brain from plasma is ~3 µg/day.,1988551,,,rat
be1d6f4597327a4a24cad81b5584bc7770c0051ff6117137d4a2adf77430c788,"[""direct_bbb"",""influx_rate_constant"",""mL/g·min"",""__unknown__"",""__unknown__"",""rat"",""absolute"",""none""]",mL/g·min,direct_bbb,37723,37722,3a49de620d45cbe7b68cf520509fd4d0ee45d15caf8bbec2ba5d1169cf72cc90,influx_rate_constant,,0.0012,1.2 ± 0.3 × 10^3,ml g^-1 min^-1,1.2,10^-3 ml g^-1 min^-1,"In control rats, the unidirectional blood-to-brain transfer constant (Kin) for spermidine (SPMD) was 1.2 ± 0.3 × 103 ml g−1 min−1 for the striatum.",,12135777,,,rat
59dc03af4a44807a363c2814234fee3d46e51534a7063aa6613c5b311bfb9db2,"[""direct_bbb"",""influx_rate_constant"",""mL/g·min"",""__unknown__"",""__unknown__"",""rat"",""absolute"",""none""]",mL/g·min,direct_bbb,37724,37723,d21aea2f82fa55342ee9cf6659213f70d41bd59b8c93dee899833ff3ee4618c1,influx_rate_constant,,0.0022,2.2 ± 0.4 × 10^3,ml g^-1 min^-1,2.2,10^-3 ml g^-1 min^-1,"In control rats, the unidirectional blood-to-brain transfer constant (Kin) for spermidine (SPMD) was 2.2 ± 0.4 × 103 ml g−1 min−1 for the cerebellum.",,12135777,,,rat
3c708410b0b53498e3e97456c63b03dc095ecb20a33db7e1a39f2cc50dffedd5,"[""direct_bbb"",""influx_rate_constant"",""mL/g·min"",""__unknown__"",""__unknown__"",""rat"",""absolute"",""none""]",mL/g·min,direct_bbb,37727,37726,6fda5912f8bb144827154c3ff902259a25a068b80e3f021f652901145c6f9a93,influx_rate_constant,,0.0027,2.7 ± 0.3 × 10^3,ml g^-1 min^-1,2.7,10^-3 ml g^-1 min^-1,"In rats at 60 min recirculation (RC) period following 20 min of four-vessel occlusion, the hippocampus showed a Kin for spermidine (SPMD) of 2.7 ± 0.3 × 103 ml g−1 min−1, and results suggested specific transport of SPMD into the brain at this time.",Specific transport of SPMD reported at 30 and 60 min RC.,12135777,,,rat
7329f02e4943d06f3fddfcd9b99180b451c5745016cb75ab7faf935c52c61bd0,"[""direct_bbb"",""influx_rate_constant"",""mL/g·min"",""__unknown__"",""__unknown__"",""rat"",""absolute"",""none""]",mL/g·min,direct_bbb,37726,37725,f53ab41487de6a3cc0cad4d0b56042662f1cbf570c8a9ac9c17807a903e459ad,influx_rate_constant,,0.0029,2.9 ± 0.3 × 10^3,ml g^-1 min^-1,2.9,10^-3 ml g^-1 min^-1,"In the cortex of rats at 10 min recirculation (RC) period following 20 min of four-vessel occlusion, the Kin for spermidine (SPMD) was 2.9 ± 0.3 × 103 ml g−1 min−1.",,12135777,,,rat
3350bfdbb7d4c081939a34d7c333951cb82c7461627da9e870f7c2af6819390a,"[""direct_bbb"",""influx_rate_constant"",""mL/g·min"",""__unknown__"",""__unknown__"",""rat"",""absolute"",""none""]",mL/g·min,direct_bbb,37725,37724,931346632ca329450c4a8982af14e99a61884b72097f0c137c08f3d63cbcb966,influx_rate_constant,,0.0032,3.2 ± 0.4 × 10^3,ml g^-1 min^-1,3.2,10^-3 ml g^-1 min^-1,"In the cortex of rats at 5 min recirculation (RC) period following 20 min of four-vessel occlusion, the Kin for spermidine (SPMD) was 3.2 ± 0.4 × 103 ml g−1 min−1.",,12135777,,,rat
6f39ec93e7718ae2d75be1a94a51b69011d40a3fd15df89ca002d56de9fe3345,"[""direct_bbb"",""influx_rate_constant"",""mL/g·min"",""__unknown__"",""__unknown__"",""rat"",""absolute"",""none""]",mL/g·min,direct_bbb,19079,19078,986efbef2893a90791263b750a3de66270ed89e21e28d40825522a47e335b627,influx_rate_constant,,1.1,110,ml/100 g/min,110,ml/100 g/min,Model data averages for four cortical areas in control rats showed an influx constant for antipyrine of 110 ml/100 g/min.,Data represents averages for four cortical areas.,7854205,,,rat
7d1dc01e55f967e52da5221512bf5a6f031ed7a2de63ea86acbd64f62ba52553,"[""direct_bbb"",""influx_rate_constant"",""mL/g·min"",""__unknown__"",""__unknown__"",""rat"",""absolute"",""none""]",mL/g·min,direct_bbb,19080,19079,d7106eaa740ae24e388dd890839bc927dafd05b29b6e45580ddcd1acfae412e5,influx_rate_constant,,1.55,155,ml/100 g/min,155,ml/100 g/min,Model data averages for four cortical areas in hypercapnic rats showed an influx constant for antipyrine of 155 ml/100 g/min.,Data represents averages for four cortical areas.,7854205,,,rat
9b3dcd20bd09987079163dfe1457615335f7273862b5f01bfa162b4d3a1bbbd6,"[""direct_bbb"",""permeability"",""cm/s"",""__unknown__"",""in vivo"",""__unknown__"",""absolute"",""none""]",cm/s,direct_bbb,20295,20294,b196833d39b6984ed04281401179f6a2cea49516784af8f860a59a703fa12ec8,permeability,,3e-08,0.3 × 10^-7,cm s^-1,0.3,10^-7 cm s^-1,"In vivo conditions for the blood-brain barrier are characterized by a sucrose permeability of approximately 0.3 × 10−7 cm s−1, where sucrose serves as a hydrophilic marker to reflect the degree of tight junction formation.",Sucrose is used as a hydrophilic marker to monitor the quality of monolayers and tight junction formation.,15717054,,in vivo,
aef8c0111330c12433bbdc353dcc2fa5e3fbe8e2e111e1afb5b8808510ef3cef,"[""direct_bbb"",""permeability"",""cm/s"",""__unknown__"",""in vivo"",""__unknown__"",""absolute"",""none""]",cm/s,direct_bbb,123997,123996,5d4d564a1d7e4092464193c665ce264b027d69d2f87c8904b6f3faf707c8803f,permeability,,8.4e-08,~8.4 × 10^-8,cm/s,8.4,10^-8 cm/s,The in vivo permeability of radiolabelled mannitol has been estimated to ~8.4 × 10−8 cm/s.,Radiolabelled mannitol was used.,24510879,,in vivo,
458523d3e9c644544d9d3e673c48313ae1bbf496e5e557c29793347cd76d4cad,"[""direct_bbb"",""permeability"",""cm/s"",""__unknown__"",""in vivo"",""__unknown__"",""absolute"",""none""]",cm/s,direct_bbb,11072,11071,3e6e2d7a91a6142f4aca60ebdc99673562d115e0976e0e9884fcbcf04920f57d,permeability,,1e-07,1×10^-7,cm/s,1,10^-7 cm/s,The in vivo permeability for sucrose was reported as 1×10−7 cm/s.,,16857178,,in vivo,
9b7d25cdd136e4f2e8a4b9642d913c7f36f1e39f0c1f480a6e7c73da0c5d7654,"[""direct_bbb"",""permeability"",""cm/s"",""__unknown__"",""in vivo"",""__unknown__"",""absolute"",""none""]",cm/s,direct_bbb,13759,13758,b888865259a56a8249b495c5912893de9b390f9e266f165991bc3ea8e6e673a9,permeability,,1e-07,1×10^-7,cm/s,1,10^-7 cm/s,The permeability in vivo of sucrose is reported as 1×10−7 cm/s.,,16857178,,in vivo,
212f92cde072133ad17068a5d7329c5047ea8436eda30c24cc16ed71bc6e8fb9,"[""direct_bbb"",""permeability"",""cm/s"",""__unknown__"",""in vivo"",""__unknown__"",""absolute"",""none""]",cm/s,direct_bbb,11074,11073,0ec39ed42406b96652d14e9a59d2a471d5ed168519f6dddb82d1563d45b8f8d9,permeability,,1.08e-05,1.08×10^-5,cm/s,1.08,10^-5 cm/s,The in vivo permeability for phenytoin was reported as 1.08×10−5 cm/s.,,16857178,,in vivo,
814b85ef4b43e2223dc2f970c42c946fcaf117bd0e8bbc9848612072cf914485,"[""direct_bbb"",""permeability"",""cm/s"",""__unknown__"",""in vivo"",""__unknown__"",""absolute"",""none""]",cm/s,direct_bbb,13764,13763,8fb480bafd1816ca8b28b515b99d4ce5a0be3373201e7ae990ad21206dbf1a23,permeability,,1.08e-05,1.08×10^-5,cm/s,1.08,10^-5 cm/s,The permeability in vivo of phenytoin is reported as 1.08×10−5 cm/s.,,16857178,,in vivo,
7142e22a5f384acc3491a409817dd708895be16472bddb42b86ec4e14524cc80,"[""direct_bbb"",""plasma_to_brain_ratio"",""ratio"",""__unknown__"",""__unknown__"",""rat"",""endpoint_defined_ratio"",""brain""]",ratio,direct_bbb,213164,213163,98687912f7f7b689d2c3d8d491176fca788706b795f3edd4b28470e9f14d5e8d,plasma_to_brain_ratio,,0.00825,0.00825,,0.00825,ratio,"A-317491 has a low plasma-to-brain ratio of 0.00825, but due to very high plasma levels, it reaches sufficient CNS concentrations to affect spinal receptors directly.","The passage notes that although the ratio is low, very high plasma levels allow the compound to achieve sufficient CNS concentrations to affect spinal receptors directly.",22422599,,,rat
8b5af6bbceab0469cde787d9ac93459fc1b3b474a9aa25fbcbb1300d15ac9238,"[""direct_bbb"",""plasma_to_brain_ratio"",""ratio"",""__unknown__"",""__unknown__"",""rat"",""endpoint_defined_ratio"",""brain""]",ratio,direct_bbb,254215,254214,68f569f443cea50ceaaaef6d0d34392872f139310ae3f0aff842c29e2068e9ff,plasma_to_brain_ratio,,0.00825,0.00825,,0.00825,ratio,"Following subcutaneous injections of A-317491, a low plasma-to-brain ratio of 0.00825 was reported by Wu et al. (2004).",The ratio was used by Wu et al. (2004) to suggest that A-317491 is a peripherally acting antagonist.,16041397,,,rat
428227b1703a850cfb89e0ba170b1fcb4d6d85bebf69d5949fbe82a439823f33,"[""direct_bbb"",""plasma_to_brain_ratio"",""ratio"",""__unknown__"",""__unknown__"",""rat"",""endpoint_defined_ratio"",""brain""]",ratio,direct_bbb,49780,49779,f0c4665476d4183ee8a1cd261c3bc3195110d86663ccac6620945b82fd7e607f,plasma_to_brain_ratio,,1.1,1.1,,1.1,ratio,"In an animal study by McKean et al., the plasma/brain ratio for PHE in rats showed a baseline value of 1.1 after intraperitoneal loading with L-PHE.",,8552430,,,rat
bdf40384670d15e4578813b961204435404aa65d2173941e3c6084a8d1f2f507,"[""direct_bbb"",""plasma_to_brain_ratio"",""ratio"",""__unknown__"",""__unknown__"",""rat"",""endpoint_defined_ratio"",""brain""]",ratio,direct_bbb,148190,148189,d1b5b4788e6e9d7f641023211b14018a3070073b3d5a6238b7f55333cf7f863b,plasma_to_brain_ratio,,1.77,1.77,,1.77,ratio,"In 20 days old rats, the amount of morphine in the brain was 504 ± 14.5 ng/g and in the plasma was 892 ± 39.2 ng/ml, resulting in a plasma/brain ratio of 1.77.",Amounts in brain: 504 ± 14.5 ng/g; Amounts in plasma: 892 ± 39.2 ng/ml; measured 40 min after subcutaneous injection of morphine 5 mg/kg.,4801087,,,rat
c4504e73bd57aedf775af152f4b55dc649b19a052bf2952a047ab10b77878043,"[""direct_bbb"",""plasma_to_brain_ratio"",""ratio"",""__unknown__"",""__unknown__"",""rat"",""endpoint_defined_ratio"",""brain""]",ratio,direct_bbb,49782,49781,411b1cd1a2602d1b5a0838ce995a21953323585c48b4e1e6d73e2688b5ece5b2,plasma_to_brain_ratio,,2.4,2.4,,2.4,ratio,"In an animal study by McKean et al., the plasma/brain ratio for PHE in rats decreased to 2.4 at 60 min post-load after intraperitoneal loading with L-PHE.",,8552430,,,rat
e27d8392aaf91d9ca9dfe9fcdf7cf301a07e72afd04f12aed72366f05aacac51,"[""direct_bbb"",""plasma_to_brain_ratio"",""ratio"",""__unknown__"",""__unknown__"",""rat"",""endpoint_defined_ratio"",""brain""]",ratio,direct_bbb,148191,148190,f6403f5efbc65fd815a5b38006ef40d928da7e6a50309d5c1ed01e37b804c37e,plasma_to_brain_ratio,,2.55,2.55,,2.55,ratio,"In 26 days old rats, the amount of morphine in the brain was 242 ± 8.1 ng/g and in the plasma was 617 ± 32.5 ng/ml, resulting in a plasma/brain ratio of 2.55.",Amounts in brain: 242 ± 8.1 ng/g; Amounts in plasma: 617 ± 32.5 ng/ml; measured 40 min after subcutaneous injection of morphine 5 mg/kg.,4801087,,,rat
c1623be16df4d11e14a1f28a66224ceeb192600cdd53e699bd023eb893fb2f22,"[""direct_bbb"",""plasma_to_brain_ratio"",""ratio"",""__unknown__"",""__unknown__"",""rat"",""endpoint_defined_ratio"",""brain""]",ratio,direct_bbb,148192,148191,2aa0ac7bf3f89a61fcae3cbe8dd7f8093fd5ce038cad24263a4cc5828710592b,plasma_to_brain_ratio,,2.86,2.86,,2.86,ratio,"In 32 days old rats, the amount of morphine in the brain was 213 ± 8.6 ng/g and in the plasma was 609 ± 30.0 ng/ml, resulting in a plasma/brain ratio of 2.86.",Amounts in brain: 213 ± 8.6 ng/g; Amounts in plasma: 609 ± 30.0 ng/ml; measured 40 min after subcutaneous injection of morphine 5 mg/kg.,4801087,,,rat
2f6656d8dabbdae86c4743c9db2f44abbab1e7a0707d4a9f714dd5c7e5126627,"[""direct_bbb"",""plasma_to_brain_ratio"",""ratio"",""__unknown__"",""__unknown__"",""rat"",""endpoint_defined_ratio"",""brain""]",ratio,direct_bbb,148193,148192,6c37fdfdc02dce37c97183fe20480069cc4fa17b0fca0be7be61b67142311725,plasma_to_brain_ratio,,3.07,3.07,,3.07,ratio,"In 42 days old rats, the amount of morphine in the brain was 203 ± 6.4 ng/g and in the plasma was 623 ± 22.7 ng/ml, resulting in a plasma/brain ratio of 3.07.",Amounts in brain: 203 ± 6.4 ng/g; Amounts in plasma: 623 ± 22.7 ng/ml; measured 40 min after subcutaneous injection of morphine 5 mg/kg.,4801087,,,rat
2014f94a96b7b11bc7f37ddd297ea30c5ec62387f499feee8732f01341d38ff0,"[""direct_bbb"",""plasma_to_brain_ratio"",""ratio"",""__unknown__"",""__unknown__"",""rat"",""endpoint_defined_ratio"",""brain""]",ratio,direct_bbb,148194,148193,ae69faf7cbc7bc8c0879755c502281cfaaea3efd6b98d6647743b6af29aa49bc,plasma_to_brain_ratio,,3.44,3.44,,3.44,ratio,"In adult female rats, the amount of morphine in the brain was 202 ± 3.5 ng/g and in the plasma was 704 ± 19.4 ng/ml, resulting in a plasma/brain ratio of 3.44.",Amounts in brain: 202 ± 3.5 ng/g; Amounts in plasma: 704 ± 19.4 ng/ml; measured 40 min after subcutaneous injection of morphine 5 mg/kg.,4801087,,,rat
3694c51eea237304dc3d7cf618a98c38ec0d3fd51aa182ea4cab25fb1714c32b,"[""direct_bbb"",""plasma_to_brain_ratio"",""ratio"",""__unknown__"",""__unknown__"",""rat"",""endpoint_defined_ratio"",""brain""]",ratio,direct_bbb,49781,49780,471684c2161f6efb1847dec2509b4d0c5d5580aa02cd17f0aeb8f383bdfb65c1,plasma_to_brain_ratio,,4.35,4.35,,4.35,ratio,"In an animal study by McKean et al., the plasma/brain ratio for PHE in rats increased to 4.35 at 30 min post-load after intraperitoneal loading with L-PHE.",,8552430,,,rat
f1b60c176cbf87f40dfdac7f94cde3db0dc78c832d72e2a395db330332bceae2,"[""direct_bbb"",""tissue_to_blood_ratio"",""ratio"",""__unknown__"",""__unknown__"",""human"",""endpoint_defined_ratio"",""blood""]",ratio,direct_bbb,66815,66814,50f34a852755815a4b5f59467c369f83f57cea7427733327960cb7e19d0d2604,tissue_to_blood_ratio,,0.054,0.054,,0.054,ratio,"In human high-grade gliomas, the tissue to blood ratio for carboplatin was 0.054.",,21400119,,,human
be1a58dcdfd4ae65156f2ce6fb1f69ef850208cec63e6683ffaecac14dd86a77,"[""direct_bbb"",""tissue_to_blood_ratio"",""ratio"",""__unknown__"",""__unknown__"",""human"",""endpoint_defined_ratio"",""blood""]",ratio,direct_bbb,66748,66747,8088c46fb683093189fe33c79e6610f067447f6975274c8294c5ee3287a778df,tissue_to_blood_ratio,,0.11,11%,,11,%,"For tumors metastatic to the brain, the tissue to blood ratio for etoposide was 11%.",,21400119,,,human
cd765a8ea2ba48b16dcbb6db48963f4e0b4730fa0cc13143be9399f06cba497c,"[""direct_bbb"",""tissue_to_blood_ratio"",""ratio"",""__unknown__"",""__unknown__"",""human"",""endpoint_defined_ratio"",""blood""]",ratio,direct_bbb,66818,66817,c7588b97218f9602d2e6ab7ebb79f6fd6ee433791d2dffef63e57f74cc29d863,tissue_to_blood_ratio,,0.116,0.116,,0.116,ratio,"In human metastatic tumors, the tissue to blood ratio for etoposide was 0.116.",,21400119,,,human
e00da8b6be65a84ea9856e731405059f4551b477061a7de477fd64bbcdee0991,"[""direct_bbb"",""tissue_to_blood_ratio"",""ratio"",""__unknown__"",""__unknown__"",""human"",""endpoint_defined_ratio"",""blood""]",ratio,direct_bbb,66817,66816,b50c26dbd868415e8c9e3ca03ccc10a4a55e0e71e5399eab31ef6aff4da0baea,tissue_to_blood_ratio,,0.118,0.118,,0.118,ratio,"In human metastatic tumors, the tissue to blood ratio for temozolomide was 0.118.",,21400119,,,human
386b5b25a6ed938157fdabc07a709daff08f0bb02aaf0691dcaf9b5195eebbb0,"[""direct_bbb"",""tissue_to_blood_ratio"",""ratio"",""__unknown__"",""__unknown__"",""human"",""endpoint_defined_ratio"",""blood""]",ratio,direct_bbb,66746,66745,f88191f0266987cc7b476704bac5e72d15d42b06b26f400f65f630252d7edb34,tissue_to_blood_ratio,,0.2,20%,,20,%,"In patients with high-grade glioma (HGG), the tissue to blood ratio for temozolomide was reported as 20% of plasma concentrations.",,21400119,,,human
977e1371498fe4768a9221bd0139ad56426635a64ebb9bf869316953b7604fab,"[""direct_bbb"",""tissue_to_blood_ratio"",""ratio"",""__unknown__"",""__unknown__"",""human"",""endpoint_defined_ratio"",""blood""]",ratio,direct_bbb,66819,66818,c9b247951a9fb0bad636d650c2cf6690a4d1c4b5cc7f576902928f525680596c,tissue_to_blood_ratio,,32.02,32.02,,32.02,ratio,"In human metastatic tumors, the tissue to blood ratio for mitoxantrone was 32.02.",,21400119,,,human
dae148fe60cce88a5f4ab384a44280ecad7df4d248014f449f8daab2573698b7,"[""direct_bbb"",""tissue_to_blood_ratio"",""ratio"",""__unknown__"",""__unknown__"",""human"",""endpoint_defined_ratio"",""blood""]",ratio,direct_bbb,66816,66815,1ba553a3def889cdd9d5a75974b7b5eb296fdd8b583f5abb9bf28705e74e0efc,tissue_to_blood_ratio,,34.0,34,,34,ratio,"In human high-grade gliomas, the tissue to blood ratio for mitoxantrone was 34.",,21400119,,,human
07331a4b06f9ed0dd0addd54e8dfd6051365ff8deae90143eef361bd9a796612,"[""influx_transport"",""blood_to_brain_transport"",""M"",""carrier_mediated_influx"",""__unknown__"",""unknown"",""unknown""]",M,influx_transport,35405,ext_2,d38cd54cfeb6017e941384e195aebaf294a6a00fc2978d731cb92e4d6c76d2c6,blood_to_brain_transport,,1.8e-05,Km 1.8 × 10^-5 M for adenosine transport across capillary BBB,,1.8,10^-5 M,Cornfeld and Oldendorf (1975) found an independent transport system for adenosine with Km 1.8 × 10^-5 M using a 15 sec infusion method to measure transport across the capillary blood brain barrier.,"The adenosine transport system also had affinity for guanosine, inosine and uridine.",6170091,SMILES:18384377,,
310f644ec495569da24d7ea07ca9f4e06034622093c5ada1880c1421d59f4ff1,"[""influx_transport"",""blood_to_brain_transport"",""M"",""carrier_mediated_influx"",""__unknown__"",""unknown"",""unknown""]",M,influx_transport,35404,ext_1,81ba8d53e99597ba0f61e560ca10f82dfa708323db625ba5d9c97d235a200010,blood_to_brain_transport,,2.7e-05,Km 2.7 × 10^-5 M for adenine transport across capillary BBB,,2.7,10^-5 M,Cornfeld and Oldendorf (1975) used a 15 sec infusion method to measure transport across the capillary blood brain barrier and found an independent transport system for adenine with Km 2.7 × 10^-5 M.,,6170091,SMILES:18395181,,
be1fdaed5a14d8d318e6058810fbb09f0c6f3eb1bd49248f1ffaf11c154d0f23,"[""influx_transport"",""blood_to_brain_transport"",""M"",""carrier_mediated_influx"",""__unknown__"",""unknown"",""unknown""]",M,influx_transport,38817,ext_4,f88b5708e6d1056c22a4f7adbd68d7257979931e9e406f83f2b60ff4da6ac847,blood_to_brain_transport,,0.0001,"Saturation of choline transport occurs at choline levels approximating 10^-4 M, which is ten times the estimated endogenous serum levels.",,1,10^-4 M,Paragraph 33 states: 'Saturation of transport occurs at exogenous choline concentrations that are ten times the estimated endogenous serum levels. ... dilution... saturation of transport occurs at choline levels approximating 10−4M.' This provides an absolute value for the saturation concentration of the carrier-mediated choline transport into brain.,Saturation occurs at exogenous concentrations ten times estimated endogenous serum levels.,5548453,SMILES:13195207,,
e11af40395657a471842c202e92acb3f803681a1dd68133a943e2d631238f03f,"[""influx_transport"",""blood_to_brain_transport"",""M"",""carrier_mediated_influx"",""__unknown__"",""unknown"",""unknown""]",M,influx_transport,58283,ext_1,6d88f506d4dbabb275119d2eb0caa0978f7e89dfd55fa2af4333947265364f66,blood_to_brain_transport,,0.0005,Tyrosine is concentrated fivefold from a blood concentration of 1 × 10^-4 M to a brain tissue concentration of about 5 × 10^-4 M by an active transport mechanism.,,5,10^-4 M,"Tyrosine is taken up from the blood, and in brain it is concentrated fivefold by an active transport mechanism from 1 × 10−4 M in the blood to about 5 × 10−4 M in the tissue (63). This demonstrates carrier-mediated blood-to-brain transport of tyrosine across the BBB.",Based on review of literature (ref 63); active transport mechanism not further specified.,4100392,SMILES:18060713,,
0920edd7b8e1514b9f22c6e571bf9c9c25bb426c39f8366e71cb4d92a0ef4baf,"[""influx_transport"",""blood_to_brain_transport"",""M"",""carrier_mediated_influx"",""__unknown__"",""unknown"",""unknown""]",M,influx_transport,3830,ext_9,fc3243ae361ec9d43c56de06e1c405157968b217c683d7b16d22baaabcf6a3bb,blood_to_brain_transport,,1.0,Glucose is transported by a high-affinity system (Km 1.1 mM) and a low-affinity system (Km 1.0 M) at the BBB.,,1.0,M,"Gjedde (1981) has shown a putative low affinity system for glucose transport at the BBB to be stereoselective and to have a Km of 1.0 M, compared with a Km of 1.1 mM for the high affinity system. These kinetic parameters indicate that glucose is a substrate of both a high-affinity and a low-affinity carrier at the BBB.",The low-affinity system is stereoselective with a Km of 1.0 M; the high-affinity system has a Km of 1.1 mM.,6765182,SMILES:21026048,,
740d7c0bef4cc2466246cac43914949248fd5743e67420c16c4de0838508e8c3,"[""influx_transport"",""blood_to_brain_transport"",""M"",""carrier_mediated_influx"",""__unknown__"",""unknown"",""unknown""]",M,influx_transport,9564,ext_2,17c69d6c0139c75b084da729d0db51464f4c57b58f1e7c340d37ca992527d78a,blood_to_brain_transport,,1.0,"Tmax = ~5 mmol 100 g^-1 min^-1, Km = ~1 M, permeability = 85·10^-7 cm s^-1 (specific nonsaturable diffusion pathway)",,1,M,"In rat, the low-affinity system for D-glucose from blood to brain had Tmax ~5 mmol 100 g^-1 min^-1, Km ~1 M, and a specific nonsaturable diffusion permeability of 85·10^-7 cm s^-1. This system distinguished between D- and L-glucose, indicating specific carrier-mediated transport.","The low-affinity system distinguished between D- and L-glucose, indicating specific carrier-mediated transport.",7264642,SMILES:21026048,,
4c1e54c85b172c927b0f1c2bde9090d87fb46362ab950d7f58a415600b1cd0ee,"[""influx_transport"",""brain_endothelial_cell_uptake"",""pmol/cells·min"",""carrier_mediated_influx"",""__unknown__"",""unknown"",""unknown""]",pmol/cells·min,influx_transport,40791,ext_2,40c7612b11ce4048b0b841d3c101d9801046a7c29cccf09462235a96663b2e58,brain_endothelial_cell_uptake,,3.199999999999997e-08,"Luminal GSH uptake in Na^+-free buffer: 0.96 ± 0.03 pmol/30 min/million cells, representing the Na^+-independent component of GSH uptake.",,0.96,pmol/30 min/million cells,"Luminal GSH uptake in Na+-free buffer was 0.96 ± 0.03 pmol/30 min/million cells, significantly less than in Na+-containing buffer, indicating a Na+-independent uptake mechanism. The paper concludes that HCEC take up GSH by both Na+-dependent and -independent mechanisms.","Na+-independent uptake component observed at luminal side. Abluminal uptake showed no Na+-dependency (1.02±0.13 vs 1.11±0.09, p>0.05).",10678765,SMILES:18036856,,
e7b1d0d71de3ba3acb1bc1b4ff52be9181b49ff870686908c1acc12b9b276ce5,"[""influx_transport"",""brain_endothelial_cell_uptake"",""pmol/cells·min"",""carrier_mediated_influx"",""__unknown__"",""unknown"",""unknown""]",pmol/cells·min,influx_transport,29219,ext_3,55389cbd3dd19c76e2dda6dc4b70eecac9ab51020731637049252b3d026b164c,brain_endothelial_cell_uptake,,7.999999999999992e-08,Uptake of 35S-GSH by HCEC was ~2.4 pmol/30 min/million cells.,,2.4,pmol/30 min/million cells,"Human cerebrovascular endothelial cells (HCEC) possess morphological and biological similarities to the BBB [46]. Using these cells, Kannan et al. reported uptake of 35S-GSH in both a Na+-dependent and Na+-independent manner [37], and estimated the maximum net rate of GSH uptake by the cells to be ~2.4 pmol/30 min/million cells.","Uptake was both Na+-dependent and Na+-independent. Efflux also occurred at a slower rate. Authors estimated net change in intracellular GSH concentration of 0.24 µM, which was considered inconsequential relative to millimolar intracellular GSH.",23201762,SMILES:18036856,,
e6a9fcd8de883df4d9f241c63863998ee6c9aeb41b22cacef03fc52d86dc84c0,"[""influx_transport"",""brain_endothelial_cell_uptake"",""pmol/cells·min"",""carrier_mediated_influx"",""__unknown__"",""unknown"",""unknown""]",pmol/cells·min,influx_transport,23536,ext_4,bd6712c485ba16b4878335237b43301109430234df2ace8b1c1697ac9e36f160,brain_endothelial_cell_uptake,,0.000385,"Km = 62 ± 14 µM, Vmax = 385 ± 30 pmol/min/million cells for prazosin-inhibitable lamotrigine uptake",,385,pmol/min/million cells,From paragraph 34: The uptake rate for lamotrigine transport was significantly different from the prazosin inhibited control over 5–300 µM. The prazosin inhibitable kinetics gave a Km of 62 ± 14 µM and Vmax of 385 ± 30 pmol/min/million cells. Also paragraph 38 describes the time course and the OCT1 rate plot using hCMEC/D3 cells at 37°C with 100 µM prazosin.,Time course established 3 min as linear; prazosin-inhibitable fraction defines OCT1-mediated transport; concentration range 5–300 µM,22227272,SMILES:18401081,,
4179e8e32c4bf220534451f46bd7dbf574094a5538779598c84cb4e3689e474f,"[""influx_transport"",""brain_endothelial_cell_uptake"",""pmol/cells·min"",""carrier_mediated_influx"",""__unknown__"",""unknown"",""unknown""]",pmol/cells·min,influx_transport,19331,ext_1,8a29768d6b8779ab6385a0ce8d0d35e9a91e25596a51ea669f7e839df47d1880,brain_endothelial_cell_uptake,,0.003299,"Vmax = 3299 pmol/million cells/min, Km = 35.9 µM",,3299,pmol/million cells/min,"We firstly studied the uptake of clozapine into human brain endothelial cells (hCMEC/D3). Clozapine uptake into cells was consistent with a carrier-mediated process, which was time-dependent and saturable (Vmax=3299 pmol/million cells/min, Km=35.9 µM).","Uptake was time-dependent, saturable, and inhibited by lamotrigine, quetiapine, olanzapine, prazosin, verapamil, indatraline, and chlorpromazine (up to 95% reduction).",29944835,SMILES:8803290,,
a8e37d5d06e26416e649b421e2e735b33aba2a451e5324ab942228718ffceb42,"[""influx_transport"",""brain_endothelial_cell_uptake"",""pmol/cells·min"",""carrier_mediated_influx"",""__unknown__"",""unknown"",""unknown""]",pmol/cells·min,influx_transport,19334,ext_4,a487e99ac143bcef4cc55600b9e60769bd723808d946afab29de3708a6b89354,brain_endothelial_cell_uptake,,0.003299,"Vmax 3299 pmol/million cells/min, Km 35.9 µM for clozapine uptake at 37°C",,3299,pmol/million cells/min,Clozapine uptake into hCMEC/D3 cells exhibited typical transporter-mediated uptake kinetics with a linear phase of uptake that was saturable and with significantly decreased uptake at 4°C. Clozapine uptake followed Michaelis-Menten kinetics with Vmax of 3299 pmol/million cells/min and Km of 35.9 µM.,Uptake was significantly decreased at 4°C; linear phase at about 2 minutes.,29944835,SMILES:8803290,,
12bf7e1ebc6e59897bb4e4e74621c479e06f41efe0dcfb6a707101c60d32d2d6,"[""influx_transport"",""brain_endothelial_cell_uptake"",""pmol/cells·min"",""carrier_mediated_influx"",""__unknown__"",""unknown"",""unknown""]",pmol/cells·min,influx_transport,13322,ext_1,bba05c668161400eb96aaf6d2434986b0de013233cd99e3b0c46f9517a44598b,brain_endothelial_cell_uptake,,0.007039,"LAT1-mediated uptake: Km = 530 µM, Vmax = 7039 pmoles/million cells/min",,7039,pmoles/million cells/min,"Gabapentin was demonstrated to be a LAT1 substrate in brain endothelial cells (hCMEC/D3) with LAT1-process Km = 530 µM and Vmax = 7039 pmoles/million cells/min. At physiological concentrations, LAT1-mediated transport was 3-fold higher than other transport processes.","At physiological concentrations, LAT1-mediated transport was 3-fold higher than other transport processes in hCMEC/D3 cells.",23567998,SMILES:17810202,,
