cleaned_record_id,source_id,endpoint_name,measurement_text,unit_text,gold_status,predicted_status,gold_measurements,predicted_measurements,status_match,measurement_match,unit_match,pair_match,raw_measurement_match,raw_unit_match,raw_pair_match,record_match,assignment_method
000e89f08cab73e2a9a5d03fd0c9f66f14c65bd9a7d19242566a4799d0202620,influx_transport,blood-to-brain transport,PS1 for valproic acid is approximately 50% of that for tritiated water,,relative,relative,[],[],True,,,,,,,True,model_single_pass
019929b269d0da2e71c97fc5163ef8c033be0b3758f524cd6644f2dcf9bcfdf1,efflux_transport,efflux_ratio,100,,ok,ok,"[{""measurement"": ""100"", ""unit"": ""ratio"", ""expected_scalar"": 100.0, ""expected_canonical_unit"": ""ratio""}]","[{""measurement"": ""100"", ""unit"": ""ratio""}]",True,True,True,True,True,True,True,True,model_single_pass
046fe74f7dad7a046f00fbb5ede17d583eeb3bcee84e77e267a122762836e260,influx_transport,blood-to-brain transport,62% decrease in BBB permeability to βHB by end of suckling,,relative,relative,[],[],True,,,,,,,True,model_single_pass
05ce1234d32d8fe295802d424eccf0668ddf047b3e7bcb402f34141579a4b847,direct_bbb,THC level in the brain,1 %,of the administered dose,ok,ok,"[{""measurement"": ""1"", ""unit"": ""% of administered dose"", ""expected_scalar"": 1.0, ""expected_canonical_unit"": ""%·administered·dose·of""}]","[{""measurement"": ""1"", ""unit"": ""% of the administered dose""}]",True,True,False,False,True,False,False,False,model_structural_retry
0724305accdfadcc741516c7413e83a0c972bc10364b53478ab9eeb221611085,influx_transport,blood-to-brain transport,Increased transport of 3-hydroxybutyrate across the BBB in obesity-resistant rats compared to obesity-prone rats,,unavailable,relative,[],[],False,,,,,,,False,model_single_pass
079395c68cca46949badf3c45a4d6ce3f7976c268d44a196be42051205798ae9,influx_transport,blood-to-brain transport,Occupies <0.3% of NAA transport sites at normal plasma concentrations.,,unsure,unavailable,[],[],False,,,,,,,False,model_single_pass
07b2b75fd63ec68a9f1a64389cdbae7028d475e17a99eff17a690208ea6c651c,direct_bbb,brain-to-blood ratio,11.6,,ok,ok,"[{""measurement"": ""11.6"", ""unit"": ""ratio"", ""expected_scalar"": 11.6, ""expected_canonical_unit"": ""ratio""}]","[{""measurement"": ""11.6"", ""unit"": ""ratio""}]",True,True,True,True,True,True,True,True,model_structural_retry
07d82a3258e1acdcfd83c315e432acf6d7c0fe17fe69032541dfbcd19d28a57b,influx_transport,BBB substrate relationship,Amisulpride is transported by OCT1 with CLint = 1.9 ml/min/mg protein.,,ok,ok,"[{""measurement"": ""1.9"", ""unit"": ""ml/min/mg protein"", ""expected_scalar"": 1.9, ""expected_canonical_unit"": ""mL/mg·min·protein""}]","[{""measurement"": ""1.9"", ""unit"": ""ml/min/mg protein""}]",True,True,True,True,True,True,True,True,model_single_pass
0841078808d7866e2cb281e7f0d6e72aa9b99b26ba80fd6d32c2ab502c45e5c8,efflux_transport,efflux_ratio,2.5,,ok,ok,"[{""measurement"": ""2.5"", ""unit"": ""ratio"", ""expected_scalar"": 2.5, ""expected_canonical_unit"": ""ratio""}]","[{""measurement"": ""2.5"", ""unit"": ""ratio""}]",True,True,True,True,True,True,True,True,model_single_pass
093aec3e2170a4c865afd46c612dc6437b6613b587de913db47bd1215a98a437,influx_transport,blood-to-brain transport,6-[18F]FDOPA crosses the BBB via a facilitated mechanism similar to LAT1-mediated transport,,unavailable,unavailable,[],[],True,,,,,,,True,model_single_pass
0ad6fdbe52dacc617c45ddb3a05140d176b33a78bc999bdd50b80a39fb4ef3cc,passive_permeability,-logPe,4.6,,ok,ok,"[{""measurement"": ""4.6"", ""unit"": ""-log10(cm/s)"", ""expected_scalar"": 4.6, ""expected_canonical_unit"": ""-log10(cm/s)""}]","[{""measurement"": ""4.6"", ""unit"": ""-log10(cm/s)""}]",True,True,True,True,True,True,True,True,model_single_pass
0d6be0f1f475b45de1969844f84796ba8a1eba3ba3b6f287d3130d7ce122eabd,efflux_transport,other,287,,unavailable,relative,[],[],False,,,,,,,False,model_single_pass
0de046e2faf5e24aebe701de3cf812800202cf05823a8a3e7de15766f60a447b,efflux_transport,Kp_brain,9.09,,ok,ok,"[{""measurement"": ""9.09"", ""unit"": ""ratio"", ""expected_scalar"": 9.09, ""expected_canonical_unit"": ""ratio""}]","[{""measurement"": ""9.09"", ""unit"": ""ratio""}]",True,True,True,True,True,True,True,True,model_single_pass
0de1b40d6fe56c714541db649925abe95a1936b5cd82bdcac0223fbcaf1b8007,direct_bbb,brain uptake,at least 10-fold lower than 125I-ANG1005,,relative,relative,[],[],True,,,,,,,True,model_structural_retry
122fc2befaf2dea54964c9cef4fcddfe9cb64b66a405440dfd5d0c61a05a298e,direct_bbb,Mouse Brain:Plasma ratio,0.03,,ok,unsure,"[{""measurement"": ""0.03"", ""unit"": ""ratio"", ""expected_scalar"": 0.03, ""expected_canonical_unit"": ""ratio""}]",[],False,False,False,False,False,False,False,False,invalid_row_response:id_mismatch:structural_retry
197821d7acb3787e336f0e288f06f854cf23ec4d1b3f80fc23db1eb08f30b38c,efflux_transport,inhibition_potency,130,,unsure,unavailable,[],[],False,,,,,,,False,model_single_pass
1ab4f3f56dda7a9c76f9f104d6e25ca002e8b0682e582761cfa44d1504222ddc,efflux_transport,other,1.4,,relative,relative,[],[],True,,,,,,,True,model_single_pass
1bba50e1819b54b19657ff5be7fc6a4f6136be3b95a9a028e4abbce02468908c,direct_bbb,SUVbrain,1.48 ± 0.14,,unsure,unsure,[],[],True,,,,,,,True,model_structural_retry
2310a50a416df128e51e0983d1c4a057c2881fa55ccc7573dad6e3c71f9fa3fc,passive_permeability,logP0,-2.33,,ok,ok,"[{""measurement"": ""-2.33"", ""unit"": ""log10_ratio"", ""expected_scalar"": -2.33, ""expected_canonical_unit"": ""log10_ratio""}]","[{""measurement"": ""-2.33"", ""unit"": ""log10_ratio""}]",True,True,True,True,True,True,True,True,model_single_pass
24abc0339e11b60a6a70beba692b429c1dcb1478577597456cc2797357d8bf06,influx_transport,blood-to-brain transport,Progressive uptake of [^3H]thymidine into brain and CSF greater than D-[^14C]mannitol; uptake saturated by 1 mM unlabeled thymidine,,unavailable,unavailable,[],[],True,,,,,,,True,model_single_pass
285b7e8a09ca4f7826c4b50e142a82da87509a494fc8782df7f4336c01a127d3,influx_transport,BBB substrate relationship,Oatp1c1/OATP1C1 transports T4 with >100-fold higher affinity than other Oatps/OATPs,,relative,relative,[],[],True,,,,,,,True,model_single_pass
291aaf6dfcccdedcbc937b65c76f69526f0c842eac88f2dd625087b50e67e730,efflux_transport,efflux_ratio,13,,ok,ok,"[{""measurement"": ""13"", ""unit"": ""ratio"", ""expected_scalar"": 13.0, ""expected_canonical_unit"": ""ratio""}]","[{""measurement"": ""13"", ""unit"": ""ratio""}]",True,True,True,True,True,True,True,True,model_single_pass
29782947589c7e4754c0f5b9a0f24808c528c4231acde0455e74dfb93dc6e311,passive_permeability,log Papp,-7.33,,ok,ok,"[{""measurement"": ""-7.33"", ""unit"": ""log10(cm/s)"", ""expected_scalar"": -7.33, ""expected_canonical_unit"": ""log10(cm/s)""}]","[{""measurement"": ""-7.33"", ""unit"": ""log10(cm/s)""}]",True,True,True,True,True,True,True,True,model_single_pass
2ac32eeccb89ee697821afdc8f5f54b9a3a32cffdd2ec6a224ef9e1e37ba3e25,influx_transport,BBB substrate relationship,Km (or Ki) = 150 µM,,ok,ok,"[{""measurement"": ""150"", ""unit"": ""µM"", ""expected_scalar"": 150.0, ""expected_canonical_unit"": ""µM""}]","[{""measurement"": ""150"", ""unit"": ""µM""}]",True,True,True,True,True,True,True,True,model_single_pass
2f664e0516213a4787b97d81d45003a2f17012e17e357920f33dd6eadcdc1c26,efflux_transport,fold change,3,,ok,relative,"[{""measurement"": ""3"", ""unit"": ""ratio"", ""expected_scalar"": 3.0, ""expected_canonical_unit"": ""ratio""}]",[],False,False,False,False,False,False,False,False,model_single_pass
2f7a4a775872765170c1276cc48c1db5b8fdf11bdb5142668eb12aaa9a43c085,efflux_transport,brain_exposure_fold_change,3,,ok,ok,"[{""measurement"": ""3"", ""unit"": ""ratio"", ""expected_scalar"": 3, ""expected_canonical_unit"": ""ratio""}]","[{""measurement"": ""3"", ""unit"": ""ratio""}]",True,True,True,True,True,True,True,True,model_single_pass
3065efc1c29148831de4fe0f9ad8e83c2b63712e7532aeff912cc9c4a17ab9b8,influx_transport,brain endothelial cell uptake,LAT1 siRNA silencing decreased pregabalin uptake by 75% in hCMEC/D3 cells,,relative,relative,[],[],True,,,,,,,True,model_single_pass
3104e426faca8c21430684ff26283a87453b814c4c4a0509b6054db3a2d0e4a8,direct_bbb,Brain concentration,0.43 ± 0.02a,µg/g,ok,ok,"[{""measurement"": ""0.43"", ""unit"": ""µg/g"", ""expected_scalar"": 0.43, ""expected_canonical_unit"": ""µg/g""}]","[{""measurement"": ""0.43"", ""unit"": ""µg/g""}]",True,True,True,True,True,True,True,True,model_structural_retry
31754ebbf68eeb4f4bae08faf218b5dd75eec5c4ccc72808482b7231a1a02fde,direct_bbb,concentration relative to plasma,around 15%,%,ok,ok,"[{""measurement"": ""15"", ""unit"": ""%"", ""expected_scalar"": 15.0, ""expected_canonical_unit"": ""%""}]","[{""measurement"": ""15"", ""unit"": ""%""}]",True,True,True,True,True,True,True,True,model_single_pass
333e287653f95dc30027f16af761e877789224def87c62bda40967691738a9c2,efflux_transport,brain_exposure_fold_change,10.4,,ok,ok,"[{""measurement"": ""10.4"", ""unit"": ""ratio"", ""expected_scalar"": 10.4, ""expected_canonical_unit"": ""ratio""}]","[{""measurement"": ""10.4"", ""unit"": ""ratio""}]",True,True,True,True,True,True,True,True,model_single_pass
349db478f4eee8ef5a67c5a8320146b5ff6f8186c54ddb412f6e49ed8efcea3b,efflux_transport,inhibition_potency,343,,ok,ok,"[{""measurement"": ""343"", ""unit"": ""nM"", ""expected_scalar"": 343.0, ""expected_canonical_unit"": ""nM""}]","[{""measurement"": ""343"", ""unit"": ""nM""}]",True,True,True,True,True,True,True,True,model_single_pass
37eb62edc5f53dcffc86926032e668d2f682faed316cf2069e25b93fa73b2c0f,direct_bbb,Cerebrovascular PA,4.6 ± 0.3,ml/s/g × 10^6,ok,ok,"[{""measurement"": ""4.6"", ""unit"": ""10^-6 ml/s/g"", ""expected_scalar"": 4.6e-06, ""expected_canonical_unit"": ""mL/g·s""}]","[{""measurement"": ""4.6"", ""unit"": ""10^-6 ml/s/g""}]",True,True,True,True,True,True,True,True,model_structural_retry
3a4543546180376d395399f1a5e052aff300dfd052b17eb9d5d2ebcacec14fe6,passive_permeability,B:A ratio,0.04,,ok,ok,"[{""measurement"": ""0.04"", ""unit"": ""ratio"", ""expected_scalar"": 0.04, ""expected_canonical_unit"": ""ratio""}]","[{""measurement"": ""0.04"", ""unit"": ""ratio""}]",True,True,True,True,True,True,True,True,model_single_pass
3e98ac4e6fbf7c02c6ff8c6c3281e193833b17482c57109841f93b9bad7f6bd8,passive_permeability,Permeability,13.0,×10^-5 cm/min,ok,ok,"[{""measurement"": ""13.0"", ""unit"": ""×10^-5 cm/min"", ""expected_scalar"": 0.00013, ""expected_canonical_unit"": ""cm/min""}]","[{""measurement"": ""13.0"", ""unit"": ""×10^-5 cm/min""}]",True,True,True,True,True,True,True,True,model_single_pass
3f188244b1bfe2dba72f78cdd63a0b31c9ffeb5e9b0f6ece4caa5756ea216615,direct_bbb,penetration,4.2-fold increase,,relative,relative,[],[],True,,,,,,,True,model_single_pass
3ff98e5c0d928fea93cae664266f36dbd5dd94ace7961a3bffa11b1114a64e3e,direct_bbb,brain concentration compared to other tissues,10-fold higher,,ok,ok,"[{""measurement"": ""10"", ""unit"": ""ratio"", ""expected_scalar"": 10.0, ""expected_canonical_unit"": ""ratio""}]","[{""measurement"": ""10"", ""unit"": ""ratio""}]",True,True,True,True,True,True,True,True,model_structural_retry
40e3c4ae530bad360c85b9a317b0fbf3a038d89656cfc9729cfe79fb6b9a9ee2,direct_bbb,Vmax,13.03±0.81,nM min^-1 g^-1,ok,ok,"[{""measurement"": ""13.03"", ""unit"": ""nM min^-1 g^-1"", ""expected_scalar"": 13.03, ""expected_canonical_unit"": ""nM/g·min""}]","[{""measurement"": ""13.03"", ""unit"": ""nM min^-1 g^-1""}]",True,True,True,True,True,True,True,True,model_single_pass
4480fc8d78646f667554daa771d602c50aa051bbbdc18e3d2434fabc02e763d4,passive_permeability,Papp(A–B),1.8,,unsure,unsure,[],[],True,,,,,,,True,model_single_pass
47e6821559934cc5c518978b4d77a413246ffb8332597136b62ef376c3c5ce6a,direct_bbb,log PS,-3.471,,ok,ok,"[{""measurement"": ""-3.471"", ""unit"": ""log10(cm/s)"", ""expected_scalar"": -3.471, ""expected_canonical_unit"": ""log10(cm/s)""}]","[{""measurement"": ""-3.471"", ""unit"": ""log10(cm/s)""}]",True,True,True,True,True,True,True,True,model_single_pass
4cc81263cddb7904695970e40370ee727d84babef0780ade2b8f61573b967da0,direct_bbb,Pe,16.21 ± 0.21 x 10^-6,cm s^-1,ok,ok,"[{""measurement"": ""16.21"", ""unit"": ""x 10^-6 cm s^-1"", ""expected_scalar"": 1.621e-05, ""expected_canonical_unit"": ""cm/s""}]","[{""measurement"": ""16.21"", ""unit"": ""10^-6 cm s^-1""}]",True,True,True,True,True,False,False,True,model_structural_retry
4d0543afc44abf6452c734c7481a905613b4adc458933ee98ac13b0c6ebd8d8b,direct_bbb,Vmax,0.53,µmol min^-1g^-1,ok,ok,"[{""measurement"": ""0.53"", ""unit"": ""µmol min^-1g^-1"", ""expected_scalar"": 0.53, ""expected_canonical_unit"": ""µmol/g·min""}]","[{""measurement"": ""0.53"", ""unit"": ""µmol min^-1g^-1""}]",True,True,True,True,True,True,True,True,model_single_pass
4d26d0de82cf4b71628cdfc2fa778416e51249396f14849c58f6f054d7a410ec,direct_bbb,Kin,2.0±0.3,µl·g^-1·min^-1,ok,ok,"[{""measurement"": ""2.0"", ""unit"": ""µl·g^-1·min^-1"", ""expected_scalar"": 2.0, ""expected_canonical_unit"": ""µL/g·min""}]","[{""measurement"": ""2.0"", ""unit"": ""µl·g^-1·min^-1""}]",True,True,True,True,True,True,True,True,model_single_pass
4e255c8ab1f03e93910622f2c6d0e599c9a13821b909f3261ac44ed7553a8c88,direct_bbb,brain-to-plasma ratio,0.23,,ok,ok,"[{""measurement"": ""0.23"", ""unit"": ""ratio"", ""expected_scalar"": 0.23, ""expected_canonical_unit"": ""ratio""}]","[{""measurement"": ""0.23"", ""unit"": ""ratio""}]",True,True,True,True,True,True,True,True,model_structural_retry
515138c5076b78d8c782a1ecc874526cbc56b6ff3a256597e28eb21a22e8744c,direct_bbb,efflux ratio,4,,ok,ok,"[{""measurement"": ""4"", ""unit"": ""ratio"", ""expected_scalar"": 4.0, ""expected_canonical_unit"": ""ratio""}]","[{""measurement"": ""4"", ""unit"": ""ratio""}]",True,True,True,True,True,True,True,True,model_single_pass
560ed440c9bb6c37d80ca842fad54d86e7adf87ebb39c37e8152cd008ffea889,efflux_transport,efflux_rate,0.067,,ok,ok,"[{""measurement"": ""0.067"", ""unit"": ""/min"", ""expected_scalar"": 0.067, ""expected_canonical_unit"": ""/min""}]","[{""measurement"": ""0.067"", ""unit"": ""/min""}]",True,True,True,True,True,True,True,True,model_single_pass
5624a88d1d9e791631b7e41daf869b0c231628f395a426d183d54b6ad1a77ed4,efflux_transport,efflux_ratio,10.4,,ok,ok,"[{""measurement"": ""10.4"", ""unit"": ""ratio"", ""expected_scalar"": 10.4, ""expected_canonical_unit"": ""ratio""}]","[{""measurement"": ""10.4"", ""unit"": ""ratio""}]",True,True,True,True,True,True,True,True,model_single_pass
5692f08319f8dc1dcdf2b1bfc6df2c2e5a2501e629cad226539563761280aa72,efflux_transport,inhibition_potency,0.6,,ok,ok,"[{""measurement"": ""0.6"", ""unit"": ""µM"", ""expected_scalar"": 0.6, ""expected_canonical_unit"": ""µM""}]","[{""measurement"": ""0.6"", ""unit"": ""µM""}]",True,True,True,True,True,True,True,True,model_single_pass
56e8790486b0424801762c275d9049d924d87ca0f94b04203438e0bd351d7aea,direct_bbb,"Kp,uu,CSF",0.172,,ok,ok,"[{""measurement"": ""0.172"", ""unit"": ""ratio"", ""expected_scalar"": 0.172, ""expected_canonical_unit"": ""ratio""}]","[{""measurement"": ""0.172"", ""unit"": ""ratio""}]",True,True,True,True,True,True,True,True,model_single_pass
5754c510f5f55b8941f884f8311540309a9b8bc776c79294666e4bf914b7dab9,efflux_transport,fold_change,1.5,,relative,relative,[],[],True,,,,,,,True,model_single_pass
58a0c54b8d0a884ba35729609f9a505b4a71d2bfd4d7de41fab06cedcd3235dc,influx_transport,blood-to-brain transport,the rate of adenine transport through the newborn rabbit BBB is about 10-fold faster than transport in the adult animal,,relative,relative,[],[],True,,,,,,,True,model_single_pass
591666ce4a9819249b71070f489c1796aab22bf278cea7ce134ef3ff5d027eec,efflux_transport,brain_to_plasma_ratio,0.49,,ok,ok,"[{""measurement"": ""0.49"", ""unit"": ""ratio"", ""expected_scalar"": 0.49, ""expected_canonical_unit"": ""ratio""}]","[{""measurement"": ""0.49"", ""unit"": ""ratio""}]",True,True,True,True,True,True,True,True,model_single_pass
59638e970f5f6780bf4eba1c67a571a67abb272111619ed1a9f405d43c6bf1a4,efflux_transport,EC50,12,,ok,ok,"[{""measurement"": ""12"", ""unit"": ""nmol/L"", ""expected_scalar"": 12.0, ""expected_canonical_unit"": ""nmol/L""}]","[{""measurement"": ""12"", ""unit"": ""nmol/L""}]",True,True,True,True,True,True,True,True,model_single_pass
5b521b30b493c3a4c536043dbd7bed6e7778b3a3d9878b6069d7da10edba7aa4,efflux_transport,other,51.3,,relative,relative,[],[],True,,,,,,,True,model_single_pass
5b82a340f42c1a72b8e423156ad960b9505af782290d6f5a514947e02eb896b7,efflux_transport,brain_exposure_fold_change,9,,relative,ok,[],"[{""measurement"": ""9"", ""unit"": ""ratio""}]",False,,,,,,,False,model_single_pass
5cb96e7d4dd9bfae4829952c01f2806cb7fdae7d8a4a5698b4cf317310526bca,efflux_transport,other,7.2,,relative,relative,[],[],True,,,,,,,True,model_single_pass
5cb98c6d03ca706ac3d9539f587c4af57c394221c5882e78b691852179ca0e09,influx_transport,brain endothelial cell uptake,Cysteine (10 mM) inhibited [^3H]alanine transport almost completely.,,unavailable,unavailable,[],[],True,,,,,,,True,model_single_pass
5e27e8fd773730e58f0b01509475d5dc1a1c919280129fc4780479892ed89128,direct_bbb,penetration rate to the CSF from the plasma,2.5%±2.9%,%,ok,ok,"[{""measurement"": ""2.5"", ""unit"": ""%"", ""expected_scalar"": 2.5, ""expected_canonical_unit"": ""%""}]","[{""measurement"": ""2.5"", ""unit"": ""%""}]",True,True,True,True,True,True,True,True,model_single_pass
6157a6d206251e12c8c6c8977ea7a56134040e3045b5a157d45a36d80bef951b,efflux_transport,other,0.46,,ok,ok,"[{""measurement"": ""0.46"", ""unit"": ""%"", ""expected_scalar"": 0.46, ""expected_canonical_unit"": ""%""}]","[{""measurement"": ""0.46"", ""unit"": ""%""}]",True,True,True,True,True,True,True,True,model_single_pass
6171f2794ee75dbd02d502ac6a79d87e59fa63b3829510b9bca7ebaa2e0eb61d,efflux_transport,inhibition_potency,768,,ok,ok,"[{""measurement"": ""768"", ""unit"": ""µM"", ""expected_scalar"": 768.0, ""expected_canonical_unit"": ""µM""}]","[{""measurement"": ""768"", ""unit"": ""µM""}]",True,True,True,True,True,True,True,True,model_single_pass
61d7f43955266a91955c9ad1f6a17942e4878ebcd7a7a13f8ed931875fb35813,influx_transport,BBB substrate relationship,T4 inhibits E2G transport via OATP1C1 with Ki of 0.53 ± 0.09 µM.,,unavailable,unavailable,[],[],True,,,,,,,True,model_single_pass
63bb45a195d242f005bef73b63628462b6db9a8d955123c1d6a1034e7c39e2a7,efflux_transport,EC50,4.2,,ok,ok,"[{""measurement"": ""4.2"", ""unit"": ""µM"", ""expected_scalar"": 4.2, ""expected_canonical_unit"": ""µM""}]","[{""measurement"": ""4.2"", ""unit"": ""µM""}]",True,True,True,True,True,True,True,True,model_single_pass
64cc18adb665af13f83f6f68b29680358904edfb2d07905dab653804f7d8b664,influx_transport,luminal-to-abluminal transport,"No statistically significant change in Mn accumulation with choline substitution at 30 min, suggesting Na^+ independence",,unavailable,unavailable,[],[],True,,,,,,,True,model_single_pass
656854a3309b285e43fb75db6823d1a93933d9243814e9ed89454cd15c03a5f7,direct_bbb,Kb,28±2,ml·g^-1·s^-1·10^6,ok,ok,"[{""measurement"": ""28"", ""unit"": ""10^-6 ml/g/s"", ""expected_scalar"": 2.8e-05, ""expected_canonical_unit"": ""mL/g·s""}]","[{""measurement"": ""28"", ""unit"": ""10^-6 ml·g^-1·s^-1""}]",True,True,True,True,True,False,False,True,model_single_pass
65dc8366c94a19723ce05494b9d89e164a4e173d531c89ecf387c57aac1d5d13,direct_bbb,uptake,~ 0.2%,%/g of brain,unsure,ok,[],"[{""measurement"": ""0.2"", ""unit"": ""%/g of brain""}]",False,,,,,,,False,model_single_pass
68843a5ca7a690b648cc47a84b74b9ffe61a1acbc588d152196bb19cb9b7ff54,efflux_transport,brain_exposure_fold_change,2.5,,ok,ok,"[{""measurement"": ""2.5"", ""unit"": ""ratio"", ""expected_scalar"": 2.5, ""expected_canonical_unit"": ""ratio""}]","[{""measurement"": ""2.5"", ""unit"": ""ratio""}]",True,True,True,True,True,True,True,True,model_single_pass
68d3a91699cbe24a1e10474107265d6034bcc9a9756f9ea9df5f1e5dfc030071,efflux_transport,brain_to_plasma_ratio,0.18,,ok,ok,"[{""measurement"": ""0.18"", ""unit"": ""ratio"", ""expected_scalar"": 0.18, ""expected_canonical_unit"": ""ratio""}]","[{""measurement"": ""0.18"", ""unit"": ""ratio""}]",True,True,True,True,True,True,True,True,model_single_pass
6c05dea9708757f727f8fac28e9f68da617dd2dfb682a8118be49f73bd0bd207,influx_transport,unspecified BBB influx,PHT1 accounts for 50% of the uptake of L-His in mouse brain slices,,ok,ok,"[{""measurement"": ""50"", ""unit"": ""%"", ""expected_scalar"": 50.0, ""expected_canonical_unit"": ""%""}]","[{""measurement"": ""50"", ""unit"": ""%""}]",True,True,True,True,True,True,True,True,model_single_pass
6f2de721cd53a457ec656e1fcb40299fbf46bffa21d35ddba217619ef86e37e7,influx_transport,blood-to-brain transport,2-DG is transported across the BBB via SGLT1.,,unavailable,unavailable,[],[],True,,,,,,,True,model_single_pass
707c7cca123364a6b212ca872c2949911f18b0144589f7ffc0050f73433a8373,efflux_transport,inhibition_potency,14.3,,ok,ok,"[{""measurement"": ""14.3"", ""unit"": ""µM"", ""expected_scalar"": 14.3, ""expected_canonical_unit"": ""µM""}]","[{""measurement"": ""14.3"", ""unit"": ""µM""}]",True,True,True,True,True,True,True,True,model_single_pass
71e1137c5b07c71ef5f6faf8f22922f23ba96b1a08dc415658db19bd8bab303c,direct_bbb,Relative extraction,1.41 ± 0.08,,relative,ok,[],"[{""measurement"": ""1.41"", ""unit"": ""ratio""}]",False,,,,,,,False,model_single_pass
74a30fe5b8163ef31d45dffe1dc318092d04f34e1b49c24f3d3f10e170432f55,efflux_transport,Km,7.2,,ok,ok,"[{""measurement"": ""7.2"", ""unit"": ""µM"", ""expected_scalar"": 7.2, ""expected_canonical_unit"": ""µM""}]","[{""measurement"": ""7.2"", ""unit"": ""µM""}]",True,True,True,True,True,True,True,True,model_single_pass
761136f702f63f3dde1323cd22e4b39eaf41228e227af121edb07ff2e3d4acae,efflux_transport,EC50,0.215,,ok,ok,"[{""measurement"": ""0.215"", ""unit"": ""µM"", ""expected_scalar"": 0.215, ""expected_canonical_unit"": ""µM""}]","[{""measurement"": ""0.215"", ""unit"": ""µM""}]",True,True,True,True,True,True,True,True,model_single_pass
790715d6fe690de74eed4cbec003bd5cdfbcb9626b377f4ddcfaa89510145af0,efflux_transport,efflux_ratio,1.36,,ok,ok,"[{""measurement"": ""1.36"", ""unit"": ""ratio"", ""expected_scalar"": 1.36, ""expected_canonical_unit"": ""ratio""}]","[{""measurement"": ""1.36"", ""unit"": ""ratio""}]",True,True,True,True,True,True,True,True,model_single_pass
793b5f0b8b3e2361b3b779e674fc1889b511776559ebbe2220ccd66fdae7991c,direct_bbb,Proton-dependent inhibition,56.8 (±10.8),% of control,ok,relative,"[{""measurement"": ""56.8"", ""unit"": ""% of control"", ""expected_scalar"": 56.8, ""expected_canonical_unit"": ""%·control·of""}]",[],False,False,False,False,False,False,False,False,model_single_pass
7a245c2d3905860076bed256605f5a0c2b5fddd84684d415a5386d328a2c5252,direct_bbb,ECF-to-plasma AUC ratio,1.07 ± 0.03,,ok,ok,"[{""measurement"": ""1.07"", ""unit"": ""ratio"", ""expected_scalar"": 1.07, ""expected_canonical_unit"": ""ratio""}]","[{""measurement"": ""1.07"", ""unit"": ""ratio""}]",True,True,True,True,True,True,True,True,model_single_pass
7b22e184e861d52cfbe7cf474201cf378ba9b1dd8912400d452613d1d85db3ec,efflux_transport,inhibition_potency,25.8,,ok,ok,"[{""measurement"": ""25.8"", ""unit"": ""nM"", ""expected_scalar"": 25.8, ""expected_canonical_unit"": ""nM""}]","[{""measurement"": ""25.8"", ""unit"": ""nM""}]",True,True,True,True,True,True,True,True,model_single_pass
7bdca9c0f04aa46df9cab428ee76b3a1a4057ecea9fe8363b0812b2446facc37,efflux_transport,efflux_ratio,1.8,,ok,ok,"[{""measurement"": ""1.8"", ""unit"": ""ratio"", ""expected_scalar"": 1.8, ""expected_canonical_unit"": ""ratio""}]","[{""measurement"": ""1.8"", ""unit"": ""ratio""}]",True,True,True,True,True,True,True,True,model_single_pass
7dfe48c19eb4ab0b8bea1d01fb07bfc6ae1e7e5aa0cacbe1494977cd6b450512,direct_bbb,trunk/head ratio,1,,ok,ok,"[{""measurement"": ""1"", ""unit"": ""ratio"", ""expected_scalar"": 1.0, ""expected_canonical_unit"": ""ratio""}]","[{""measurement"": ""1"", ""unit"": ""ratio""}]",True,True,True,True,True,True,True,True,model_single_pass
7e1548b2d1fc8702437b73d887fe31cdc7f05c5ad2bb3dbdcb19c77ba27f9a14,influx_transport,brain endothelial cell uptake,Na+ replacement with N-methylglucamine: 104 ± 2.87% of control (not significant),,relative,relative,[],[],True,,,,,,,True,model_single_pass
7f671a8cc089ebc258fe68bd8cc50be8e610a7b2d2f9d04f1f2f3ba83369d167,direct_bbb,CNS penetration rate,15-fold slower,,relative,relative,[],[],True,,,,,,,True,model_single_pass
7ff5d581d017f0c7d939fd3cc9bda918a173c3825735a7b90c5d487f90d2eb77,influx_transport,blood-to-brain transport,brain uptake index (Ib) of 33.2±1.8%,,ok,ok,"[{""measurement"": ""33.2"", ""unit"": ""%"", ""expected_scalar"": 33.2, ""expected_canonical_unit"": ""%""}]","[{""measurement"": ""33.2"", ""unit"": ""%""}]",True,True,True,True,True,True,True,True,model_single_pass
82634180015872a5231d3b91baf264009f4702810d9bd825ebe84884a57661ab,direct_bbb,apparent permeability coefficient,3.6 ± 2.4 x 10^-5,cm/s,ok,ok,"[{""measurement"": ""3.6"", ""unit"": ""10^-5 cm/s"", ""expected_scalar"": 3.6e-05, ""expected_canonical_unit"": ""cm/s""}]","[{""measurement"": ""3.6"", ""unit"": ""cm/s""}]",True,False,True,False,True,False,False,False,model_single_pass
82ccfc680f81668741b9cefea6746a47c8b850b8f99b43e627a59a2ca359bea6,direct_bbb,CSF-to-serum concentration ratio,around 1,,ok,ok,"[{""measurement"": ""1"", ""unit"": ""ratio"", ""expected_scalar"": 1.0, ""expected_canonical_unit"": ""ratio""}]","[{""measurement"": ""1"", ""unit"": ""ratio""}]",True,True,True,True,True,True,True,True,model_single_pass
839dc57cc65c1b717e706022cf1b32f9eb3f0edc1fb86048f5e38cf81b1452f1,efflux_transport,efflux_ratio,5,,ok,ok,"[{""measurement"": ""5"", ""unit"": ""ratio"", ""expected_scalar"": 5.0, ""expected_canonical_unit"": ""ratio""}]","[{""measurement"": ""5"", ""unit"": ""ratio""}]",True,True,True,True,True,True,True,True,model_single_pass
85ed8d3aa3d641a45b2c15458fbe3759e866913ca02837d3e681e71b1809fbf7,efflux_transport,other,138,,relative,relative,[],[],True,,,,,,,True,model_single_pass
86227aecc89eed22a09acfefaf55674d186054e60120b5e0cca3f20bc7634a74,efflux_transport,EC50,3.8,,ok,ok,"[{""measurement"": ""3.8"", ""unit"": ""µmol/L"", ""expected_scalar"": 3.8, ""expected_canonical_unit"": ""µmol/L""}]","[{""measurement"": ""3.8"", ""unit"": ""µmol/L""}]",True,True,True,True,True,True,True,True,model_single_pass
887dea0231577b6ab03c69f47d4dfbef929b4d7da0f0c625fdcd3c08bd6fad4c,efflux_transport,inhibition_potency,0.13,,ok,ok,"[{""measurement"": ""0.13"", ""unit"": ""µmol/L"", ""expected_scalar"": 0.13, ""expected_canonical_unit"": ""µmol/L""}]","[{""measurement"": ""0.13"", ""unit"": ""µmol/L""}]",True,True,True,True,True,True,True,True,model_single_pass
893a385586d5691de368b7a74aa9ee5d480f12c1df2f3275f90745ec56fdf516,efflux_transport,other,83.08,,relative,relative,[],[],True,,,,,,,True,model_single_pass
8a4398aaef5cba7d78daf13c6d408115413b999b23a879169a55daa45bd4dfb1,direct_bbb,brain/plasma ratio,10.66,,ok,ok,"[{""measurement"": ""10.66"", ""unit"": ""ratio"", ""expected_scalar"": 10.66, ""expected_canonical_unit"": ""ratio""}]","[{""measurement"": ""10.66"", ""unit"": ""ratio""}]",True,True,True,True,True,True,True,True,model_structural_retry
8acf2680271e2cdf5a7c0fd0c7f8215c8f9e0529dc7023393194513343663574,influx_transport,blood-to-brain transport,Linear relationship between serum and brain phenylalanine concentrations up to serum levels of 1.3 mM.,,unavailable,unavailable,[],[],True,,,,,,,True,model_single_pass
8be56ba129c87290fb2b45be61c578167abb415e45eca8477c0b359721a11aef,influx_transport,brain endothelial cell uptake,"The Na^+-dependent multivitamin transporter SLC5A6 mediates the uptake of biotin in brain endothelial cells (Uchida et al., 2015).",,unavailable,unavailable,[],[],True,,,,,,,True,model_single_pass
8c16ad5cbe9b57c39b2243ab5d5db04ae834b219bbd058a08042ed874a0add97,efflux_transport,brain_to_plasma_ratio,0.99,,ok,ok,"[{""measurement"": ""0.99"", ""unit"": ""ratio"", ""expected_scalar"": 0.99, ""expected_canonical_unit"": ""ratio""}]","[{""measurement"": ""0.99"", ""unit"": ""ratio""}]",True,True,True,True,True,True,True,True,model_single_pass
8c9b78faef0542ef94f0920b1bdd420b2f5e7c6a083f8845ea0178daf30f0f48,efflux_transport,percent_inhibition,52,,ok,ok,"[{""measurement"": ""52"", ""unit"": ""%"", ""expected_scalar"": 52.0, ""expected_canonical_unit"": ""%""}]","[{""measurement"": ""52"", ""unit"": ""%""}]",True,True,True,True,True,True,True,True,model_single_pass
8fefd897f136703e26c9c8edb967febb11d8968bbd5388e28ec157e531ca52b3,efflux_transport,efflux_ratio,4.6,,ok,ok,"[{""measurement"": ""4.6"", ""unit"": ""ratio"", ""expected_scalar"": 4.6, ""expected_canonical_unit"": ""ratio""}]","[{""measurement"": ""4.6"", ""unit"": ""ratio""}]",True,True,True,True,True,True,True,True,model_single_pass
91da2083ca7f47fd7516dd819e35b45ccac93c2ffb2cf5bf604f729ecdd39cfa,passive_permeability,flux,34.0,,unsure,unavailable,[],[],False,,,,,,,False,model_single_pass
9546aad0e5992c666bd6b7dff03781a03825b38cef456fa3d4e27055051db7f3,direct_bbb,mean BBB penetration,approximately 10%,%,ok,ok,"[{""measurement"": ""10"", ""unit"": ""%"", ""expected_scalar"": 10.0, ""expected_canonical_unit"": ""%""}]","[{""measurement"": ""10"", ""unit"": ""% of the administered dose""}]",True,True,False,False,True,False,False,False,model_structural_retry
96a3e7bd41913ba6dca8ef6cf1f136e071d920b1c8b913129b4e519dd13a4d7b,direct_bbb,Ki,89.4 ± 15.5,10^-3 ml/gm/min,ok,ok,"[{""measurement"": ""89.4"", ""unit"": ""10^-3 ml/gm/min"", ""expected_scalar"": 0.0894, ""expected_canonical_unit"": ""mL/g·min""}]","[{""measurement"": ""89.4"", ""unit"": ""10^-3 ml/gm/min""}]",True,True,True,True,True,True,True,True,model_single_pass
984c10bb6be4f7a86db8d9d3222881222d5c8d6469cc9f1e0bef531fcef054f3,efflux_transport,other,10,,relative,relative,[],[],True,,,,,,,True,model_single_pass
9ac71bf5263fbcf65e89736f3c0dd546c3296b6392e32e3286c2d5c3a8769f89,direct_bbb,PS,8.5 ± 1.9,ml/gm/min × 10^4,ok,ok,"[{""measurement"": ""8.5"", ""unit"": ""10^-4 ml/g/min"", ""expected_scalar"": 0.00085, ""expected_canonical_unit"": ""mL/g·min""}]","[{""measurement"": ""8.5"", ""unit"": ""10^-4 ml/gm/min""}]",True,True,True,True,True,False,False,True,model_single_pass
9ed512c487e98e6538432d7e8a1c99ea83a5f3206b73c745b5de8a42c448bff1,efflux_transport,IC50,0.24,,ok,ok,"[{""measurement"": ""0.24"", ""unit"": ""µmol/L"", ""expected_scalar"": 0.24, ""expected_canonical_unit"": ""µmol/L""}]","[{""measurement"": ""0.24"", ""unit"": ""µmol/L""}]",True,True,True,True,True,True,True,True,model_single_pass
9f085bc9a9814a8b079f51564f2ca2020ede2a4d26e451a3119234240bc4cce4,efflux_transport,efflux_ratio,93,,ok,ok,"[{""measurement"": ""93"", ""unit"": ""ratio"", ""expected_scalar"": 93.0, ""expected_canonical_unit"": ""ratio""}]","[{""measurement"": ""93"", ""unit"": ""ratio""}]",True,True,True,True,True,True,True,True,model_single_pass
a027f3421f174c57a36f3da06c379f9d457418183437db15e3e8596b2f49549c,direct_bbb,SUV at peak,1.6,,unsure,ok,[],"[{""measurement"": ""1.6"", ""unit"": ""ratio""}]",False,,,,,,,False,model_single_pass
a1543dc2eb4aa4063f1b8995a14d53527630ee69f649f123c7e3c3c6cb0de4c6,influx_transport,blood-to-brain transport,transport of transferrin-bound ^59Fe into brain parenchyma: 1.68 ± 0.56 µL/g/min,,ok,ok,"[{""measurement"": ""1.68"", ""unit"": ""µL/g/min"", ""expected_scalar"": 1.68, ""expected_canonical_unit"": ""µL/g·min""}]","[{""measurement"": ""1.68"", ""unit"": ""µL/g/min""}]",True,True,True,True,True,True,True,True,model_single_pass
a5531f0e65f06785811b5fb8f6e2aeb7ca1efebf4dedede5a55eb6af13be2531,influx_transport,BBB substrate relationship,Intracellular radioactivity of domperidone was significantly higher in OATP1A2-expressing cells compared to MDCKII-control cells (p ≤ 0.05),,unavailable,unavailable,[],[],True,,,,,,,True,model_single_pass
a59e63034ef7c023d4e7f3c9f56f1217b5db903a0c814835af4af5bdc5b44669,direct_bbb,K1,0.025 ± 0.002,mL g^-1min^-1,ok,ok,"[{""measurement"": ""0.025"", ""unit"": ""mL g^-1min^-1"", ""expected_scalar"": 0.025, ""expected_canonical_unit"": ""mL/g·min""}]","[{""measurement"": ""0.025"", ""unit"": ""mL g^-1min^-1""}]",True,True,True,True,True,True,True,True,model_single_pass
a8ec74564f40d36e7ec10f714f31945532d3755924eb37087c42b2ce1b9c4dbd,efflux_transport,Km,4,,ok,ok,"[{""measurement"": ""4"", ""unit"": ""µM"", ""expected_scalar"": 4.0, ""expected_canonical_unit"": ""µM""}]","[{""measurement"": ""4"", ""unit"": ""µM""}]",True,True,True,True,True,True,True,True,model_single_pass
ad9186c4e956c5c632dacc2e3494673492f7719961ce0110287c60c3ca358e80,passive_permeability,permeability,4.86,,unsure,ok,[],"[{""measurement"": ""4.86"", ""unit"": ""ratio""}]",False,,,,,,,False,model_single_pass
adb18f3ec17422bba9e6733ad3d3d832c7c095e1ffa109418718dd91eb8e8e1c,influx_transport,BBB substrate relationship,Km of E2G transport via OATP1C1 is 6.1 ± 0.5 µM.,,ok,ok,"[{""measurement"": ""6.1"", ""unit"": ""µM"", ""expected_scalar"": 6.1, ""expected_canonical_unit"": ""µM""}]","[{""measurement"": ""6.1"", ""unit"": ""µM""}]",True,True,True,True,True,True,True,True,model_single_pass
afa1fba00f8d097f4c9acd35849e2135b93bb94d94a400a9731986c4f1f7f3f4,direct_bbb,PA,2.02 ± 0.1,s^-1 · 10^5,ok,ok,"[{""measurement"": ""2.02"", ""unit"": ""10^-5 s^-1"", ""expected_scalar"": 2.02e-05, ""expected_canonical_unit"": ""/s""}]","[{""measurement"": ""2.02"", ""unit"": ""10^-5 s^-1""}]",True,True,True,True,True,True,True,True,model_single_pass
b28e3d8520799dd7343001b0990bef43d058517bd73f90bce9e3b2047d412276,efflux_transport,brain_exposure_fold_change,3.5,,ok,ok,"[{""measurement"": ""3.5"", ""unit"": ""ratio"", ""expected_scalar"": 3.5, ""expected_canonical_unit"": ""ratio""}]","[{""measurement"": ""3.5"", ""unit"": ""ratio""}]",True,True,True,True,True,True,True,True,model_single_pass
b69c0fee171decf3215d3d7f1058b7cd1939c3e45c2ced1df8a272638691d6c6,direct_bbb,CSF/plasma ratio,about 70%,%,ok,ok,"[{""measurement"": ""70"", ""unit"": ""%"", ""expected_scalar"": 70.0, ""expected_canonical_unit"": ""%""}]","[{""measurement"": ""70"", ""unit"": ""%""}]",True,True,True,True,True,True,True,True,model_single_pass
baaadd626f0e06de32aa61d8fe64b706ac075e1561f94cbc0d6d7afcdc869360,efflux_transport,brain_exposure_fold_change,35.3,,ok,ok,"[{""measurement"": ""35.3"", ""unit"": ""ratio"", ""expected_scalar"": 35.3, ""expected_canonical_unit"": ""ratio""}]","[{""measurement"": ""35.3"", ""unit"": ""ratio""}]",True,True,True,True,True,True,True,True,model_single_pass
baacff29eb1b12cb0060a6ed352aa634a5080dfdb467d4970f712efaf9ff6af8,direct_bbb,AUCbrain/AUCplasma,0.97,,ok,ok,"[{""measurement"": ""0.97"", ""unit"": ""ratio"", ""expected_scalar"": 0.97, ""expected_canonical_unit"": ""ratio""}]","[{""measurement"": ""0.97"", ""unit"": ""ratio""}]",True,True,True,True,True,True,True,True,model_structural_retry
bce8c0d665b6c46232377dbc485ff163b9fff30a15fcb7a587bd141265baca56,efflux_transport,brain_to_plasma_ratio,6,,ok,ok,"[{""measurement"": ""6"", ""unit"": ""ratio"", ""expected_scalar"": 6.0, ""expected_canonical_unit"": ""ratio""}]","[{""measurement"": ""6"", ""unit"": ""ratio""}]",True,True,True,True,True,True,True,True,model_single_pass
be9800b25bdc1b621a9e112fe33dc1d87db04623a4014a56f55fb1103bc70c4a,direct_bbb,Calculated changes in relative influx rate,1.49,,unsure,relative,[],[],False,,,,,,,False,model_single_pass
c0b4d94ff7c1b65b72d60dddd6bb5cf7c36ca089eb66d11fb44ceafdfe4874da,efflux_transport,LD50,2.3,,ok,ok,"[{""measurement"": ""2.3"", ""unit"": ""µmol/kg"", ""expected_scalar"": 2.3, ""expected_canonical_unit"": ""µmol/kg""}]","[{""measurement"": ""2.3"", ""unit"": ""µmol/kg""}]",True,True,True,True,True,True,True,True,model_single_pass
c324397002e31d93d3572832f709494ec57a75598c2f6ff8ba343d76528b62ed,direct_bbb,PS,4.6 ± 1.3,ml/g per s × 10^6,ok,ok,"[{""measurement"": ""4.6"", ""unit"": ""10^-6 ml/g/s"", ""expected_scalar"": 4.6e-06, ""expected_canonical_unit"": ""mL/g·s""}]","[{""measurement"": ""4.6"", ""unit"": ""10^-6 ml/g per s""}]",True,True,True,True,True,False,False,True,model_single_pass
c3f4c0365f446e39a69ae2987ff8f8c5f6b18e10892e8fb92c79d764eebc7e59,efflux_transport,AUC10-30,15.34,,ok,ok,"[{""measurement"": ""15.34"", ""unit"": ""SUV·min"", ""expected_scalar"": 15.34, ""expected_canonical_unit"": ""SUV·min""}]","[{""measurement"": ""15.34"", ""unit"": ""SUV·min""}]",True,True,True,True,True,True,True,True,model_single_pass
c4b8e91995cfa4eb78e0fd2f4cf27465ce599b2c76683178244b210802eb7ed9,passive_permeability,logPe,-4.52,,ok,ok,"[{""measurement"": ""-4.52"", ""unit"": ""log10(cm/s)"", ""expected_scalar"": -4.52, ""expected_canonical_unit"": ""log10(cm/s)""}]","[{""measurement"": ""-4.52"", ""unit"": ""log10(cm/s)""}]",True,True,True,True,True,True,True,True,model_single_pass
c91d3888fcca3a2675feff224bbef2934f0e1f60d307184240cf487fcbc35ee5,direct_bbb,F-ddA concentration in brain tissue,4 ± 1 fold,fold,relative,relative,[],[],True,,,,,,,True,model_structural_retry
caf60ea72474c56214ad430ce54f28faae8250456890a13198782f1f825be8d9,influx_transport,blood-to-brain transport,"UK5099 attenuated exercise-induced increases in hippocampal PGC-1α mRNA and mtDNA copy number, without affecting blood lactate levels.",,unavailable,unavailable,[],[],True,,,,,,,True,model_single_pass
cb0315c3ddb4740051146100fc342c2060d6392e5f76ad15cecc06879cd7470f,influx_transport,brain endothelial cell uptake,System A transports alanine with a Km of 0.6 mM at the abluminal side of the BBB,,ok,ok,"[{""measurement"": ""0.6"", ""unit"": ""mM"", ""expected_scalar"": 0.6, ""expected_canonical_unit"": ""mM""}]","[{""measurement"": ""0.6"", ""unit"": ""mM""}]",True,True,True,True,True,True,True,True,model_single_pass
cb1cb70d6388a626ef87acd88513196ee8486e74aea6a8779bcf11068c6a6240,efflux_transport,inhibition_potency,1.6,,ok,ok,"[{""measurement"": ""1.6"", ""unit"": ""µM"", ""expected_scalar"": 1.6, ""expected_canonical_unit"": ""µM""}]","[{""measurement"": ""1.6"", ""unit"": ""µM""}]",True,True,True,True,True,True,True,True,model_single_pass
cd64f7e710e354fbf86a8ff77d991cd9d4e641b4046304a11ff3f80c6d185a0d,direct_bbb,"Kp,brain",0.15 ± 0.02,,ok,ok,"[{""measurement"": ""0.15"", ""unit"": ""ratio"", ""expected_scalar"": 0.15, ""expected_canonical_unit"": ""ratio""}]","[{""measurement"": ""0.15"", ""unit"": ""ratio""}]",True,True,True,True,True,True,True,True,model_single_pass
cff6c9172ee3a0414ac6308e0e921ae7f3afac62116b0bdb303bffddee8c03ba,efflux_transport,efflux_ratio,1.42,,ok,ok,"[{""measurement"": ""1.42"", ""unit"": ""ratio"", ""expected_scalar"": 1.42, ""expected_canonical_unit"": ""ratio""}]","[{""measurement"": ""1.42"", ""unit"": ""ratio""}]",True,True,True,True,True,True,True,True,model_single_pass
d102897c686cbc18c19f3796eff247e554926a0d331c517c5ae89add591c0f0e,efflux_transport,inhibition_potency,19.9,,ok,ok,"[{""measurement"": ""19.9"", ""unit"": ""µM"", ""expected_scalar"": 19.9, ""expected_canonical_unit"": ""µM""}]","[{""measurement"": ""19.9"", ""unit"": ""µM""}]",True,True,True,True,True,True,True,True,model_single_pass
d28ce600371a56a253d2f5542e3c60729f53b193946c97e8dca352704a55a4b8,direct_bbb,brain concentration,< 5 ng/g,ng/g,unsure,unsure,[],[],True,,,,,,,True,model_structural_retry
d2c67eb3ea7f257e5d1f1a4b0655c93a6aa8ac8f93960abc24ddfd839f978a4f,influx_transport,BBB substrate relationship,Sulforhodamine 101 is a novel fluorescent substrate of OATP1A2.,,unavailable,unavailable,[],[],True,,,,,,,True,model_single_pass
d31420ed35cc463f374e17a1909395681406d1b733e65b961a9cba8fb748ac9f,influx_transport,blood-to-brain transport,α-D-glucose at 500 mM inhibited glucose transport.,,unavailable,unavailable,[],[],True,,,,,,,True,model_single_pass
d3d35631acdcaa55209912cfd3ed364bad901f87159be57e6631e1d983a294e6,efflux_transport,efflux_ratio,2.2,,ok,ok,"[{""measurement"": ""2.2"", ""unit"": ""ratio"", ""expected_scalar"": 2.2, ""expected_canonical_unit"": ""ratio""}]","[{""measurement"": ""2.2"", ""unit"": ""ratio""}]",True,True,True,True,True,True,True,True,model_single_pass
dbf685ac1d7e0f4bdab389035526a29e131e24809dd0d6bc37c9c6800800852f,efflux_transport,inhibition_potency,30,,ok,ok,"[{""measurement"": ""30"", ""unit"": ""µM"", ""expected_scalar"": 30.0, ""expected_canonical_unit"": ""µM""}]","[{""measurement"": ""30"", ""unit"": ""µM""}]",True,True,True,True,True,True,True,True,model_single_pass
dc4ad91a887f3888f96effbf7ed91aa6f04038ab0021d1bcf8ca5ff08d5112ff,efflux_transport,other,2,,relative,relative,[],[],True,,,,,,,True,model_single_pass
dc65a28695b8cc28fee87d6a17b1e6829ee37f5ad41e8d5e08f8e76c91ceb2e0,efflux_transport,efflux_ratio,31,,ok,ok,"[{""measurement"": ""31"", ""unit"": ""ratio"", ""expected_scalar"": 31.0, ""expected_canonical_unit"": ""ratio""}]","[{""measurement"": ""31"", ""unit"": ""ratio""}]",True,True,True,True,True,True,True,True,model_single_pass
dcb1308f6c323bf4111337321363069042450f8d5b34b4bbf7576ab46af83445,efflux_transport,inhibition_potency,0.58,,ok,ok,"[{""measurement"": ""0.58"", ""unit"": ""µM"", ""expected_scalar"": 0.58, ""expected_canonical_unit"": ""µM""}]","[{""measurement"": ""0.58"", ""unit"": ""µM""}]",True,True,True,True,True,True,True,True,model_single_pass
dd619487a4347f7cd79602883f63926bad8f1c0a33dba3c921f32d02571a88cb,passive_permeability,-logPe,4.3,,ok,ok,"[{""measurement"": ""4.3"", ""unit"": ""-log10(cm/s)"", ""expected_scalar"": 4.3, ""expected_canonical_unit"": ""-log10(cm/s)""}]","[{""measurement"": ""4.3"", ""unit"": ""-log10(cm/s)""}]",True,True,True,True,True,True,True,True,model_single_pass
e082895b6a916c38677465f55d22105e490ccd9a8cf0a624549ec9ec75faf8a1,efflux_transport,AUC10-30,2.06,,ok,ok,"[{""measurement"": ""2.06"", ""unit"": ""SUV·min"", ""expected_scalar"": 2.06, ""expected_canonical_unit"": ""SUV·min""}]","[{""measurement"": ""2.06"", ""unit"": ""SUV·min""}]",True,True,True,True,True,True,True,True,model_single_pass
e0e8e9e61b816a4b78a4c3383f86b30b2712ff106f34749fa8ee57ae3fa73160,passive_permeability,mean ratio to diazepam,0.251,,ok,ok,"[{""measurement"": ""0.251"", ""unit"": ""ratio"", ""expected_scalar"": 0.251, ""expected_canonical_unit"": ""ratio""}]","[{""measurement"": ""0.251"", ""unit"": ""ratio""}]",True,True,True,True,True,True,True,True,model_single_pass
e58523111d8226191caab6b61ff5583fff5f2e96aa31a7eeac32779275277715,efflux_transport,,76,,relative,relative,[],[],True,,,,,,,True,model_single_pass
e624cb2e592a6807af69b731023734ed8ad77902df3b25b92757dbf0005851ec,direct_bbb,BBB permeability,-1.897,,unsure,unsure,[],[],True,,,,,,,True,model_structural_retry
e6f7a314361b887ad5bb9ae6a232f76201569e7e66b6fc60a93f44f18aefefb1,efflux_transport,inhibition_potency,193,,ok,ok,"[{""measurement"": ""193"", ""unit"": ""µM"", ""expected_scalar"": 193.0, ""expected_canonical_unit"": ""µM""}]","[{""measurement"": ""193"", ""unit"": ""µM""}]",True,True,True,True,True,True,True,True,model_single_pass
e7960643f008ea49f2f610a78da8b92c04f305fc8e8e6a1e5a0ca3984869b118,efflux_transport,inhibition_potency,105,,ok,ok,"[{""measurement"": ""105"", ""unit"": ""µM"", ""expected_scalar"": 105.0, ""expected_canonical_unit"": ""µM""}]","[{""measurement"": ""105"", ""unit"": ""µM""}]",True,True,True,True,True,True,True,True,model_single_pass
e8164b0a2a7a78d214f83cd78b9bb4adcaa7d7a83c5f033b4ae1d7e8ab07b5b0,influx_transport,brain endothelial cell uptake,14% reduction in uptake of 14C-DHA into hCMEC/D3 cells,,relative,relative,[],[],True,,,,,,,True,model_single_pass
e839e75b6357a247ced1049116d821c72580f674037217d4cd1a4a4d74a493ce,influx_transport,brain endothelial cell uptake,Acid-resistant binding reduced to 35.9 ± 6.1% of control in the presence of phenylarsine oxide,,relative,relative,[],[],True,,,,,,,True,model_single_pass
e86ac70983fa66fa4b231958f718c45b75e77ec1ffb49c2eec1fcf7108c166bc,efflux_transport,efflux_ratio,16,,ok,ok,"[{""measurement"": ""16"", ""unit"": ""ratio"", ""expected_scalar"": 16.0, ""expected_canonical_unit"": ""ratio""}]","[{""measurement"": ""16"", ""unit"": ""ratio""}]",True,True,True,True,True,True,True,True,model_single_pass
e9df201248833c423bba81f8ccef8629699be357cab2239935223e6993c2b7ac,efflux_transport,brain_exposure_fold_change,1.7,,relative,ok,[],"[{""measurement"": ""1.7"", ""unit"": ""ratio""}]",False,,,,,,,False,model_single_pass
ece4570883e79f9b90657e79e6b97d1c6e780ad5ba346e03e53362b2efb98efc,efflux_transport,efflux_ratio,0.8,,ok,ok,"[{""measurement"": ""0.8"", ""unit"": ""ratio"", ""expected_scalar"": 0.8, ""expected_canonical_unit"": ""ratio""}]","[{""measurement"": ""0.8"", ""unit"": ""ratio""}]",True,True,True,True,True,True,True,True,model_single_pass
ee1da2808603e050cf2529116c72ad998712c28c87a20f00d2c57601bd387436,direct_bbb,lumbar cerebrospinal fluid concentration,nearly 50,ng./ml.,ok,ok,"[{""measurement"": ""50"", ""unit"": ""ng./ml."", ""expected_scalar"": 50.0, ""expected_canonical_unit"": ""ng/mL""}]","[{""measurement"": ""50"", ""unit"": ""ng./ml.""}]",True,True,True,True,True,True,True,True,model_single_pass
ef6dd4e334062fd45c3135b63ffd35d0bce10a0fa76bea0b4adab07d81932c26,direct_bbb,B/P and AUC ratios,2-fold difference,,relative,relative,[],[],True,,,,,,,True,model_structural_retry
f11b8b30ddc8415654f305060c80c6961647c3a9df8fe0c7ab139921080facf1,efflux_transport,other,8.5,,ok,ok,"[{""measurement"": ""8.5"", ""unit"": ""µM"", ""expected_scalar"": 8.5, ""expected_canonical_unit"": ""µM""}]","[{""measurement"": ""8.5"", ""unit"": ""µM""}]",True,True,True,True,True,True,True,True,model_single_pass
f1c127bc2514b8603ba722df482bfddb08221f7882be03d5d2394756bf6ff5f6,direct_bbb,Abscess:Serum Ratio,0.53,,ok,ok,"[{""measurement"": ""0.53"", ""unit"": ""ratio"", ""expected_scalar"": 0.53, ""expected_canonical_unit"": ""ratio""}]","[{""measurement"": ""0.53"", ""unit"": ""ratio""}]",True,True,True,True,True,True,True,True,model_structural_retry
f588be9456bd52a19760b477fa946b04aa7de4e3f4d43aa80433bbaa8419d4f6,passive_permeability,-log Pe,4.6,,ok,ok,"[{""measurement"": ""4.6"", ""unit"": ""-log10(cm/s)"", ""expected_scalar"": 4.6, ""expected_canonical_unit"": ""-log10(cm/s)""}]","[{""measurement"": ""4.6"", ""unit"": ""-log10(cm/s)""}]",True,True,True,True,True,True,True,True,model_single_pass
f5e0dbfb96a9b9ba69d5e3feb7213b874698a6e8123313fe5915f120b45eb402,efflux_transport,permeability,22,,ok,ok,"[{""measurement"": ""22"", ""unit"": ""× 10^-6 cm/s"", ""expected_scalar"": 2.2e-05, ""expected_canonical_unit"": ""cm/s""}]","[{""measurement"": ""22.0"", ""unit"": ""10^-6 cm/s""}]",True,True,True,True,True,False,False,True,model_single_pass
f640423a4482a4fb18a5f8a2c5fde787719b867c73b12fae47af4b41b020253e,direct_bbb,AUCs in the brain,over 30-fold higher,,relative,relative,[],[],True,,,,,,,True,model_structural_retry
f728609dbe4ea3d61e13dbc61adc581878d19e4e803f7d13ddd39f13e498a44b,efflux_transport,efflux_ratio,11,,ok,ok,"[{""measurement"": ""11"", ""unit"": ""ratio"", ""expected_scalar"": 11.0, ""expected_canonical_unit"": ""ratio""}]","[{""measurement"": ""11"", ""unit"": ""ratio""}]",True,True,True,True,True,True,True,True,model_single_pass
f9c08e18a4038327721e14e76c615004c8aa51b60632c4e35d455d0ef2cd41b2,efflux_transport,inhibition_potency,22.2,,ok,ok,"[{""measurement"": ""22.2"", ""unit"": ""µM"", ""expected_scalar"": 22.2, ""expected_canonical_unit"": ""µM""}]","[{""measurement"": ""22.2"", ""unit"": ""µM""}]",True,True,True,True,True,True,True,True,model_single_pass
fa7155fd12e24f29239757a96e16e4f7dd5ae22723486d9fcafc891b26a01c5e,direct_bbb,BBB level,4,,unavailable,unavailable,[],[],True,,,,,,,True,model_structural_retry
fc70950266920b29876f37808908607eb9f6ad8c8133a53b587d6294349d83f5,passive_permeability,-logPe,4.5,,ok,ok,"[{""measurement"": ""4.5"", ""unit"": ""-log10(cm/s)"", ""expected_scalar"": 4.5, ""expected_canonical_unit"": ""-log10(cm/s)""}]","[{""measurement"": ""4.5"", ""unit"": ""-log10(cm/s)""}]",True,True,True,True,True,True,True,True,model_single_pass
fd9d0fc1fbe2fa2815708953c965b8421c2f8978b9dba33b5066dcd855db374b,direct_bbb,CSF concentrations / plasma concentrations,approximately 2%,%,ok,ok,"[{""measurement"": ""2"", ""unit"": ""%"", ""expected_scalar"": 2.0, ""expected_canonical_unit"": ""%""}]","[{""measurement"": ""2"", ""unit"": ""%""}]",True,True,True,True,True,True,True,True,model_single_pass
fe6aeabaee24d84ddae58e803636bcd87b0c10db732cac5229e3c1882f0cf082,influx_transport,blood-to-brain transport,Aluminum-protein complexes of around 0.005% can enter the brain by receptor-mediated endocytosis.,,ok,ok,"[{""measurement"": ""0.005"", ""unit"": ""%"", ""expected_scalar"": 0.005, ""expected_canonical_unit"": ""%""}]","[{""measurement"": ""0.005"", ""unit"": ""%""}]",True,True,True,True,True,True,True,True,model_single_pass
