condition_group,split,n_rows
barrier_state=disrupted,train,14
co_treatment=cyclosporine,train,14
disease=bacterial_meningitis,train,10
disease=brain_tumor_or_glioma,train,34
disease=cerebral_ischemia,train,8
disease=meningitis_unspecified,train,41
disease=pneumococcal_meningitis,train,8
disease=tuberculous_meningitis,train,7
no_reported_external_condition,train,2939
barrier_state=disrupted,valid,2
co_treatment=cyclosporine,valid,1
disease=bacterial_meningitis,valid,1
disease=brain_tumor_or_glioma,valid,2
disease=cerebral_ischemia,valid,1
disease=meningitis_unspecified,valid,7
disease=pneumococcal_meningitis,valid,1
disease=tuberculous_meningitis,valid,1
no_reported_external_condition,valid,368
barrier_state=disrupted,test,1
co_treatment=cyclosporine,test,1
disease=bacterial_meningitis,test,2
disease=brain_tumor_or_glioma,test,1
disease=cerebral_ischemia,test,1
disease=meningitis_unspecified,test,8
disease=pneumococcal_meningitis,test,1
disease=tuberculous_meningitis,test,1
no_reported_external_condition,test,368
