manual_review_status	manual_review_notes	manual_review_version	source_id	delta_type	old_SMILES	support_text	pmid	extraction_id	SMILES	toxicity_category	outcome_measure	evidence_type	endpoint_value	endpoint_unit	toxicity_endpoint	effect_status	quantitative_result	endpoint	result_direction	stress_endpoint	effect_direction	endpoint_type	result_value	result_unit	target_or_endpoint	result_metric
pass	Pass: release delta, structure status, semantic fields, and support text checked; invalid source structures remain fail-closed.	clintox_send_v2_source_delta_review.v1	human_clinical_toxicity	new_record		Gefitinib has been suggested to be associated with an increased risk of acute coronary syndrome (ACS) due to its effect on platelet function. However, based on the results of clinical trials, cardiovascular complications may not be a significant safety concern with its use.	34110522	ext_3	COc1cc2ncnc(Nc3ccc(F)c(Cl)c3)c2cc1OCCCN1CCOCC1	cardiotoxicity																
pass	Pass: release delta, structure status, semantic fields, and support text checked; invalid source structures remain fail-closed.	clintox_send_v2_source_delta_review.v1	human_clinical_toxicity	invalid_source_smiles	[H][C@@]12C[N@@](CCc3c(nc4ccccc34)[C@@](C(=O)OC)(c3cc4c(cc3OC)N(C)[C@]3([H])[C@]45CCN4CC=C[C@@](CC)([C@@H](O)[C@]3(O)C(=O)NNC(=O)OCCSSC[C@H](NC(=O)[C@H](CC(=O)O)NC(=O)[C@H](CC(=O)O)NC(=O)[C@H](CCCNC(=N)N)NC(=O)[C@H](CC(=O)O)NC(=O)CC[C@H](NC(=O)c3ccc(NCc6cnc7nc(N)nc(=O)c-7n6)cc3)C(=O)O)C(=O)O)[C@]45[H])C1)C[C@](O)(CC)C2	Preclinical studies demonstrated unconjugated desacetylvinblastine hydrazide in the bile of bile duct-cannulated rats after dosing with EC145, providing a basis for the GI toxicity of EC145 observed in humans in this trial. Although nearly all patients were receiving concomitant analgesic narcotics, a majority of those treated at the proposed phase II dose tolerated the agent well. Constipation that occurred at the 2.5-mg dose level was easily managed with stool softeners and bowel-stimulating agents.	23032618	ext_10	[H][C@@]12C[N@@](CCc3c(nc4ccccc34)[C@@](C(=O)OC)(c3cc4c(cc3OC)N(C)[C@]3([H])[C@]45CCN4CC=C[C@@](CC)([C@@H](O)[C@]3(O)C(=O)NNC(=O)OCCSSC[C@H](NC(=O)[C@H](CC(=O)O)NC(=O)[C@H](CC(=O)O)NC(=O)[C@H](CCCNC(=N)N)NC(=O)[C@H](CC(=O)O)NC(=O)CC[C@H](NC(=O)c3ccc(NCc6cnc7nc(N)nc(=O)c-7n6)cc3)C(=O)O)C(=O)O)[C@]45[H])C1)C[C@](O)(CC)C2	gastrointestinal_toxicity	Constipation present at the 2.5-mg dose level; most patients at the proposed phase II dose tolerated the agent well															
pass	Pass: release delta, structure status, semantic fields, and support text checked; invalid source structures remain fail-closed.	clintox_send_v2_source_delta_review.v1	human_clinical_toxicity	retained_record	CN(C)CCCC1(c2ccc(F)cc2)OCc2cc(C#N)ccc21	Moderate but statistically significant risks of hepatotoxicity were found for citalopram in France in the disproportionality analysis.	24561328	ext_9	CN(C)CCCC1(c2ccc(F)cc2)OCc2cc(C#N)ccc21	hepatotoxicity	Moderate statistically significant risk (specific ROR not reported in the passage)															
pass	Pass: release delta, structure status, semantic fields, and support text checked; invalid source structures remain fail-closed.	clintox_send_v2_source_delta_review.v1	human_clinical_toxicity	new_record		3TC is an anti-retroviral medication approved by the FDA in the 1990's to treat HIV/AIDS and chronic hepatitis B and continues to be prescribed as a mono- or combination therapy for retroviral infection. 3TC is considered safe, is widely prescribed, and has few clinically-relevant pharmacological interactions due to its low metabolic clearance, minimal binding to plasma protein, and no detectable effects on liver function.	38464267	ext_2	Nc1ccn([C@H]2CS[C@@H](CO)O2)c(=O)n1																	
pass	Pass: release delta, structure status, semantic fields, and support text checked; invalid source structures remain fail-closed.	clintox_send_v2_source_delta_review.v1	human_clinical_toxicity	invalid_source_smiles		In 2002, Nathan et al. treated 14 patients after radiotherapy failure using temoporfin administered intravenously with percutaneous diffusing fibres inserted into the prostate under imaging guidance; low doses of drug and fluence (20 J/cm²) were applied. Various side effects were reported: recto-urethral fistula after control trans-rectal biopsy (n = 1); stress urinary incontinence (n = 2); acute urinary retention (n = 3).	22959806	ext_18	OC1=CC=CC(=C1)C-1=C2\CCC(=N2)\C(=C2/N\C(\C=C2)=C(/C2=N/C(/C=C2)=C(\C2=CC=C\-1N2)C1=CC(O)=CC=C1)C1=CC(O)=CC=C1)\C1=CC(O)=CC=C1	other	n=1 recto-urethral fistula; n=2 stress urinary incontinence; n=3 acute urinary retention, out of 14 patients															
pass	Pass: release delta, structure status, semantic fields, and support text checked; invalid source structures remain fail-closed.	clintox_send_v2_source_delta_review.v1	human_clinical_toxicity	retained_record	COC(=O)C(c1ccccc1)C1CCCCN1	In an unblinded, nonrandomised trial of 4 PD patients, methylphenidate (30–40 mg i.v.) improved rigidity and range of movement. Tremor was worsened in one patient (an adverse clinical outcome attributed to methylphenidate). No FDA approval status was stated.	25810948	ext_80	COC(=O)C(c1ccccc1)C1CCCCN1	neurotoxicity	1 of 4 PD patients experienced worsened tremor															
pass	Pass: release delta, structure status, semantic fields, and support text checked; invalid source structures remain fail-closed.	clintox_send_v2_source_delta_review.v1	human_clinical_toxicity	new_record		Severe toxicities (Grade ≥3) were noticeably higher in the conventional-dose (sunitinib) regimen group. The most common severe toxicities in at least 10% of patients in the conventional-dose population were hypertension (11/33, 33.3%), hand-foot syndrome (9/33, 27.3%), hyponatremia (9/33, 27.3%), thrombocytopenia (8/33, 24.2%), fatigue (5/33, 15.2%), and anemia (4/33, 12.1%). In Table 4, Grade 3-5 toxicities occurred in 28/33 (84.8%) of the conventional-dose group, with dose reduction due to toxicities in 23/33 (69.7%), dose delay in 19/33 (57.6%), and dose discontinuation in 3/33 (9.1%).	25541325	ext_10	CCN(CC)CCNC(=O)c1c(C)[nH]c(/C=C2\C(=O)Nc3ccc(F)cc32)c1C	general_adverse_events	Most common severe toxicities (≥10% of patients): hypertension 11/33 (33.3%), hand-foot syndrome 9/33 (27.3%), hyponatremia 9/33 (27.3%), thrombocytopenia 8/33 (24.2%), fatigue 5/33 (15.2%), anemia 4/33 (12.1%); Grade 3-5 toxicities 28/33 (84.8%); dose reduction due to toxicity 23/33 (69.7%); dose delay 19/33 (57.6%); dose discontinuation 3/33 (9.1%)															
pass	Pass: release delta, structure status, semantic fields, and support text checked; invalid source structures remain fail-closed.	clintox_send_v2_source_delta_review.v1	human_clinical_toxicity	invalid_source_smiles	[H][C@@]12C[C@H](CC)[C@]3([H])[N@@](CCc4c(nc5ccc(OC)cc45)[C@]3([H])C1)C2	A second documented ibogaine-related death was that of a 24-year-old Holland woman who died of respiratory arrest 19 hours after taking ibogaine; no definite cause of death was found at autopsy, though it was noted she may have taken opiates while on ibogaine.	21391058	ext_10	[H][C@@]12C[C@H](CC)[C@]3([H])[N@@](CCc4c(nc5ccc(OC)cc45)[C@]3([H])C1)C2	other	1 fatal case; death occurred 19 hours after ingestion; no definite cause found at autopsy															
pass	Pass: release delta, structure status, semantic fields, and support text checked; invalid source structures remain fail-closed.	clintox_send_v2_source_delta_review.v1	human_clinical_toxicity	retained_record	CCN(CCO)CCCC(C)Nc1ccnc2cc(Cl)ccc12	Previously commonly used antimalarial agents, HCQ and CQ, are substantially excreted by the kidney (40–50%), requiring close kidney function monitoring in renal patients. Furthermore, both drugs have been reported to induce renal phospholipidosis mimicking Fabry disease, although this is unlikely to occur with short-term use.	34858665	ext_15	CCN(CCO)CCCC(C)Nc1ccnc2cc(Cl)ccc12	nephrotoxicity	Renal phospholipidosis reported; kidney excretion 40–50%; unlikely with short-term use															
pass	Pass: release delta, structure status, semantic fields, and support text checked; invalid source structures remain fail-closed.	clintox_send_v2_source_delta_review.v1	human_clinical_toxicity	new_record		In the nintedanib treatment group, dose reductions were required in 17 patients (38.6%), of whom five patients (11.4%) required a second dose reduction; in the placebo group, dose reduction was required in seven patients (17.1%). Mean dose intensities for chemotherapy and for nintedanib and placebo are listed in Table 2.	28892431	ext_2	COC(=O)c1ccc2c(c1)NC(=O)/C2=C(\Nc1ccc(N(C)C(=O)CN2CCN(C)CC2)cc1)c1ccccc1	general_adverse_events	17/44 (38.6%) required dose reduction; 5/44 (11.4%) required a second dose reduction; placebo group required dose reduction in 7/43 (17.1%).															
pass	Pass: release delta, structure status, semantic fields, and support text checked; invalid source structures remain fail-closed.	clintox_send_v2_source_delta_review.v1	human_clinical_toxicity	invalid_source_smiles		During the 24-week study, TESAE were reported in 35 patients receiving teduglutide (70%) and 4 patients in the SOC group (44%). Three patients experienced non-medication related hepatobiliary disorders with 1 of each of the following: cholelithiasis, cholestasis, and liver disorder. One patient experienced an increased lipase also thought to be unrelated to the medication. Two patients were admitted for TESAE, one with a fecaloma later clarified to be a 'hard stool' and a second with an adynamic ileus without small bowel obstruction. The drug was held for a brief period in both cases without recurrence upon resumption.	33798402	ext_6	CC[C@H](C)[C@H](NC(=O)[C@H](Cc1ccccc1)NC(=O)[C@H](CC(=O)O)NC(=O)[C@H](CCCNC(=N)N)NC(=O)[C@H](C)NC(=O)[C@H](C)NC(=O)[C@H](CC(C)C)NC(=O)[C@H](CC(N)=O)NC(=O)[C@H](CC(=O)O)NC(=O)[C@H](CC(C)C)NC(=O)[C@@H](NC(=O)[C@@H](NC(=O)[C@H](CC(N)=O)NC(=O)[C@H](CCSC)NC(=O)[C@H](CCC(=O)O)NC(=O)[C@H](CC(=O)O)NC(=O)[C@H](CO)NC(=O)[C@H](Cc1ccccc1)NC(=O)[C@H](CO)NC(=O)CNC(=O)[C@H](CC(=O)O)NC(=O)CNC(=O)[C@@H](N)Cc1cncn1)[C@@H](C)O)[C@@H](C)CC)C(=O)N[C@@H](CC(N)=O)C(=O)N[C@@H](Cc1cnc2ccccc12)C(=O)N[C@@H](CC(C)C)C(=O)N[C@H](C(=O)N[C@@H](CCC(N)=O)C(=O)N[C@H](C(=O)N[C@@H](CCCCN)C(=O)N[C@H](C(=O)N[C@H](C(=O)N[C@@H](CC(=O)O)C(=O)O)[C@@H](C)O)[C@@H](C)CC)[C@@H](C)O)[C@@H](C)CC	other	TESAE in 35/50 patients receiving teduglutide (70%) vs 4/9 in SOC group (44%); hepatobiliary disorders each in 1 patient (cholelithiasis, cholestasis, liver disorder); increased lipase in 1 patient; 2 admissions															
pass	Pass: release delta, structure status, semantic fields, and support text checked; invalid source structures remain fail-closed.	clintox_send_v2_source_delta_review.v1	human_clinical_toxicity	retained_record	CC(=O)N1CCN(c2ccc(OCC3COC(Cn4ccnc4)(c4ccc(Cl)cc4Cl)O3)cc2)CC1	The major adverse effect of ketoconazole is hepatotoxicity. Fatal hepatitis has been reported in a few patients treated with ketoconazole as an antifungal agent, as well as in one adolescent patient treated for Cushing syndrome. In July 2013, the FDA and EMA gave strong warnings about the use of ketoconazole as an antifungal agent due to its potential for hepatotoxicity. An increase in liver enzymes is frequently observed, ranging from 2.6 to 18.7% of cases in the major studies, generally occurring at the start of treatment and normalizing a few months after withdrawal. Ketoconazole may also affect testosterone synthesis at the gonadal level, inducing hypogonadism in men and consequently gynecomastia.	26067718	ext_8	CC(=O)N1CCN(c2ccc(OCC3COC(Cn4ccnc4)(c4ccc(Cl)cc4Cl)O3)cc2)CC1	hepatotoxicity	Increase in liver enzymes in 2.6–18.7% of cases in major studies; fatal hepatitis reported but very rare during clinical treatment for Cushing syndrome															
pass	Pass: release delta, structure status, semantic fields, and support text checked; invalid source structures remain fail-closed.	clintox_send_v2_source_delta_review.v1	human_clinical_toxicity	new_record		Bedaquiline is the first new anti-TB drug for over 40 years. It is orally administered and acts by selectively inhibiting mycobacterial adenosine triphosphate synthase. Early clinical studies indicated high bactericidal activity; the most compelling evidence was from a multicentre phase II trial (TMC207-C208) supplementing an OBR for pulmonary MDR-TB with bedaquiline or placebo for the first 24 weeks, with higher sputum culture conversion at 24 weeks (79% vs 58%, p=0.008) and cure at 120 weeks (58% vs 32%, p=0.003). Accelerated regulatory approval followed in a number of countries to permit use of bedaquiline during the 'intensive phase' of prolonged regimens for pre-XDR and XDR-TB.	26884496	ext_3	COc1nc2ccc(Br)cc2cc1[C@@H](c1ccccc1)[C@@](O)(CCN(C)C)c1cccc2ccccc12																	
pass	Pass: release delta, structure status, semantic fields, and support text checked; invalid source structures remain fail-closed.	clintox_send_v2_source_delta_review.v1	human_clinical_toxicity	invalid_source_smiles		For photodynamic therapy patients, the passage states that presently patients treated with Photofrin (porfimer sodium) need to stay out of direct light for 6 weeks, reflecting a skin phototoxicity/photosensitivity outcome requiring prolonged light avoidance.	10461068	ext_2	*C1=C(C)C2Cc3nc(c(C)c3C(C)OC(=O)CCc3c(C)/c4n/c3=CC3=N/C(=Cc5nc(c(C(C)OC(C)c6c7nc(c6C)/C=C6N=C(/C=c8n/c(c(C)c8CCC(=O)[O-])=CC8=NC(C7)C(C)=C8*)C(CCC(=O)[O-])=C6C)c5C)CC5N=C(/C=4)C(*)=C5C)C(C)=C3CCC(=O)[O-])/C=C3N=C(/C=c4n/c(c(C)c4CCC(=O)[O-])=CC1=N2)C(CCC(=O)[O-])=C3C.[Na+].[Na+].[Na+].[Na+].[Na+]	dermatologic_toxicity	6 weeks direct-light avoidance															
pass	Pass: release delta, structure status, semantic fields, and support text checked; invalid source structures remain fail-closed.	clintox_send_v2_source_delta_review.v1	human_clinical_toxicity	retained_record	COc1cc([C@@H]2c3cc4c(cc3[C@@H](O[C@@H]3O[C@@H]5CO[C@@H](C)O[C@H]5[C@H](O)[C@H]3O)[C@H]3COC(=O)[C@H]23)OCO4)cc(OC)c1O	Etoposide is a topoisomerase II inhibitor used in many malignancies. Increasing age has been correlated with increased free etoposide concentrations during oral therapy, correlating with leucopenia. Poor performance status may place older patients at a higher risk for grade 4 dose-limiting toxicities such as myelosuppression and mucositis. There is more variability in the pharmacokinetics and toxicity of oral etoposide compared with the intravenous route; consequently oral etoposide may appear less effective and more toxic.	17488981	ext_32	COc1cc([C@@H]2c3cc4c(cc3[C@@H](O[C@@H]3O[C@@H]5CO[C@@H](C)O[C@H]5[C@H](O)[C@H]3O)[C@H]3COC(=O)[C@H]23)OCO4)cc(OC)c1O	hematologic_toxicity	Grade 4 dose-limiting toxicities (myelosuppression, mucositis) associated with poor performance status; leucopenia correlated with age-related increased free etoposide concentration															
pass	Pass: release delta, structure status, semantic fields, and support text checked; invalid source structures remain fail-closed.	clintox_send_v2_source_delta_review.v1	human_clinical_toxicity	new_record		Marinaki et al. demonstrated a significant association of the ITPA94A allele with flu-like illness (p=0.031, OR 4.7, 95% CI 1.2-18.1), rash (p=0.021, OR 10.3, 95% CI 4.7-62.9), and pancreatitis (p=0.048, OR 6.2, 95% CI 1.1-32.6) within a cohort of 130 IBD patients taking AZA (azathioprine). The 94A allele was also found to be weakly predictive of leucopenia in one IBD cohort (p=0.046, OR 3.5, 95% CI 1.12-10.97). These associations suggested ITPase deficiency may contribute to thiopurine toxicity.	29783500	ext_9	Cn1cnc([N+](=O)[O-])c1Sc1ncnc2nc[nH]c12	other	flu-like illness p=0.031, OR 4.7, 95% CI 1.2-18.1; rash p=0.021, OR 10.3, 95% CI 4.7-62.9; pancreatitis p=0.048, OR 6.2, 95% CI 1.1-32.6; leucopenia p=0.046, OR 3.5, 95% CI 1.12-10.97															
pass	Pass: release delta, structure status, semantic fields, and support text checked; invalid source structures remain fail-closed.	clintox_send_v2_source_delta_review.v1	human_clinical_toxicity	invalid_source_smiles	Nc1nnc(N)n1	Fever was the most common toxic effect of guanazole therapy (seven patients) and became more severe with subsequent courses in four patients. Two patients developed a diffuse erythematous maculopapular rash with each course, associated with fever and diffuse arthralgias; in one patient erythema nodosum occurred on the legs after the second course and required cessation of guanazole. One patient developed bilateral diffuse pulmonary infiltrates temporally related to guanazole therapy on three occasions, with diffuse interstitial pneumonitis on lung biopsy.	59627	ext_6	Nc1nnc(N)n1	other	Table 4 counts: nausea/vomiting 2, fever 7, arthralgias 2, local phlebitis 1, stomatitis 1, pneumonitis 1 (1 severe), rash 2.															
pass	Pass: release delta, structure status, semantic fields, and support text checked; invalid source structures remain fail-closed.	clintox_send_v2_source_delta_review.v1	human_clinical_toxicity	retained_record	O=c1[nH]c(=O)n(C2CCCO2)cc1F	Table 1 lists the oral fluoropyrimidine S-1 (a prodrug/DPD inhibitor) with associated clinical toxicity of diarrhea.	12445367	ext_3	O=c1[nH]c(=O)n(C2CCCO2)cc1F	gastrointestinal_toxicity																
pass	Pass: release delta, structure status, semantic fields, and support text checked; invalid source structures remain fail-closed.	clintox_send_v2_source_delta_review.v1	human_clinical_toxicity	new_record		The text states that diazepam in large doses may cause diminution or loss of the corneal reflex in children, and that diazepam has also been alleged to cause extra-ocular muscle paralysis.	6119192	ext_58	CN1C(=O)CN=C(c2ccccc2)c2cc(Cl)ccc21	ocular_toxicity	Occurrence qualitatively reported in large doses in children															
pass	Pass: release delta, structure status, semantic fields, and support text checked; invalid source structures remain fail-closed.	clintox_send_v2_source_delta_review.v1	human_clinical_toxicity	invalid_source_smiles	[H][C@@]12C[C@H](CC)[C@]3([H])[N@@](CCc4c(nc5ccc(OC)cc45)[C@]3([H])C1)C2	In two patients who received intravenous ibogaine for addiction treatment in Mexico and were transported to a U.S. hospital, initial EKGs showed QTc of 602 ms (patient 1) and 649 ms (patient 2). Both subjects suffered repeated bouts of Torsades de Pointes, treated with magnesium and ACLS protocols, and both ultimately had EEGs showing no meaningful brain activity; care was withdrawn and both died.	35235161	ext_23	[H][C@@]12C[C@H](CC)[C@]3([H])[N@@](CCc4c(nc5ccc(OC)cc45)[C@]3([H])C1)C2	cardiotoxicity	Two fatal cases; QTc 602 ms (patient 1) and 649 ms (patient 2); repeated bouts of TdP; death in 2/2 patients															
pass	Pass: release delta, structure status, semantic fields, and support text checked; invalid source structures remain fail-closed.	clintox_send_v2_source_delta_review.v1	nonclinical_in_vivo_toxicity	new_record		In the present study, male mice were exposed to arsenic at a concentration below NOEL for 35 days. The body weight of the arsenic-exposed animals did not show any significant change compared to control, indicating that the general condition of the mice was within normal range.	21924885	ext_30	[As]			body_weight_change														
pass	Pass: release delta, structure status, semantic fields, and support text checked; invalid source structures remain fail-closed.	clintox_send_v2_source_delta_review.v1	nonclinical_in_vivo_toxicity	invalid_source_smiles	[H][C@@]12Cc3cnc4cccc(c34)C1=C[C@@H](C(=O)N[C@]1(C(C)C)O[C@]3(O)N(C1=O)[C@@H](Cc1ccccc1)C(=O)N1CCC[C@]13[H])CN2C	Friend and MacIntyre showed that severe reduction in feed intake and growth rate of growing pigs accompanied the inclusion of 1 to 2% of ergot in the pig ration.	378550	ext_23	[H][C@@]12Cc3cnc4cccc(c34)C1=C[C@@H](C(=O)N[C@]1(C(C)C)O[C@]3(O)N(C1=O)[C@@H](Cc1ccccc1)C(=O)N1CCC[C@]13[H])CN2C			body_weight_change														
pass	Pass: release delta, structure status, semantic fields, and support text checked; invalid source structures remain fail-closed.	clintox_send_v2_source_delta_review.v1	nonclinical_in_vivo_toxicity	retained_record	Cc1cc2cc(Nc3ccnc(Nc4ccc5[nH]c(C)cc5c4)n3)ccc2[nH]1	In a study of oral toxicity of AZA1, Ito et al. (2000) exposed male ICS mice (3–8 weeks old) to single doses at 600 µg/kg bw. Half of the mice at 600 µg/kg (n = 6) died within 24 h. Histopathological examinations showed damage to the small intestine; shortening of the villi and injury to lamina propria and epithelial cells. Furthermore, Ito et al. reported increased liver weight and fine fat droplets in the liver and dose-dependent necrotic lymphocytes in the thymus and spleen.	22750012	ext_64	Cc1cc2cc(Nc3ccnc(Nc4ccc5[nH]c(C)cc5c4)n3)ccc2[nH]1			mortality_or_survival	3/6													
pass	Pass: release delta, structure status, semantic fields, and support text checked; invalid source structures remain fail-closed.	clintox_send_v2_source_delta_review.v1	nonclinical_in_vivo_toxicity	new_record		Despite the similar pattern for mean liver weight at P21, decrease was only significant at 25 mg/kg indomethacin (p<0.05). Table 1 (paragraph 31) shows the values.	28127982	ext_13	COc1ccc2c(c1)c(CC(=O)O)c(C)n2C(=O)c1ccc(Cl)cc1			animal_toxicity_finding														
pass	Pass: release delta, structure status, semantic fields, and support text checked; invalid source structures remain fail-closed.	clintox_send_v2_source_delta_review.v1	nonclinical_in_vivo_toxicity	invalid_source_smiles		Sixty-six rats were exposed to nickel carbonyl. The number of exposed animals that either died or were sacrificed from the first to the sixth day after exposure were 16, 21, 11, 6, 6, and 6, respectively (total 66). Thus all exposed animals were dead or sacrificed by day 6 following the single 30-minute inhalation of 0.8 to 1.0 mg/L nickel carbonyl.	13918426	ext_3	O#[C][Ni]([C]#O)([C]#O)[C]#O			mortality_or_survival	66/66	animals												
pass	Pass: release delta, structure status, semantic fields, and support text checked; invalid source structures remain fail-closed.	clintox_send_v2_source_delta_review.v1	nonclinical_in_vivo_toxicity	retained_record	[Zn]	In mice, after 2 weeks of gastrointestinal administration, microscale Zn powder induced more severe liver damage than did nanoscale Zn powder (Wang et al. 2006).	22057930	ext_94	[Zn]			animal_toxicity_finding														
pass	Pass: release delta, structure status, semantic fields, and support text checked; invalid source structures remain fail-closed.	clintox_send_v2_source_delta_review.v1	nonclinical_in_vivo_toxicity	new_record		The female triple‐tg mice at 4 weeks old were treated with vehicle (n = 10) or TAK‐272 (10 mg·kg−1, n = 9) once daily for 2 weeks... One mouse from the TAK‐272‐treated group died before BP measurement.	32056390	ext_1	COCCCCn1c(C(=O)N(CC(C)C)[C@@H]2CNC[C@H](C(=O)N3CCOCC3)C2)nc2ccccc21.Cl			mortality_or_survival	1/9	mice												
pass	Pass: release delta, structure status, semantic fields, and support text checked; invalid source structures remain fail-closed.	clintox_send_v2_source_delta_review.v1	nonclinical_in_vivo_toxicity	invalid_source_smiles		In the 10 mg/kg/day dose group, mean vaginal patency was 33.2 days (SD 1.1), statistically significantly higher than control (p≤0.01). The authors noted this value was within the historical control range and considered it not biologically important.	12171631	ext_49	Oc1c(Br)cc(Br)cc1-c1nc(Br)c(Br)c1Br			animal_toxicity_finding	33.2 (1.1)	day												
pass	Pass: release delta, structure status, semantic fields, and support text checked; invalid source structures remain fail-closed.	clintox_send_v2_source_delta_review.v1	nonclinical_in_vivo_toxicity	retained_record	C[C@@H](Oc1ccc(Oc2nc3ccc(Cl)cc3o2)cc1)C(=O)N(C)c1ccccc1F	In paragraph 58 the authors state that metamifop destroyed the HPT regulation at the gene level and clearly showed the thyroid endocrine-disrupting effect. In paragraph 61 they report that TH levels and relative expression of TH-dependent genes were affected, reflecting the endocrine interference effect.	34126306	ext_17	C[C@@H](Oc1ccc(Oc2nc3ccc(Cl)cc3o2)cc1)C(=O)N(C)c1ccccc1F			animal_toxicity_finding														
pass	Pass: release delta, structure status, semantic fields, and support text checked; invalid source structures remain fail-closed.	clintox_send_v2_source_delta_review.v1	nonclinical_in_vivo_toxicity	new_record		No effects were observed on H. azteca and Hexagenia spp. after a 24 h pulse of imidacloprid at concentrations of 2.5, 5, and 10 ppb.	34502500	ext_5	O=[N+]([O-])/N=C1\NCCN1Cc1ccc(Cl)nc1			animal_toxicity_finding														
pass	Pass: release delta, structure status, semantic fields, and support text checked; invalid source structures remain fail-closed.	clintox_send_v2_source_delta_review.v1	nonclinical_in_vivo_toxicity	invalid_source_smiles	C[C@@H]1CCN(C(=O)CC#N)C[C@@H]1N(C)c1ncnc2nccc12.O=C(O)CC(O)(CC(=O)O)C(=O)O	Tofacitinib citrate (Tofa) was administered by gavage at 30 mg/kg to GPx1/2-DKO mice from 22 to 35 days of age. The study reported 'No morbidity was observed for all drugs' (paragraph 18).	31689440	ext_5	C[C@@H]1CCN(C(=O)CC#N)C[C@@H]1N(C)c1ncnc2nccc12.O=C(O)CC(O)(CC(=O)O)C(=O)O			animal_toxicity_finding														
pass	Pass: release delta, structure status, semantic fields, and support text checked; invalid source structures remain fail-closed.	clintox_send_v2_source_delta_review.v1	nonclinical_in_vivo_toxicity	retained_record	CC[C@]1(O)C[C@@H]2C[N@@](CCc3c([nH]c4ccccc34)[C@@](C(=O)OC)(c3cc4c(cc3OC)N(C=O)[C@H]3[C@@](O)(C(=O)OC)[C@H](OC(C)=O)[C@]5(CC)C=CCN6CC[C@]43[C@@H]65)C2)C1	The proportion of nNOS-immunoreactive neurons was increased with vincristine (0.1 mg kg⁻¹, ip, daily for 10 days) and continued to be increased 2 weeks after treatment finalization.	29971865	ext_5	CC[C@]1(O)C[C@@H]2C[N@@](CCc3c([nH]c4ccccc34)[C@@](C(=O)OC)(c3cc4c(cc3OC)N(C=O)[C@H]3[C@@](O)(C(=O)OC)[C@H](OC(C)=O)[C@]5(CC)C=CCN6CC[C@]43[C@@H]65)C2)C1			animal_toxicity_finding														
pass	Pass: release delta, structure status, semantic fields, and support text checked; invalid source structures remain fail-closed.	clintox_send_v2_source_delta_review.v1	nonclinical_in_vivo_toxicity	new_record		Neither the acute nor the subchronic exposures had any noticeable effect on the well-being, body weight, or life span of the exposed animals although the respirable fractions of the aerosol concentrations were very high, namely, 220 and 183 µg/liter, respectively.	499155	ext_16	CCN[C@]12CC=CC[C@H]1Cc1ccccc12			body_weight_change														
pass	Pass: release delta, structure status, semantic fields, and support text checked; invalid source structures remain fail-closed.	clintox_send_v2_source_delta_review.v1	nonclinical_in_vivo_toxicity	invalid_source_smiles	[H][C@@]12C[C@H](OS(=O)(=O)O)[C@H](C)[C@@]3([H])CN=C(N[C@@]([H])([C@@H](O)c4cc(=O)nc(=O)n4)C1)N23	In the same 10-week drinking water study with crude extract, histopathological changes in the liver were seen at all dose-levels (216, 432, and 657 µg cylindrospermopsin/kg bw).	17195276	ext_184	[H][C@@]12C[C@H](OS(=O)(=O)O)[C@H](C)[C@@]3([H])CN=C(N[C@@]([H])([C@@H](O)c4cc(=O)nc(=O)n4)C1)N23			animal_toxicity_finding														
pass	Pass: release delta, structure status, semantic fields, and support text checked; invalid source structures remain fail-closed.	clintox_send_v2_source_delta_review.v1	nonclinical_in_vivo_toxicity	retained_record	C[C@H]1CCCC(=O)CCC/C=C/c2cc(O)cc(O)c2C(=O)O1	Smith reported that anion-exchange zeolite protected against deleterious effects of ZEN on body weight, feed consumption and feed efficiency in rats, indicating that ZEN alone caused these adverse effects.	7560744	ext_15	C[C@H]1CCCC(=O)CCC/C=C/c2cc(O)cc(O)c2C(=O)O1			animal_toxicity_finding														
pass	Pass: release delta, structure status, semantic fields, and support text checked; invalid source structures remain fail-closed.	clintox_send_v2_source_delta_review.v1	nonclinical_in_vivo_toxicity	new_record		Administration of 5-FU at 150 mg/kg to rats acutely reduced body weight on days 3–4 compared to controls (p < 0.01), and the decrease persisted for at least 10 days; by day 15, body weights of treated rats were similar to controls. These data are from the current study (Figure 1A).	37833878	ext_2	O=c1[nH]cc(F)c(=O)[nH]1			body_weight_change														
pass	Pass: release delta, structure status, semantic fields, and support text checked; invalid source structures remain fail-closed.	clintox_send_v2_source_delta_review.v1	nonclinical_in_vivo_toxicity	invalid_source_smiles		In male mice given a single i.p. dose of 2.5 mg/kg penitrem A, liver weight decreased significantly throughout 48 hr (p:27). Histological examination revealed no lesions but slight degranulation of centrolobular hepatocytes; no increase in basophilia was seen (p:28). Additionally, liver glycogen was reduced by up to 91% at 10 min and remained low for 12 hr (p:20), liver DNA decreased significantly at early time points (p:21-22), and liver lipid increased at later times (p:23-24).	882992	ext_9	[H][C@@]12CC[C@]3(O)[C@](C)(CC[C@]4([H])O[C@H](C(=C)C)[C@H](O)[C@@]5([H])O[C@@]345)[C@@]1(C)c1nc3cc(Cl)c4c5c3c1[C@@]2([H])OC(C)(C)[C@@]1([H])C[C@]([H])(C(=C)C4)[C@]51O			animal_toxicity_finding														
pass	Pass: release delta, structure status, semantic fields, and support text checked; invalid source structures remain fail-closed.	clintox_send_v2_source_delta_review.v1	nonclinical_in_vivo_toxicity	retained_record	CC(=O)Oc1ccc(C(=C2CCCCC2)c2ccc(OC(C)=O)cc2)cc1	In the group given 2.5 mg/kg F6066, no young were delivered; table 4 confirms that all 10 animals were not pregnant at the end of the experiment and there were no young per litter.	5695649	ext_62	CC(=O)Oc1ccc(C(=C2CCCCC2)c2ccc(OC(C)=O)cc2)cc1			animal_toxicity_finding														
pass	Pass: release delta, structure status, semantic fields, and support text checked; invalid source structures remain fail-closed.	clintox_send_v2_source_delta_review.v1	nonclinical_in_vivo_toxicity	new_record		In thirteen cats (7 females, 6 males, aged 2-14 years, body mass 3.5-5.9 kg) anesthetized with propofol and maintained with isoflurane or halothane, after IV administration of mivacurium (0.1 mg kg⁻¹ over 10 seconds, with possible additional 0.05 mg kg⁻¹), the HR and SAP did not change significantly.	28404425	ext_7	COc1cc2c(cc1OC)[C@@H](Cc1cc(OC)c(OC)c(OC)c1)[N+](C)(CCCOC(=O)CC/C=C/CCC(=O)OCCC[N+]1(C)CCc3cc(OC)c(OC)cc3[C@H]1Cc1cc(OC)c(OC)c(OC)c1)CC2			clinical_sign														
pass	Pass: release delta, structure status, semantic fields, and support text checked; invalid source structures remain fail-closed.	clintox_send_v2_source_delta_review.v1	nonclinical_in_vivo_toxicity	invalid_source_smiles		In the PEP-AQ mortality table (paragraph [p:20]), 43.9 mg/kg peplomycin caused 10/10 mortality, with deaths on days 5-7.	8186427	ext_29	[H][C@]1(O[C@@H]2[C@H](O[C@@H](c3cncn3)[C@]([H])(NC(=O)c3nc([C@H](CC(N)=O)NC[C@H](N)C(N)=O)nc(N)c3C)C(=O)N[C@H](C)[C@@H](O)[C@H](C)C(=O)N[C@]([H])(C(=O)NCCc3nc(-c4nc(C(=O)NCCCN[C@@H](C)c5ccccc5)cs4)cs3)[C@@H](C)O)O[C@@H](CO)[C@@H](O)[C@@H]2O)O[C@H](CO)[C@@H](O)[C@H](OC(N)=O)[C@@H]1O			mortality_or_survival	10/10													
pass	Pass: release delta, structure status, semantic fields, and support text checked; invalid source structures remain fail-closed.	clintox_send_v2_source_delta_review.v1	organ_specific_toxicity	new_record		In the spleen and hepatic lymph node of C57BL/6 mice, an increased percentage of CD4+Foxp3+ T cells was observed after crystalline silica exposure.	34996462	ext_10	O=[Si]=O						increased percentage of CD4+Foxp3+ T cells	injury_observed										
pass	Pass: release delta, structure status, semantic fields, and support text checked; invalid source structures remain fail-closed.	clintox_send_v2_source_delta_review.v1	organ_specific_toxicity	invalid_source_smiles	C=CC1=C(C)/C(=C/c2nc(Cc3nc(/C=C4NC(=O)C(C)=C4C=C)c(C)c3CCC(=O)O)c(CCC(=O)O)c2C)NC1=O	The paper mentions that even in cases of kernicterus, total serum bilirubin (TSB) does not exceed the binding capacity of plasma, although free bilirubin (Bf) increases more rapidly as the TSB/albumin molar ratio approaches unity (~9 mg of bilirubin per g of albumin).	16452368	ext_4	C=CC1=C(C)/C(=C/c2nc(Cc3nc(/C=C4NC(=O)C(C)=C4C=C)c(C)c3CCC(=O)O)c(CCC(=O)O)c2C)NC1=O						kernicterus (bilirubin encephalopathy)	injury_observed										
pass	Pass: release delta, structure status, semantic fields, and support text checked; invalid source structures remain fail-closed.	clintox_send_v2_source_delta_review.v1	organ_specific_toxicity	retained_record	O=[N+]([O-])c1cc[n+]([O-])c2ccccc12	In a Big Blue transgenic rat study, 4NQO was given at 10 ppm in drinking water for 28 days with necropsy on day 31. A statistically significant increase in cII mutant frequency was observed in the gingiva/buccal tissue of treated rats compared to controls.	26296184	ext_16	O=[N+]([O-])c1cc[n+]([O-])c2ccccc12						increased cII mutant frequency	injury_observed										
pass	Pass: release delta, structure status, semantic fields, and support text checked; invalid source structures remain fail-closed.	clintox_send_v2_source_delta_review.v1	organ_specific_toxicity	new_record		Fluoride-treated rats exhibited a higher level of renal lipid peroxides, hydroperoxides and protein carbonyls and a significant decline in antioxidant profiles, clearly signifying the existence of oxidative stress.	28962222	ext_37	[F-]						renal oxidative stress	injury_observed										
pass	Pass: release delta, structure status, semantic fields, and support text checked; invalid source structures remain fail-closed.	clintox_send_v2_source_delta_review.v1	organ_specific_toxicity	invalid_source_smiles	CSCC[C@H](NC(=O)[C@@H](N)Cc1cncn1)C(=O)O	Analysis of MDA levels showed a significant increase in the HM group compared to the control group (p ≤ 0.05, Fig. 5E).	38468237	ext_68	CSCC[C@H](NC(=O)[C@@H](N)Cc1cncn1)C(=O)O						testicular lipid peroxidation (MDA)	injury_observed										
pass	Pass: release delta, structure status, semantic fields, and support text checked; invalid source structures remain fail-closed.	clintox_send_v2_source_delta_review.v1	organ_specific_toxicity	retained_record	CO[C@]12CC[C@@]3(C[C@@H]1[C@](C)(O)C(C)(C)C)[C@H]1Cc4ccc(O)c5c4[C@@]3(CCN1CC1CC1)[C@H]2O5	Buprenorphine, when administered systemically to sheep at doses used for maternal analgesia (10-60 mg kg-1 subcutaneous twice a day for 2 days), has marked side effects including bleating.	32055430	ext_36	CO[C@]12CC[C@@]3(C[C@@H]1[C@](C)(O)C(C)(C)C)[C@H]1Cc4ccc(O)c5c4[C@@]3(CCN1CC1CC1)[C@H]2O5						bleating	injury_observed										
pass	Pass: release delta, structure status, semantic fields, and support text checked; invalid source structures remain fail-closed.	clintox_send_v2_source_delta_review.v1	organ_specific_toxicity	new_record		In paragraph 20, the authors state that DAT's prosurvival effect was specific to NRVMs under OGD/R, and that DAT did not affect baseline conditions (normoxia) in NRVMs. Figure 4E shows cell viability and LDH release for NRVMs with or without DAT under normoxia; the plot indicates no significant difference (ns). Thus, DAT treatment at 100 µM under normoxia did not cause cytotoxicity in NRVMs.	40089859	ext_1	CC(=O)SC[C@H](C)C(=O)O						cell viability and lactate dehydrogenase release	no_injury_observed	Alamar blue cell viability and LDH release not significantly different from control under normoxia (ns, as per figure)									
pass	Pass: release delta, structure status, semantic fields, and support text checked; invalid source structures remain fail-closed.	clintox_send_v2_source_delta_review.v1	organ_specific_toxicity	invalid_source_smiles	O#[C][Ni]([C]#O)([C]#O)[C]#O	Sunderman and Kincaid (1954) reported on 36 human cases of nickel carbonyl exposure; two were fatal, with fatalities delayed due to lung edema.	13326842	ext_424	O#[C][Ni]([C]#O)([C]#O)[C]#O						pulmonary edema	injury_observed	2 fatalities out of 36 cases due to pulmonary edema									
pass	Pass: release delta, structure status, semantic fields, and support text checked; invalid source structures remain fail-closed.	clintox_send_v2_source_delta_review.v1	organ_specific_toxicity	retained_record	Cc1cccc(C)c1OCC(=O)N[C@@H](Cc1ccccc1)[C@@H](O)C[C@H](Cc1ccccc1)NC(=O)[C@H](C(C)C)N1CCCNC1=O	Lopinavir treatment (2×10−6 and 5×10−6 M for 3 days) resulted in lower contractile force in hEHTs during progressive stretch.	36055796	ext_55	Cc1cccc(C)c1OCC(=O)N[C@@H](Cc1ccccc1)[C@@H](O)C[C@H](Cc1ccccc1)NC(=O)[C@H](C(C)C)N1CCCNC1=O						decreased contractile force	injury_observed										
pass	Pass: release delta, structure status, semantic fields, and support text checked; invalid source structures remain fail-closed.	clintox_send_v2_source_delta_review.v1	organ_specific_toxicity	new_record		In the table, Scotland for 1957-1966 shows 27 cases out of 4,982 autopsies (0.54%). The text in paragraph 70 gives an estimated phenacetin consumption of 12 g per person per year for Scotland, and discusses the association with analgesic consumption.	7035123	ext_68	CCOc1ccc(NC(C)=O)cc1						papillary necrosis or chronic interstitial nephritis	injury_observed	Incidence at autopsy: 0.54% (27/4,982)									
pass	Pass: release delta, structure status, semantic fields, and support text checked; invalid source structures remain fail-closed.	clintox_send_v2_source_delta_review.v1	organ_specific_toxicity	invalid_source_smiles	[H][C@@]12C[C@@H](O)CN1C(=O)[C@H](CC(N)=O)NC(=O)[C@]1([H])C[S@@](=O)c3nc4cc(O)ccc4c3C[C@]([H])(NC(=O)[C@]([H])([C@@H](C)[C@@H](O)CO)NC2=O)C(=O)NCC(=O)N[C@@]([H])([C@@H](C)CC)C(=O)NCC(=O)N1	In patients poisoned by Amanita phalloides, α-amanitin induces liver and kidney damage that is not completely counteracted by treatments such as benzylpenicillin, ceftazidime, N-acetylcysteine, and silibinin (Garcia et al. 2015a).	30891624	ext_7	[H][C@@]12C[C@@H](O)CN1C(=O)[C@H](CC(N)=O)NC(=O)[C@]1([H])C[S@@](=O)c3nc4cc(O)ccc4c3C[C@]([H])(NC(=O)[C@]([H])([C@@H](C)[C@@H](O)CO)NC2=O)C(=O)NCC(=O)N[C@@]([H])([C@@H](C)CC)C(=O)NCC(=O)N1						liver damage	injury_observed										
pass	Pass: release delta, structure status, semantic fields, and support text checked; invalid source structures remain fail-closed.	clintox_send_v2_source_delta_review.v1	organ_specific_toxicity	retained_record	OO	Confluent neonatal-rat cardiomyocyte monolayers were incubated for 5 min in supplement-free BME containing 500 µM H₂O₂, then after 5 min the medium was replaced with supplement-free BME alone for 55 min; this resulted in increased net LDH release (sarcolemmal disruption) compared to cultures without H₂O₂.	1744169	ext_26	OO						sarcolemmal disruption	injury_observed										
pass	Pass: release delta, structure status, semantic fields, and support text checked; invalid source structures remain fail-closed.	clintox_send_v2_source_delta_review.v1	organ_specific_toxicity	new_record		Organotypic hippocampal slices were exposed to 5 µM KA for 24 h, and cell death was evaluated by measuring propidium iodide fluorescence. Exposure to KA resulted in neuronal death in the CA3 region, which was used as the 100% reference (vehicle-treated slices as control).	30129879	ext_13	C=C(C)[C@H]1CN[C@H](C(=O)O)[C@H]1CC(=O)O						neuronal cell death	injury_observed	100% (reference value), PI fluorescence in CA3 region									
pass	Pass: release delta, structure status, semantic fields, and support text checked; invalid source structures remain fail-closed.	clintox_send_v2_source_delta_review.v1	organ_specific_toxicity	invalid_source_smiles	CO[C@@H]1[C@H](O)[C@@H](CO)O[C@H]1c1cnc(=O)nc1=O	No chemically related effects were observed for the number of cells in mitosis from spermatogonia of rats fed FM for 5 wk.	201769	ext_140	CO[C@@H]1[C@H](O)[C@@H](CO)O[C@H]1c1cnc(=O)nc1=O						number of cells in mitosis	no_injury_observed										
pass	Pass: release delta, structure status, semantic fields, and support text checked; invalid source structures remain fail-closed.	clintox_send_v2_source_delta_review.v1	organ_specific_toxicity	retained_record	Nc1nnc(-c2cccc(Cl)c2Cl)c(N)n1	Lamotrigine (LTG) side-effects include ataxia, as reported in the summary table.	15842952	ext_30	Nc1nnc(-c2cccc(Cl)c2Cl)c(N)n1						ataxia	injury_observed										
pass	Pass: release delta, structure status, semantic fields, and support text checked; invalid source structures remain fail-closed.	clintox_send_v2_source_delta_review.v1	organ_specific_toxicity	new_record		Several fold increases of serum ALT activity was observed in rats given dexamethasone (100 mg/kg). Interestingly, the intra-hepatic ALT activity also increased several fold, but no histopathological evidence of hepatocellular necrosis was observed.	18455211	ext_30	C[C@@H]1C[C@H]2[C@@H]3CCC4=CC(=O)C=C[C@]4(C)[C@@]3(F)[C@@H](O)C[C@]2(C)[C@@]1(O)C(=O)CO						alanine aminotransferase increased	injury_observed	several fold increases of serum ALT activity									
pass	Pass: release delta, structure status, semantic fields, and support text checked; invalid source structures remain fail-closed.	clintox_send_v2_source_delta_review.v1	organ_specific_toxicity	invalid_source_smiles	C=CC1=C(C)/C(=C/c2nc(Cc3nc(/C=C4NC(=O)C(C)=C4C=C)c(C)c3CCC(=O)O)c(CCC(=O)O)c2C)NC1=O	Silberberg and Schutta (1967) reported that UCB adversely affects myelination in tissue cultures of rat cerebellum, while no discernible change was produced by the inactive photo-oxidized compound.	22707385	ext_4	C=CC1=C(C)/C(=C/c2nc(Cc3nc(/C=C4NC(=O)C(C)=C4C=C)c(C)c3CCC(=O)O)c(CCC(=O)O)c2C)NC1=O						myelination impairment	injury_observed										
pass	Pass: release delta, structure status, semantic fields, and support text checked; invalid source structures remain fail-closed.	clintox_send_v2_source_delta_review.v1	organ_specific_toxicity	retained_record	CCO	The ratio of Bax/Bcl2 mRNA expression in kidney showed no significant changes in group co-treated with ethanol and NSO (0.5 ml/kg) compared to ethanol group.	25859307	ext_30	CCO						pro-apoptotic gene expression ratio (no significant change compared to ethanol alone)	no_injury_observed	Bax/Bcl2 mRNA expression ratio not significantly different from ethanol group (P>0.05)									
pass	Pass: release delta, structure status, semantic fields, and support text checked; invalid source structures remain fail-closed.	clintox_send_v2_source_delta_review.v1	organ_specific_toxicity	new_record		When diluted 25 fold, the pY pattern was restored in sperm isolated from mice injected with the short residence time inhibitor TDI-10229.	36788210	ext_41	Cc1c(Cc2ccccc2)c(-c2cc(Cl)nc(N)n2)nn1C						sperm capacitation impairment (blocked tyrosine phosphorylation)	no_injury_observed	pY pattern restored									
pass	Pass: release delta, structure status, semantic fields, and support text checked; invalid source structures remain fail-closed.	clintox_send_v2_source_delta_review.v1	organ_specific_toxicity	invalid_source_smiles	C=CC1=C(C)/C(=C/c2nc(Cc3nc(/C=C4NC(=O)C(C)=C4C=C)c(C)c3CCC(=O)O)c(CCC(=O)O)c2C)NC1=O	In pure neuronal cultures incubated with 50 µM UCB and 100 µM HSA for 24 h, extracellular glutamate levels were significantly increased compared to control (P<0.01).	23283699	ext_20	C=CC1=C(C)/C(=C/c2nc(Cc3nc(/C=C4NC(=O)C(C)=C4C=C)c(C)c3CCC(=O)O)c(CCC(=O)O)c2C)NC1=O						extracellular glutamate increase	injury_observed	significant increase (P<0.01 vs control)									
pass	Pass: release delta, structure status, semantic fields, and support text checked; invalid source structures remain fail-closed.	clintox_send_v2_source_delta_review.v1	genotoxicity_carcinogenicity	direct_smiles_backfill		In an acute administration study in rats, p-chlorophenylalanine (p-Cl-Phe) significantly increased the DNA damage index in the cerebral cortex compared to control (mean ID 100.2 vs 11.75, p < 0.001), as measured by the comet assay.	24032682	ext_16	N[C@@H](Cc1ccc(Cl)cc1)C(=O)O									DNA damage (comet assay damage index)	positive							
pass	Pass: release delta, structure status, semantic fields, and support text checked; invalid source structures remain fail-closed.	clintox_send_v2_source_delta_review.v1	genotoxicity_carcinogenicity	changed_smiles	Cn1c2c(c(=O)n(C)c1=O)C(N)(c1ccc([N+](=O)[O-])cc1)C(C#N)=CO2	In Danio rerio erythrocytes exposed to atorvastatin (13 ng/L) for 5 days, the comet assay showed a significant increase in tail DNA % (treated: 50.47±9.19% vs untreated: 20.41±4.44%, P=0.003), indicating DNA damage.	20549636	ext_6	CC(C)c1c(C(=O)Nc2ccccc2)c(-c2ccccc2)c(-c2ccc(F)cc2)n1CC[C@@H](O)C[C@@H](O)CC(=O)O									DNA strand breaks (tail DNA %)	positive							
pass	Pass: release delta, structure status, semantic fields, and support text checked; invalid source structures remain fail-closed.	clintox_send_v2_source_delta_review.v1	genotoxicity_carcinogenicity	invalid_source_smiles		KP1019 induces Rad52-GFP focus formation (Fig. 4C). The foci are more prevalent in cells with buds (Fig. 4D). No significant cell death occurred within the time course of these experiments.	23090979	ext_14	[Cl][Ru-3]([Cl])([Cl])([Cl])([n+]1cc2ccccc2n1)[n+]1cc2ccccc2n1.c1ccc2n[nH+]cc2c1									Rad52-GFP focus formation (indicator of double-strand breaks)	positive							
pass	Pass: release delta, structure status, semantic fields, and support text checked; invalid source structures remain fail-closed.	clintox_send_v2_source_delta_review.v1	genotoxicity_carcinogenicity	retained_record	*	For compound A, the Mini-Ames assay with S9 was negative, as shown in Table 1 (row A, Mini-Ames +S9 column: '-' ).	22806210	ext_18	*									revertant mutations	negative							
pass	Pass: release delta, structure status, semantic fields, and support text checked; invalid source structures remain fail-closed.	clintox_send_v2_source_delta_review.v1	genotoxicity_carcinogenicity	direct_smiles_backfill		A genotoxic potential for GLY has been recently suggested by observations of DNA damage in other tissue. Exposure of mice to G0.25 increased ATM abundance but there was no impact of any higher GLY doses. There was also no effect of GLY exposure at any dose on ovarian abundance of γH2AX, indicating lack of an ovarian response to double-stranded DNA breaks, discounting GLY as a genotoxicant at the investigated GLY level of exposure.	32634520	ext_7	O=C(O)C[NH2+]CP(=O)(O)O									DNA double-strand breaks (via γH2AX)	negative							
pass	Pass: release delta, structure status, semantic fields, and support text checked; invalid source structures remain fail-closed.	clintox_send_v2_source_delta_review.v1	genotoxicity_carcinogenicity	changed_smiles	COc1ccccc1CN1CCC(CCC(=O)c2ccc(N3CCCC3)cc2)CC1	Peristianis et al. (1988) treated CF1 mice with pure DGEBPA (1% or 10% in acetone, 0.2 ml twice weekly for 2 years). The incidence of cutaneous tumors of the treated site or of the skin at all sites was not statistically significantly different from that of controls.	1410652	ext_150	CC(C)(c1ccc(OCC2CO2)cc1)c1ccc(OCC2CO2)cc1									cutaneous tumors (skin tumors at treated site and all skin sites)	negative							
pass	Pass: release delta, structure status, semantic fields, and support text checked; invalid source structures remain fail-closed.	clintox_send_v2_source_delta_review.v1	genotoxicity_carcinogenicity	invalid_source_smiles		We found that three different rat ES cell lines ... showed greatly increased aneuploidy when treated with source B CHIR99021 inhibitor while remaining relatively stable in the presence of source A CHIR99021.	24519175	ext_6	Cc1cnc(-c2cnc(NCCNc3ccc(C#N)cn3)nc2-c2ccc(Cl)cc2Cl)n1									aneuploidy (chromosome stability)	negative							
pass	Pass: release delta, structure status, semantic fields, and support text checked; invalid source structures remain fail-closed.	clintox_send_v2_source_delta_review.v1	genotoxicity_carcinogenicity	retained_record	*	In the comet assay on human leukocytes, sample A induced a significant increase in DNA damage starting from low doses (40 mg/L) in the range 20–140 mg/L.	22898309	ext_17	*									DNA strand breaks (DNA migration)	positive							
pass	Pass: release delta, structure status, semantic fields, and support text checked; invalid source structures remain fail-closed.	clintox_send_v2_source_delta_review.v1	genotoxicity_carcinogenicity	direct_smiles_backfill		Among 5 laboratories using bacterial repair assays, 4 found 2-naphthylamine positive and 3 found 1-naphthylamine positive.	6757743	ext_105	Nc1ccc2ccccc2c1									bacterial repair	mixed							
pass	Pass: release delta, structure status, semantic fields, and support text checked; invalid source structures remain fail-closed.	clintox_send_v2_source_delta_review.v1	genotoxicity_carcinogenicity	changed_smiles	CC(C)N(CCCN)/[N+]([O-])=N/[O-]	The results indicated that biliverdin was an effective anti-mutagen against all of the mutagens, being most effective against Trp-P-1 and Glu-P-2 (Table 1, entry 10). However, it was less effective than hemin, chlorophyllin and in some instances protoporphyrin, hemin's non-chelated precursor.	17602853	ext_47	C=CC1=C(C)c2cc3[nH]c(cc4nc(cc5[nH]c(cc1n2)c(C)c5CCC(=O)O)C(CCC(=O)O)=C4C)c(C)c3C=C									anti-mutagenic activity (inhibition of revertant mutations induced by amino acid pyrolysis products)	positive							
pass	Pass: release delta, structure status, semantic fields, and support text checked; invalid source structures remain fail-closed.	clintox_send_v2_source_delta_review.v1	genotoxicity_carcinogenicity	invalid_source_smiles	B.Cc1cccc(N)n1	α-Tocopherol (100 µM) prevented Photofrin-PDT-induced DNA strand breaks in HaCaT cells, as measured by the comet assay, although this concentration is higher than human serum levels.	14974722	ext_2	*C1=C(C)C2Cc3nc(c(C)c3C(C)OC(=O)CCc3c(C)/c4n/c3=CC3=N/C(=Cc5nc(c(C(C)OC(C)c6c7nc(c6C)/C=C6N=C(/C=c8n/c(c(C)c8CCC(=O)[O-])=CC8=NC(C7)C(C)=C8*)C(CCC(=O)[O-])=C6C)c5C)CC5N=C(/C=4)C(*)=C5C)C(C)=C3CCC(=O)[O-])/C=C3N=C(/C=c4n/c(c(C)c4CCC(=O)[O-])=CC1=N2)C(CCC(=O)[O-])=C3C.[Na+].[Na+].[Na+].[Na+].[Na+]									DNA strand breaks	negative							
pass	Pass: release delta, structure status, semantic fields, and support text checked; invalid source structures remain fail-closed.	clintox_send_v2_source_delta_review.v1	genotoxicity_carcinogenicity	retained_record	*	Eight of the 13 chemicals induce micronuclei in cultured human cells. Six chemicals have weight-of-evidence from both (Q)SAR predictions for clastogenicity and MN test data, i.e., Chemicals A, C, D, F, G, and H. Chemical A is among those that induce micronuclei.	31336127	ext_105	*									micronuclei	positive							
pass	Pass: release delta, structure status, semantic fields, and support text checked; invalid source structures remain fail-closed.	clintox_send_v2_source_delta_review.v1	genotoxicity_carcinogenicity	direct_smiles_backfill		AαC was observed to increase chromosome aberrations at 20 µg/ml, a concentration 6.25-fold lower than the clastogenic concentration (125 µg/ml with S9 mix).	1381474	ext_138	Nc1ccc2c(n1)[nH]c1ccccc12									chromosome aberrations (enhancement of induced chromosome aberrations)	positive							
pass	Pass: release delta, structure status, semantic fields, and support text checked; invalid source structures remain fail-closed.	clintox_send_v2_source_delta_review.v1	genotoxicity_carcinogenicity	changed_smiles	O=C1NC(=O)c2ccccc2/C1=C/Nc1ccc(CN2CCOCC2)cc1	For in vivo patient Iso1 (acne, treated with isotretinoin 8 mg/day), the comet assay at T24 (after 24 weeks of treatment) gave a tail length of 10.23 µm and a tail moment of 0.44% (mean values).	23318729	ext_24	CC1=C(/C=C/C(C)=C/C=C/C(C)=C\C(=O)O)C(C)(C)CCC1									tail moment								
pass	Pass: release delta, structure status, semantic fields, and support text checked; invalid source structures remain fail-closed.	clintox_send_v2_source_delta_review.v1	genotoxicity_carcinogenicity	invalid_source_smiles		Bentivenga and Bresnick (14) demonstrated that repair of O6-methylguanine (O6-Me-dG) by recombinant AGT in the context of codon 248 of the p53 gene was reduced by 75% when 5-methylcytosine (MeC) was placed immediately 5' to the O6-Me-dG lesion.	19531487	ext_5	COc1nc(N)nc2ncnc12									repair of O6-methylguanine (O6-Me-dG)	positive							
pass	Pass: release delta, structure status, semantic fields, and support text checked; invalid source structures remain fail-closed.	clintox_send_v2_source_delta_review.v1	genotoxicity_carcinogenicity	retained_record	*	Compound A führte zudem zu keinem vermehrten Auftreten von Chromosomenaberrationen und Mikrokernen.	9893886	ext_21	*									micronuclei	negative							
pass	Pass: release delta, structure status, semantic fields, and support text checked; invalid source structures remain fail-closed.	clintox_send_v2_source_delta_review.v1	genotoxicity_carcinogenicity	direct_smiles_backfill		We demonstrated that vitamins C and E recognized antioxidant and free radical scavengers, could reduce the DNA-damaging effect of STZ in normal and cancer cells. This conclusion is supported by the effect of the spin trap POBN, which also significantly reduced the effect of STZ. Ebselen significantly decreased the DNA-damaging effect of STZ in both normal and cancer cells at 10 µmol/L, but it increased this effect at 50 µmol/L.	15242184	ext_24	CN(N=O)C(=O)N[C@@H]1[C@@H](O)[C@H](O)[C@@H](CO)O[C@@H]1O									DNA damage	positive							
pass	Pass: release delta, structure status, semantic fields, and support text checked; invalid source structures remain fail-closed.	clintox_send_v2_source_delta_review.v1	genotoxicity_carcinogenicity	changed_smiles	Cc1cc(OCCOCc2ccccc2)cc(C)c1-c1cccc(COc2ccc(OCC(=O)O)c(F)c2)c1	In treated PKU patients, urinary 8-OHdG levels were negatively correlated with blood LC concentration.	26238931	ext_2	CC(C)C[C@H](N)C(=O)N[C@@H](CS)C(=O)O									urinary 8-OHdG levels	negative							
pass	Pass: release delta, structure status, semantic fields, and support text checked; invalid source structures remain fail-closed.	clintox_send_v2_source_delta_review.v1	genotoxicity_carcinogenicity	invalid_source_smiles		Amitrole did not induce aneuploidy in Drosophila (IARC, 1987).	2125330	ext_124	Nc1ncnn1									aneuploidy	negative							
pass	Pass: release delta, structure status, semantic fields, and support text checked; invalid source structures remain fail-closed.	clintox_send_v2_source_delta_review.v1	genotoxicity_carcinogenicity	retained_record	*	Compound A can interact with nuclear DNA because of its highly reactive nature and alkylating activity.	31393354	ext_7	*									DNA interaction/alkylation	positive							
pass	Pass: release delta, structure status, semantic fields, and support text checked; invalid source structures remain fail-closed.	clintox_send_v2_source_delta_review.v1	cellular_stress	direct_smiles_backfill		Resveratrol activates AMPK indirectly through inhibition of mitochondrial respiratory chains or ATP synthase, resulting in increased AMP/ATP and ADP/ATP ratios and subsequent AMPK activation.	31776997	ext_14	Oc1ccc(C=Cc2cc(O)cc(O)c2)cc1											stress_pathway_activation	induces_or_increases					
pass	Pass: release delta, structure status, semantic fields, and support text checked; invalid source structures remain fail-closed.	clintox_send_v2_source_delta_review.v1	cellular_stress	changed_smiles	CCCCc1c(-c2cc(OC)c(OC)c(OC)c2)c(=O)oc2cc(Cl)ccc12	In differentiated 3T3-L1 cells, arachidonic acid (AA) caused transient AMPK activation, as shown by increased phosphorylation and by phosphorylation of its target ACC on Ser79. This activation is expected from impaired mitochondrial energetics induced by AA.	15741651	ext_11	CCCCC/C=C\C/C=C\C/C=C\C/C=C\CCCC(=O)O											stress_pathway_activation	induces_or_increases					
pass	Pass: release delta, structure status, semantic fields, and support text checked; invalid source structures remain fail-closed.	clintox_send_v2_source_delta_review.v1	cellular_stress	invalid_source_smiles	CC(C)N(C(C)C)S(=O)(=O)c1ccc(C(=O)O)cc1	A dose- and time-dependent cell death by apoptosis was also evident in neurons, although with a ~30% increased susceptibility of neurons versus astrocytes (P > 0.01).	12032163	ext_11	C=CC1=C(C)/C(=C/c2nc(Cc3nc(/C=C4NC(=O)C(C)=C4C=C)c(C)c3CCC(=O)O)c(CCC(=O)O)c2C)NC1=O											apoptosis	induces_or_increases					
pass	Pass: release delta, structure status, semantic fields, and support text checked; invalid source structures remain fail-closed.	clintox_send_v2_source_delta_review.v1	cellular_stress	retained_record	*	AnnexinV/FITC-PI analysis showed that treatment with A did not induce cell death whereas treatment with B decreased the percentage of viable cells (Table 2).	24134853	ext_5	*											apoptosis	no_effect					
pass	Pass: release delta, structure status, semantic fields, and support text checked; invalid source structures remain fail-closed.	clintox_send_v2_source_delta_review.v1	cellular_stress	direct_smiles_backfill		Dihydroartemisinin (from Artemisia caruifolia) increases PRDX2-reactive oxygen species-mediated multiple signalling pathways in HCT116 and RKO cells.	40488304	ext_60	C[C@H]1[C@@H](O)O[C@@H]2O[C@]3(C)CC[C@H]4[C@H](C)CC[C@@H]1[C@]24OO3											ros_generation	induces_or_increases					
pass	Pass: release delta, structure status, semantic fields, and support text checked; invalid source structures remain fail-closed.	clintox_send_v2_source_delta_review.v1	cellular_stress	changed_smiles	[CH3][Cr]([CH3])([CH3])([CH3])(=[O])(=[O])([O-])([O-])[CH2]C1C=CC=C1	The authors state that in cultured human hepatocytes, remifentanil improves mitochondrial bioenergetics and prevents TNF-α-induced reduction of mitochondrial respiration. No specific dose or duration is provided in this statement.	23028840	ext_19	CCC(=O)N(c1ccccc1)C1(C(=O)OC)CCN(CCC(=O)OC)CC1											mitochondrial_dysfunction	reduces_or_protects					
pass	Pass: release delta, structure status, semantic fields, and support text checked; invalid source structures remain fail-closed.	clintox_send_v2_source_delta_review.v1	cellular_stress	invalid_source_smiles	B.C1CCC([NH2+]C2CCCCC2)CC1.C[P@@]([O-])C(C)(C)C	In humans with OA, TN dose-dependently increased CHOP expression and reduced XBP1 mRNA splicing in high concentrations resulting in extensive apoptosis, indicating TN induces ER stress.	27555371	ext_8	*C(=O)N[C@H]1[C@H](OC2O[C@H](*O)[C@@H](O)[C@H](O)[C@H]2NC(C)=O)O[C@H](C[C@@]([H])(O)[C@@]2([H])O[C@@H](n3ccc(=O)nc3=O)[C@H](O)[C@@H]2O)[C@H](O)[C@@H]1O											er_stress	induces_or_increases					
pass	Pass: release delta, structure status, semantic fields, and support text checked; invalid source structures remain fail-closed.	clintox_send_v2_source_delta_review.v1	cellular_stress	retained_record	*	EN A caused a significant reduction in TMRM intensity (mitochondrial membrane potential) at all tested concentrations, indicating mitochondrial dysfunction.	23867914	ext_96	*											mitochondrial_dysfunction	induces_or_increases					
pass	Pass: release delta, structure status, semantic fields, and support text checked; invalid source structures remain fail-closed.	clintox_send_v2_source_delta_review.v1	cellular_stress	direct_smiles_backfill		Compound 8 increased the percentage of apoptotic MCF-7 cells to 50±3% after 24 h incubation at 100 µM (p<0.005 vs control 10±4%).	28807721	ext_14	CN1CCN(Cc2[se]c3c(c2Br)c(=O)oc2ccccc23)CC1.Cl											apoptosis	induces_or_increases					
pass	Pass: release delta, structure status, semantic fields, and support text checked; invalid source structures remain fail-closed.	clintox_send_v2_source_delta_review.v1	cellular_stress	changed_smiles	O=C(c1ccccc1)C1(O)CCN(Cc2ccccc2)CC1	The local anesthetic bupivacaine was found to uncouple oxidative phosphorylation. Its uncoupling effect depends on the respiration state. At high concentration, bupivacaine inhibits the respiratory chain. Both bupivacaine enantiomers equally inhibit complex I activity and uncouple oxidative phosphorylation in rat heart mitochondria. Bupivacaine also inhibits acylcarnitine exchange in cardiac mitochondria.	11870261	ext_74	CCCCN1CCCCC1C(=O)Nc1c(C)cccc1C											mitochondrial_dysfunction	induces_or_increases					
pass	Pass: release delta, structure status, semantic fields, and support text checked; invalid source structures remain fail-closed.	clintox_send_v2_source_delta_review.v1	cellular_stress	invalid_source_smiles	CC(C)N(C(C)C)S(=O)(=O)c1ccc(C(=O)O)cc1	UCB can compromise integrity of BBB lining by disrupting glutathione (GSH) homeostasis and increasing endothelial nitric oxide synthase expression, followed by nitrite (NO) production and cytokine release (Palmela et al., 2011).	22661946	ext_1	C=CC1=C(C)/C(=C/c2nc(Cc3nc(/C=C4NC(=O)C(C)=C4C=C)c(C)c3CCC(=O)O)c(CCC(=O)O)c2C)NC1=O											oxidative_stress	induces_or_increases					
pass	Pass: release delta, structure status, semantic fields, and support text checked; invalid source structures remain fail-closed.	clintox_send_v2_source_delta_review.v1	cellular_stress	retained_record	*	The novel curcumin analog Compound A induced the generation of reactive oxygen species selectively in human cancer cells, which occurred upstream of mitochondrial collapse and execution of apoptosis.	28439094	ext_1	*											ros_generation	induces_or_increases					
pass	Pass: release delta, structure status, semantic fields, and support text checked; invalid source structures remain fail-closed.	clintox_send_v2_source_delta_review.v1	cellular_stress	direct_smiles_backfill		RSV treatment significantly increased ROS production in colon cancer cells (Fig. 6A). This effect was rescued by the fatty acid oxidation inhibitor etomoxir or a ROS scavenger (Fig. 6E, F), supporting the link between metabolic shift to fatty acid oxidation and oxidative stress.	27760368	ext_9	Oc1ccc(C=Cc2cc(O)cc(O)c2)cc1											ros_generation	induces_or_increases					
pass	Pass: release delta, structure status, semantic fields, and support text checked; invalid source structures remain fail-closed.	clintox_send_v2_source_delta_review.v1	cellular_stress	changed_smiles	O=C=C1OC1CCCC(=O)O	Celastrol (0.5, 1.0, 1.5 µM for 24 h) induced apoptosis in MDA-MB-231 cells, as shown by decreased Bcl-2, increased Bax, cytochrome c release, and activation of caspase-3 and PARP measured by western blot. The authors conclude that celastrol induces apoptosis by disrupting mitochondrial function and inhibiting PI3K/Akt signaling (paragraph 89).	25818165	ext_16	CC1=C(O)C(=O)C=C2C1=CC=C1[C@@]2(C)CC[C@@]2(C)[C@@H]3C[C@](C)(C(=O)O)CC[C@]3(C)CC[C@]12C											apoptosis	induces_or_increases					
pass	Pass: release delta, structure status, semantic fields, and support text checked; invalid source structures remain fail-closed.	clintox_send_v2_source_delta_review.v1	cellular_stress	invalid_source_smiles		Cells were treated with caulerpin for 24 h and analyzed by flow cytometry. A. The change of ΔΨM was determined using JC-1 staining. B. The JC-1 ratio of green monomers/red aggregates vs. blank control is summarized. Mean ± SD (n=3). *p<0.05 vs. control. This indicates that caulerpin decreased mitochondrial membrane potential in LOVO and SW480 cells.	27922662	ext_13	COC(=O)/C1=C/c2c(nc3ccccc23)/C(C(=O)OC)=Cc2c1nc1ccccc21											mitochondrial_dysfunction	induces_or_increases					
pass	Pass: release delta, structure status, semantic fields, and support text checked; invalid source structures remain fail-closed.	clintox_send_v2_source_delta_review.v1	cellular_stress	retained_record	*	Induction of Bim in U2OS_Bim cells caused robust ROS generation that was blocked by compound A (Figure 4D). Compound A blocks apoptosis by protecting the integrity of the ETC, which would otherwise be compromised following Bax/Bak activation, and the disruption of the ETC would generate a burst of ROS.	27447985	ext_11	*											ros_generation	reduces_or_protects					
pass	Pass: release delta, structure status, semantic fields, and support text checked; invalid source structures remain fail-closed.	clintox_send_v2_source_delta_review.v1	cellular_stress	direct_smiles_backfill		OPC-163493 treatment caused a significant increment of the AMP/ATP ratio as expected, in both in vitro and in vivo studies. We also confirmed AMPK activation by OPC-163493 in HepG2 cells.	31092829	ext_17	Cc1sc(-c2ccc(C(F)(F)F)cc2)nc1-c1n[nH]nc1C#N											stress_pathway_activation	induces_or_increases					
pass	Pass: release delta, structure status, semantic fields, and support text checked; invalid source structures remain fail-closed.	clintox_send_v2_source_delta_review.v1	cellular_stress	changed_smiles	COc1cc(OCc2ccccc2)c2c(c1)oc(=O)c1c3cc(OCc4ccccc4)c(OCc4ccccc4)cc3oc21	TBHP exposure altered the Bcl-2/Bad ratio, leading to reduction in mitochondrial membrane potential, release of cytochrome C, and activation of cleaved caspase 3.	21391895	ext_33	CC(C)(C)OO											mitochondrial_dysfunction	induces_or_increases					
pass	Pass: release delta, structure status, semantic fields, and support text checked; invalid source structures remain fail-closed.	clintox_send_v2_source_delta_review.v1	cellular_stress	invalid_source_smiles	CC(C)N(C(C)C)S(=O)(=O)c1ccc(C(=O)O)cc1	Exposure of HBMEC to 100 µM UCB (with 100 µM human serum albumin) for 48 h significantly increased apoptosis (percentage of apoptotic nuclei) compared to control (P < 0.001), as shown in Figure 1 and described in the results.	25821432	ext_6	C=CC1=C(C)/C(=C/c2nc(Cc3nc(/C=C4NC(=O)C(C)=C4C=C)c(C)c3CCC(=O)O)c(CCC(=O)O)c2C)NC1=O											apoptosis	induces_or_increases					
pass	Pass: release delta, structure status, semantic fields, and support text checked; invalid source structures remain fail-closed.	clintox_send_v2_source_delta_review.v1	cellular_stress	retained_record	*	Chalcone A arrested cells in the M phase through the increase of CDK1/cyclin B complex, leading to caspase-dependent apoptosis. This is supported by Fig 4 data showing higher levels at 24 h decreasing to 72 h.	24134853	ext_36	*											apoptosis	induces_or_increases					
pass	Pass: release delta, structure status, semantic fields, and support text checked; invalid source structures remain fail-closed.	clintox_send_v2_source_delta_review.v1	general_cytotoxicity	direct_smiles_backfill		Compound 4a was tested against RWPE-1 primary normal cells and was not active up to 10 µM.	16078840	ext_96	Clc1ccc(-c2noc(-c3sccc3Cl)n2)cc1													qualitative_cytotoxicity				
pass	Pass: release delta, structure status, semantic fields, and support text checked; invalid source structures remain fail-closed.	clintox_send_v2_source_delta_review.v1	general_cytotoxicity	changed_smiles	O=C(NC1=N[C@@]2(c3cc(Br)cs3)CNC[C@H]2CS1)c1ccccc1	Tamoxifen exhibited an IC50 of 10.08 µM against A549 cell line in the cytotoxicity assay (Table 1).	31884407	ext_101	CC/C(=C(\c1ccccc1)c1ccc(OCCN(C)C)cc1)c1ccccc1													IC50	10.08	µM		
pass	Pass: release delta, structure status, semantic fields, and support text checked; invalid source structures remain fail-closed.	clintox_send_v2_source_delta_review.v1	general_cytotoxicity	invalid_source_smiles		Table 2 shows temoporfin had an EC50 of 0.045 ± 0.007 µM on HeLa cells under irradiation.	27682881	ext_31	OC1=CC=CC(=C1)C-1=C2\CCC(=N2)\C(=C2/N\C(\C=C2)=C(/C2=N/C(/C=C2)=C(\C2=CC=C\-1N2)C1=CC(O)=CC=C1)C1=CC(O)=CC=C1)\C1=CC(O)=CC=C1													EC50	0.045	µM		
pass	Pass: release delta, structure status, semantic fields, and support text checked; invalid source structures remain fail-closed.	clintox_send_v2_source_delta_review.v1	general_cytotoxicity	retained_record	*	PIH was not toxic toward EPA-loaded K562 cells at concentrations as high as 500 µM after 48 h incubation, as measured by the MTS assay.	14678779	ext_35	*													qualitative_cytotoxicity				
pass	Pass: release delta, structure status, semantic fields, and support text checked; invalid source structures remain fail-closed.	clintox_send_v2_source_delta_review.v1	general_cytotoxicity	direct_smiles_backfill		Table in paragraph 23 shows that the D10 of HMAF for LNCaP-LN3 cells is 1.8 μM, defined as the drug concentration that reduces survival after 4 h treatment to 10% as determined by a colony formation assay.	11023607	ext_4	C[Si](C)(C)c1ccc(N)cc1													other_icx_gix	1.8	μM		
pass	Pass: release delta, structure status, semantic fields, and support text checked; invalid source structures remain fail-closed.	clintox_send_v2_source_delta_review.v1	general_cytotoxicity	changed_smiles	CC1(C)C=CSC1c1cccs1	In the annexin V-FITC/PI assay, MCF-7 cells treated with compound 27 at 2.0 µM for 24 h showed early apoptosis of 5.33% compared to untreated cells (paragraph 20).	35955929	ext_13	C=CCNc1nnc(-c2cc(-c3nnc(NCC=C)s3)cc(-c3nnc(NCC=C)s3)c2)s1													cell_death_percent	5.33	%		
pass	Pass: release delta, structure status, semantic fields, and support text checked; invalid source structures remain fail-closed.	clintox_send_v2_source_delta_review.v1	general_cytotoxicity	invalid_source_smiles	B.Cc1cccc(N)n1	From Table 2, SKOV-3 cells treated with 8 µM Photofrin II® encapsulated in Pluronic P123 micelles (weight ratio 0.83) for 24 h without irradiation had an apoptotic index of 0.41 ± 0.02 by TUNEL assay.	25449154	ext_8	*C1=C(C)C2Cc3nc(c(C)c3C(C)OC(=O)CCc3c(C)/c4n/c3=CC3=N/C(=Cc5nc(c(C(C)OC(C)c6c7nc(c6C)/C=C6N=C(/C=c8n/c(c(C)c8CCC(=O)[O-])=CC8=NC(C7)C(C)=C8*)C(CCC(=O)[O-])=C6C)c5C)CC5N=C(/C=4)C(*)=C5C)C(C)=C3CCC(=O)[O-])/C=C3N=C(/C=c4n/c(c(C)c4CCC(=O)[O-])=CC1=N2)C(CCC(=O)[O-])=C3C.[Na+].[Na+].[Na+].[Na+].[Na+]													other_quantitative	0.41			
pass	Pass: release delta, structure status, semantic fields, and support text checked; invalid source structures remain fail-closed.	clintox_send_v2_source_delta_review.v1	general_cytotoxicity	retained_record	*	The Fas-resistant SK-N-MC clone showed 1.5% death (95% CI = 0.3%–2.6%) when treated with 10 µM BB-3103, in contrast to the parental cell line (P<.001).	10511596	ext_11	*													cell_death_percent	1.5	%		
pass	Pass: release delta, structure status, semantic fields, and support text checked; invalid source structures remain fail-closed.	clintox_send_v2_source_delta_review.v1	general_cytotoxicity	direct_smiles_backfill		In the MTT assay on K562 cells, compound 1 showed 20.6% inhibition of proliferation at 25 μg/mL (Table 4).	22611354	ext_18	COc1cccc2c(=O)oc3cc(C)cc(O)c3c(=O)c12													proliferation_inhibition_percent	20.6	%		
pass	Pass: release delta, structure status, semantic fields, and support text checked; invalid source structures remain fail-closed.	clintox_send_v2_source_delta_review.v1	general_cytotoxicity	changed_smiles	CCC(CO)C(C)/C=C/C(C)(C)C	In the table, free sclareol exhibited an LC50 of 86.0 µM against DU145 (prostate) cells after 48 h incubation.	21620827	ext_125	C=C[C@](C)(O)CC[C@@H]1[C@@]2(C)CCCC(C)(C)[C@@H]2CC[C@@]1(C)O													other_icx_gix	86	µM		
pass	Pass: release delta, structure status, semantic fields, and support text checked; invalid source structures remain fail-closed.	clintox_send_v2_source_delta_review.v1	general_cytotoxicity	invalid_source_smiles		In the cytotoxicity screen for KP1339, the p53-deleted subline HCT116/p53ko was characterized by enhanced KP1339 sensitivity with IC50 ≤ 50 µM.	28716523	ext_5	[Cl][Ru-3]([Cl])([Cl])([Cl])([n+]1cc2ccccc2n1)[n+]1cc2ccccc2n1.[Na+]													IC50	50	µM		
pass	Pass: release delta, structure status, semantic fields, and support text checked; invalid source structures remain fail-closed.	clintox_send_v2_source_delta_review.v1	general_cytotoxicity	retained_record	*	MTT assay showed that TMP-Cu displayed relatively high cytotoxic activity against Hep-G2 cancer cells, and high selectivity between human hepatocellular carcinoma cells (Hep-G2) and normal HL-7702 cells, in comparison to TMP-Co and cisplatin.	30669066	ext_1	*													qualitative_cytotoxicity				
pass	Pass: release delta, structure status, semantic fields, and support text checked; invalid source structures remain fail-closed.	clintox_send_v2_source_delta_review.v1	general_cytotoxicity	direct_smiles_backfill		Table 1 lists the AP-1 luciferase IC50 for compound 3 as 37.5 µg/ml in SW620 cells after 24-h co-treatment with TPA.	17510524	ext_17	Cc1c(C=CC=O)cccc1C(=O)O													IC50	37.5	µg/ml		
pass	Pass: release delta, structure status, semantic fields, and support text checked; invalid source structures remain fail-closed.	clintox_send_v2_source_delta_review.v1	general_cytotoxicity	changed_smiles	CC1CCCCN(C(=O)O)C1=O	Pattayil et al. (2019) reported an IC50 of 5.98 mM for sodium butyrate after 72 h of treatment in HCT-116 cells.	39859117	ext_14	CCCC(=O)[O-].[Na+]													IC50	5.98	mM		
pass	Pass: release delta, structure status, semantic fields, and support text checked; invalid source structures remain fail-closed.	clintox_send_v2_source_delta_review.v1	general_cytotoxicity	invalid_source_smiles		Cells exposed to BLM A₂ for 5 h showed that cell number was decreased at concentrations of 70 µM or more.	2411288	ext_6	[H][C@](C)(NC(=O)[C@@]([H])(NC(=O)c1nc([C@H](CC(N)=O)NC[C@H](N)C(N)=O)nc(N)c1C)[C@@]([H])(O[C@@H]1O[C@@H](CO)[C@@H](O)[C@H](O)[C@@H]1O[C@H]1O[C@H](CO)[C@@H](O)[C@H](OC(N)=O)[C@@H]1O)c1cncn1)[C@@H](O)[C@H](C)C(=O)N[C@]([H])(C(=O)NCCc1nc(-c2nc(C(=O)NCCC[S+](C)C)cs2)cs1)[C@@]([H])(C)O													qualitative_cytotoxicity				
pass	Pass: release delta, structure status, semantic fields, and support text checked; invalid source structures remain fail-closed.	clintox_send_v2_source_delta_review.v1	general_cytotoxicity	retained_record	*	Table 1 shows IC50 values: Complex 1 on U87 = 72.21 ± 1.8 µM after 72 h incubation by MTT assay, determined by three independent experiments.	33900532	ext_14	*													IC50	72.21	µM		
pass	Pass: release delta, structure status, semantic fields, and support text checked; invalid source structures remain fail-closed.	clintox_send_v2_source_delta_review.v1	general_cytotoxicity	direct_smiles_backfill		In Table 1 (paragraph [p:21]), for B16 cells pre-treated with 5 mM DFMO (B16+DFMO), the IC50 value for compound 2e is 1.31 ± 0.01 µM, reported as mean ± SD from three independent experiments.	18539036	ext_32	CCCNCCCNCCCCNCc1c2ccccc2cc2ccccc12													IC50	1.31	µM		
pass	Pass: release delta, structure status, semantic fields, and support text checked; invalid source structures remain fail-closed.	clintox_send_v2_source_delta_review.v1	general_cytotoxicity	changed_smiles	CCC(CO)C(C)/C=C/C(C)(C)C	The results revealed that sclareol induced dose- and time-dependent growth inhibition of MG63 cancer cells with an IC50 value of 65.2 µM following a 12-h incubation.	25672419	ext_1	C=C[C@](C)(O)CC[C@@H]1[C@@]2(C)CCCC(C)(C)[C@@H]2CC[C@@]1(C)O													IC50	65.2	µM		
pass	Pass: release delta, structure status, semantic fields, and support text checked; invalid source structures remain fail-closed.	clintox_send_v2_source_delta_review.v1	general_cytotoxicity	invalid_source_smiles		CMG002 alone inhibited growth of A2780cis xenografts by 60% (p < 0.05) compared with vehicle.	30686552	ext_25	O=C(O)CNc1nc(=O)c2ncn([C@@H]3O[C@H](CO)[C@@H](O)[C@H]3O)c2n1													proliferation_inhibition_percent	60	%		
pass	Pass: release delta, structure status, semantic fields, and support text checked; invalid source structures remain fail-closed.	clintox_send_v2_source_delta_review.v1	general_cytotoxicity	retained_record	*	In Table 1, the IC50 of Compound A against U-118MG (brain) is 8300 nM after 3-day treatment measured by WST-8 assay.	20372067	ext_56	*													IC50	8300	nM		
pass	Pass: release delta, structure status, semantic fields, and support text checked; invalid source structures remain fail-closed.	clintox_send_v2_source_delta_review.v1	off_target_ddi_exposure	direct_smiles_backfill		Disposition of radioactivity 72 h after oral dose of [14C]kawain (100 mg/kg) to male F-344 rats: Brain had 0.0003 ± 0.0000% of dose.	16033948	ext_49	COC1=CC(=O)O[C@@H](/C=C/c2ccccc2)C1														0.0003 ± 0.0000	%	Brain	percentage of dose in total tissue
pass	Pass: release delta, structure status, semantic fields, and support text checked; invalid source structures remain fail-closed.	clintox_send_v2_source_delta_review.v1	off_target_ddi_exposure	changed_smiles	Cc1cc(N=NCC(=O)[O-])ccc1Br	The no observed adverse effect level (NOAEL) in beagle dogs was considered to be 150 mg/kg/day (75 mg/kg/dose, BID) for 5-day oral gavage administration of CMX990.	38335279	ext_160	CC(C)C[C@@H](O)C(=O)N1CC2(CC2)C[C@H]1C(=O)N[C@@H](C[C@@H]1CCNC1=O)C(=O)COC(F)(F)F														150 mg/kg/day (75 mg/kg/dose, BID)		NOAEL	NOAEL dose
pass	Pass: release delta, structure status, semantic fields, and support text checked; invalid source structures remain fail-closed.	clintox_send_v2_source_delta_review.v1	off_target_ddi_exposure	invalid_source_smiles		Tubulosine was predicted by SwissADME, pkCSM, and AdmetSAR to be an inhibitor of CYP2D6.	36676959	ext_13	[H][C@]1(C[C@@]2([H])NCCc3c2nc2ccc(O)cc32)C[C@@]2([H])c3cc(OC)c(OC)cc3CCN2C[C@@H]1CC														inhibitor		CYP2D6	inhibition status
pass	Pass: release delta, structure status, semantic fields, and support text checked; invalid source structures remain fail-closed.	clintox_send_v2_source_delta_review.v1	off_target_ddi_exposure	retained_record	*	In Table 1, pharmacokinetic parameters of S-40542 in male mice after single oral administration at 100 mg/kg: AUC = 6926 ± 3046 ng·h/mL (mean ± SD, n=3).	26663247	ext_14	*														6926 ± 3046	ng·h/mL	AUC	area under the plasma concentration-time curve from zero to infinity
pass	Pass: release delta, structure status, semantic fields, and support text checked; invalid source structures remain fail-closed.	clintox_send_v2_source_delta_review.v1	off_target_ddi_exposure	direct_smiles_backfill		Coadministration of warfarin (25 mg) did not significantly alter riociguat AUCτ,ss, with an estimated ratio of 96%.	29086344	ext_26	COC(=O)N(C)c1c(N)nc(-c2nn(Cc3ccccc3F)c3ncccc23)nc1N														96	%	AUCτ,ss (riociguat)	estimated ratio
pass	Pass: release delta, structure status, semantic fields, and support text checked; invalid source structures remain fail-closed.	clintox_send_v2_source_delta_review.v1	off_target_ddi_exposure	changed_smiles	O=C1c2ccccc2C(=Cc2cccs2)N1Cc1ccccc1Br	Vitamin K1 (phylloquinone) showed a Ki of 24 µM toward P450A1-dependent 7-ethoxycoumarin O-deethylation, with competitive inhibition (Table in paragraph 12).	10462515	ext_11	CC1=C(C/C=C(\C)CCC[C@H](C)CCC[C@H](C)CCCC(C)C)C(=O)c2ccccc2C1=O														24	µM	P450A1 (CYP1A1)	Ki
pass	Pass: release delta, structure status, semantic fields, and support text checked; invalid source structures remain fail-closed.	clintox_send_v2_source_delta_review.v1	off_target_ddi_exposure	invalid_source_smiles		hERG blockade was voltage dependent for all of the compounds, including ibogaine, noribogaine, voacangine, and 18-MC, consistent with low-affinity blockade.	25636206	ext_6	[H][C@@]12C[C@H](CC)[C@]3([H])[N@@](CCc4c(nc5ccc(OC)cc45)[C@]3([H])C1)C2														consistent with low-affinity blockade		hERG	voltage-dependent blockade
pass	Pass: release delta, structure status, semantic fields, and support text checked; invalid source structures remain fail-closed.	clintox_send_v2_source_delta_review.v1	off_target_ddi_exposure	retained_record	*	Rats given 200 mg of compound A/kg had slight increases in the activity of AST that were consistent with histologic evidence of hepatocellular injury.	17523085	ext_7	*														slight increase		Aspartate aminotransferase activity	activity
pass	Pass: release delta, structure status, semantic fields, and support text checked; invalid source structures remain fail-closed.	clintox_send_v2_source_delta_review.v1	off_target_ddi_exposure	direct_smiles_backfill		In the PK table (paragraph 38), for subject 010-04 (120 mg, Cycle 1, Day 15, solution, plasma), the T1/2 was 2.08 hr.	35579731	ext_36	O=C(Cc1ccc(-c2ccc(OCCN3CCOCC3)cc2)cn1)NCc1ccccc1														2.08	hr	T1/2	T1/2
pass	Pass: release delta, structure status, semantic fields, and support text checked; invalid source structures remain fail-closed.	clintox_send_v2_source_delta_review.v1	off_target_ddi_exposure	changed_smiles	CC(=NO)C(C)=NO.c1c[nH]cn1	Table 3 reports that in the current study, romidepsin 17.7 mg/m² on day 1 in patients receiving EIAEDs had a CpSS of 441 ng/mL.	21377994	ext_8	C/C=C1\NC(=O)[C@H]2CSSCC/C=C/[C@H](CC(=O)N[C@H](C(C)C)C(=O)N2)OC(=O)[C@H](C(C)C)NC1=O														441	ng/mL		CpSS
pass	Pass: release delta, structure status, semantic fields, and support text checked; invalid source structures remain fail-closed.	clintox_send_v2_source_delta_review.v1	off_target_ddi_exposure	invalid_source_smiles		In Table 1 (day without haemodialysis), for KRN 1493 at 100 mg dose, the median Cmax was 21.1 ng ml-1 (min 14.1, max 63.0).	15151518	ext_15	[H]N[C@@H](CO)C(=O)N[C@H](C(=O)N[C@@H](CO)C(=O)N[C@@H](CCC(=O)O)C(=O)N[C@H](C(=O)N[C@@H](CCC(N)=O)C(=O)N[C@@H](CC(C)C)C(=O)N[C@@H](CCSC)C(=O)N[C@@H](Cc1cncn1)C(=O)N[C@@H](CC(N)=O)C(=O)N[C@@H](CC(C)C)C(=O)NCC(=O)N[C@@H](CCCCN)C(=O)N[C@@H](Cc1cncn1)C(=O)N[C@@H](CC(C)C)C(=O)N[C@@H](CC(N)=O)C(=O)N[C@@H](CO)C(=O)N[C@@H](CCSC)C(=O)N[C@@H](CCC(=O)O)C(=O)N[C@@H](CCCNC(=N)N)C(=O)N[C@H](C(=O)N[C@@H](CCC(=O)O)C(=O)N[C@@H](Cc1cnc2ccccc12)C(=O)N[C@@H](CC(C)C)C(=O)N[C@@H](CCCNC(=N)N)C(=O)N[C@@H](CCCCN)C(=O)N[C@@H](CCCCN)C(=O)N[C@@H](CC(C)C)C(=O)N[C@@H](CCC(N)=O)C(=O)N[C@@H](CC(=O)O)C(=O)N[C@H](C(=O)N[C@@H](Cc1cncn1)C(=O)N[C@@H](CC(N)=O)C(=O)N[C@@H](Cc1ccccc1)C(=O)O)C(C)C)C(C)C)[C@@H](C)CC)C(C)C														21.1 (14.1, 63.0)	ng ml-1	Cmax	Cmax
pass	Pass: release delta, structure status, semantic fields, and support text checked; invalid source structures remain fail-closed.	clintox_send_v2_source_delta_review.v1	off_target_ddi_exposure	retained_record	*	In Table 1, pharmacokinetic parameters of S-40542 in male mice after single oral administration at 30 mg/kg: Tmax = 0.33 ± 0.14 h (mean ± SD, n=3).	26663247	ext_7	*														0.33 ± 0.14	h	Tmax	time to reach maximum plasma concentration
pass	Pass: release delta, structure status, semantic fields, and support text checked; invalid source structures remain fail-closed.	clintox_send_v2_source_delta_review.v1	off_target_ddi_exposure	direct_smiles_backfill		Compound 59 was profiled at 2 µM against a panel of 46 kinases and found to inhibit only ROCK-I, ROCK-II, MSK1, and PRK2 with >25% inhibition.	26486225	ext_1	COc1cccc(CC(=O)Nc2cc(-c3ccncc3)cs2)c1														>25% inhibition at 2 µM for ROCK-I, ROCK-II, MSK1, and PRK2		broad kinase panel (46 kinases)	percent inhibition threshold
pass	Pass: release delta, structure status, semantic fields, and support text checked; invalid source structures remain fail-closed.	clintox_send_v2_source_delta_review.v1	off_target_ddi_exposure	changed_smiles	CCCCN(Cc1ccc(N2CCN(C(=O)OC(C)(C)C)CC2)cc1)C(=O)c1ccc(S(=O)(=O)Nc2ccccc2)cc1	Compound 4e had an IC50 of 5.69 × 10-9 M against AHH activity.	22414679	ext_22	CC(=O)NN1C(=O)C(Cc2ccccc2)=NN2C1=NN(C(C)=O)C2(C)c1ccc(Cl)cc1														5.69 × 10-9	M	AHH	IC50
pass	Pass: release delta, structure status, semantic fields, and support text checked; invalid source structures remain fail-closed.	clintox_send_v2_source_delta_review.v1	off_target_ddi_exposure	invalid_source_smiles		A single oral dose of mitragynine administered to dogs (80 mg/kg) produced no adverse effects, including respiratory depression.	37286363	ext_28	[H][C@@]12C[C@H](/C(=COC)C(=O)OC)[C@H](CC)CN1CCc1c2nc2cccc(OC)c12														No adverse effects including respiratory depression at 80 mg/kg		General toxicity	NOAEL
pass	Pass: release delta, structure status, semantic fields, and support text checked; invalid source structures remain fail-closed.	clintox_send_v2_source_delta_review.v1	off_target_ddi_exposure	retained_record	*	Compound A, a new chemical entity under development, has a reported plasma protein binding of 99.95% (listed among its physicochemical properties: molecular weight 564.64, pKa 4.4, LogP 6.5, and anionic character).	28465151	ext_5	*														99.95	%	plasma protein binding	percent bound
pass	Pass: release delta, structure status, semantic fields, and support text checked; invalid source structures remain fail-closed.	clintox_send_v2_source_delta_review.v1	off_target_ddi_exposure	direct_smiles_backfill		Table 1 shows that for Tc-Q63 in KB 8-5 cells, GF120918 had an EC50 of 0.034 μM for enhancing cellular accumulation.	9369495	ext_19	COc1cc2c(cc1OC)CN(CCc1ccc(NC(=O)c3cccc4c(=O)c5cccc(OC)c5[nH]c34)cc1)CC2														0.034	μM	MDR1	EC50
pass	Pass: release delta, structure status, semantic fields, and support text checked; invalid source structures remain fail-closed.	clintox_send_v2_source_delta_review.v1	off_target_ddi_exposure	changed_smiles	CN1C=NC(=Cc2sc3ccccc3[n+]2C)c2c1ncn2C	Current amplitude and V1/2 of activation of wild-type and K897T HERG channels were not affected when 200 µM fexofenadine was present during forskolin treatment of HERG-expressing oocytes (n=5).	12411421	ext_3	CC(C)(C(=O)O)c1ccc(C(O)CCCN2CCC(C(O)(c3ccccc3)c3ccccc3)CC2)cc1														no significant effect		hERG (wild-type and K897T variant)	functional effect on current amplitude and V1/2
pass	Pass: release delta, structure status, semantic fields, and support text checked; invalid source structures remain fail-closed.	clintox_send_v2_source_delta_review.v1	off_target_ddi_exposure	invalid_source_smiles		In the triple probe combination with DiOC2(3), eFluxx-ID Gold, and pheophorbide A in CHO K1 cells, dark red (FL3/PerCP) fluorescence remained bright only when cyclosporine A (general MDR inhibitor) or fumitremorgin C (BCRP inhibitor) were present, indicating that both compounds inhibit BCRP-mediated efflux of pheophorbide A.	21799851	ext_16	[H][C@@]12CCCN1C(=O)[C@]1([H])Cc3c(nc4cc(OC)ccc34)[C@H](C=C(C)C)N1C2=O														positive		BCRP	bright dark red fluorescence observed
pass	Pass: release delta, structure status, semantic fields, and support text checked; invalid source structures remain fail-closed.	clintox_send_v2_source_delta_review.v1	off_target_ddi_exposure	retained_record	*	The percent unbound in monkey plasma was 2.1 ± 0.1 at 2 µM compound A (mean ± half-range or SD, n = 2–3).	16393860	ext_8	*														2.1 ± 0.1	%	plasma protein binding	percent unbound in plasma
