split	benchmark	task	selection	profile	queries	macro_f1	accuracy	selection_manifest	selection_sha256	source_batch
test	gold_v1	bbb_martins	direct	ga125_mc010_label010	393	0.666929	0.748092	outputs/analysis/record_selection/luna_bbb_oral_20260924_v1/gold_bbb_direct_test/direct/ga125_mc010_label010/bbb_martins/manifest.json	c98741f3062fb05cb8c7eae35f6aac9395ddac652640ade7355792a563a7d01b	outputs/paper/assay_transfer_harness/joseph/_batches/luna_bbb_oral_gold_direct_frozen_test_20260925_v1/ga125_mc010_label010/with_query_prior/k10_m0_20260925_005144/bbb_martins/bbb_martins__ga125_mc010_label010
test	gold_v1	bbb_martins	direct_plus_indirect	ga100_mc025_sr050_sd025_ld010	393	0.72261	0.816794	outputs/analysis/record_selection/luna_bbb_oral_20260924_v1/gold_bbb_indirect_test/mixed/ga100_mc025_sr050_sd025_ld010/bbb_martins/manifest.json	6992c85afb43e347a17555ab5244fb4d16f062860735352d61439d91994145e7	outputs/paper/assay_transfer_harness/joseph/_batches/luna_bbb_oral_gold_indirect_frozen_test_20260925_v1/ga100_mc025_sr050_sd025_ld010/with_query_prior/k10_m0_20260925_005550/bbb_martins/bbb_martins__ga100_mc025_sr050_sd025_ld010
test	gold_v1	bioavailability_ma	direct	ga100_mc010_label025	269	0.760093	0.832714	outputs/analysis/record_selection/luna_bbb_oral_20260924_v1/gold_oral_direct_test/direct/ga100_mc010_label025/bioavailability_ma/manifest.json	10389b752faa62e7a70a7915412ab05063f3532d5c108178108f4ed0da9c4717	outputs/paper/assay_transfer_harness/joseph/_batches/luna_bbb_oral_gold_direct_frozen_test_20260925_v1/ga100_mc010_label025/with_query_prior/k10_m0_20260925_005144/bioavailability_ma/bioavailability_ma__ga100_mc010_label025
test	gold_v1	bioavailability_ma	direct_plus_indirect	ga075_mc010_sr025_sd010_ld025	269	0.856127	0.884758	outputs/analysis/record_selection/luna_bbb_oral_20260924_v1/gold_oral_indirect_test/mixed/ga075_mc010_sr025_sd010_ld025/bioavailability_ma/manifest.json	dea7caafaadc533c92b936d38e176e7e3f7a440391144aa6f3bd737ce63dde32	outputs/paper/assay_transfer_harness/joseph/_batches/luna_bbb_oral_gold_indirect_frozen_test_20260925_v1/ga075_mc010_sr025_sd010_ld025/with_query_prior/k10_m0_20260925_005550/bioavailability_ma/bioavailability_ma__ga075_mc010_sr025_sd010_ld025
test	tdc_v2	bbb_martins	direct	ga100_mc025_label010	406	0.828823	0.884236	outputs/analysis/record_selection/luna_bbb_oral_20260924_v1/tdc_bbb_direct_test/direct/ga100_mc025_label010/bbb_martins/manifest.json	752aae06a49a52ba0386a94fa65fcc94ace26abef7d75105f504229e66fa20e8	outputs/paper/assay_transfer_harness/joseph/_batches/luna_bbb_oral_tdc_v2_direct_frozen_test_20260925_v1/ga100_mc025_label010/with_query_prior/k10_m0_20260925_010035/bbb_martins/bbb_martins__ga100_mc025_label010
test	tdc_v2	bbb_martins	direct_plus_indirect	ga075_mc010_sr010_sd010_ld010_rd010	406	0.84633	0.908867	outputs/analysis/record_selection/luna_bbb_oral_20260924_v1/tdc_bbb_indirect_test/selection/manifest.json	2953bdde1d33a81555de488e0857d5908b73074b1b5219e0bed97c875fceaed2	outputs/paper/assay_transfer_harness/joseph/_batches/luna_bbb_oral_tdc_v2_indirect_frozen_test_20260925_v1/ga075_mc010_sr010_sd010_ld010_rd010/with_query_prior/k10_m0_20260925_010350/bbb_martins/bbb_martins__ga075_mc010_sr010_sd010_ld010_rd010
test	tdc_v2	bioavailability_ma	direct	ga075_mc010_label025	128	0.718372	0.8125	outputs/analysis/record_selection/luna_bbb_oral_20260924_v1/tdc_oral_direct_test/direct/ga075_mc010_label025/bioavailability_ma/manifest.json	8e3cae11f1c6f63fd0fb61f95d17f629e94fbee7969f4d18f0a26f03d20da7a8	outputs/paper/assay_transfer_harness/joseph/_batches/luna_bbb_oral_tdc_v2_direct_frozen_test_20260925_v1/ga075_mc010_label025/with_query_prior/k10_m0_20260925_010035/bioavailability_ma/bioavailability_ma__ga075_mc010_label025
test	tdc_v2	bioavailability_ma	direct_plus_indirect	ga075_mc025_sr025_sd010_ld025	128	0.774023	0.835938	outputs/analysis/record_selection/luna_bbb_oral_20260924_v1/tdc_oral_indirect_test/selection/manifest.json	1e0a03ac09733e97f888fd7e15f17d99f8abbde8bdf79f93f10fb6e0e0c381f2	outputs/paper/assay_transfer_harness/joseph/_batches/luna_bbb_oral_tdc_v2_indirect_frozen_test_20260925_v1/ga075_mc025_sr025_sd010_ld025/with_query_prior/k10_m0_20260925_010350/bioavailability_ma/bioavailability_ma__ga075_mc025_sr025_sd010_ld025
valid	gold_v1	bbb_martins	direct	ga075_mc010_label010	397	0.754782	0.803526	outputs/analysis/record_selection/luna_bbb_oral_20260924_v1/gold_bbb_direct_valid/direct/ga075_mc010_label010/bbb_martins/manifest.json	d1ca236a9bbe0ed777ed33a092dc722e648ac9ded96cee680b60a9f73b0de609	outputs/paper/assay_transfer_harness/joseph/_batches/luna_bbb_gold_direct_top5_full_valid_20260924_v4/ga075_mc010_label010/with_query_prior/k10_m0_20260924_234008/bbb_martins/bbb_martins__ga075_mc010_label010
valid	gold_v1	bbb_martins	direct	ga075_mc010_label025	397	0.761225	0.806045	outputs/analysis/record_selection/luna_bbb_oral_20260924_v1/gold_bbb_direct_valid/direct/ga075_mc010_label025/bbb_martins/manifest.json	a2b8200839671bf3244ca0a39565b94bce93ac342f6b37fd2f4b5f71bf0f2dc1	outputs/paper/assay_transfer_harness/joseph/_batches/luna_bbb_gold_direct_top5_full_valid_20260924_v4/ga075_mc010_label025/with_query_prior/k10_m0_20260924_234008/bbb_martins/bbb_martins__ga075_mc010_label025
valid	gold_v1	bbb_martins	direct	ga100_mc025_label010	397	0.747457	0.79597	outputs/analysis/record_selection/luna_bbb_oral_20260924_v1/gold_bbb_direct_valid/direct/ga100_mc025_label010/bbb_martins/manifest.json	37129b4ca4d5b0e2a2020d257592b3f3c91c1280234c621fe227e96c5b80e965	outputs/paper/assay_transfer_harness/joseph/_batches/luna_bbb_gold_direct_top5_full_valid_20260924_v4/ga100_mc025_label010/with_query_prior/k10_m0_20260924_234008/bbb_martins/bbb_martins__ga100_mc025_label010
valid	gold_v1	bbb_martins	direct	ga125_mc010_label010	397	0.764957	0.808564	outputs/analysis/record_selection/luna_bbb_oral_20260924_v1/gold_bbb_direct_valid/direct/ga125_mc010_label010/bbb_martins/manifest.json	c9edbdd10251e9dbb5ab3d0c0885a6fd0ca3040ce16ee253ff9a35f692f9fe79	outputs/paper/assay_transfer_harness/joseph/_batches/luna_bbb_gold_direct_top5_full_valid_20260924_v4/ga125_mc010_label010/with_query_prior/k10_m0_20260924_234008/bbb_martins/bbb_martins__ga125_mc010_label010
valid	gold_v1	bbb_martins	direct	ga125_mc010_label025	397	0.752587	0.798489	outputs/analysis/record_selection/luna_bbb_oral_20260924_v1/gold_bbb_direct_valid/direct/ga125_mc010_label025/bbb_martins/manifest.json	80376f55317b08a2972adf7d5b4b8035d979d04b37c3699db7be0fc4f0053363	outputs/paper/assay_transfer_harness/joseph/_batches/luna_bbb_gold_direct_top5_full_valid_20260924_v4/ga125_mc010_label025/with_query_prior/k10_m0_20260924_234008/bbb_martins/bbb_martins__ga125_mc010_label025
valid	gold_v1	bbb_martins	direct_plus_indirect	ga075_mc025_sr025_sd025_ld010	397	0.739792	0.821159	outputs/analysis/record_selection/luna_bbb_oral_20260924_v1/gold_bbb_indirect_valid/mixed/ga075_mc025_sr025_sd025_ld010/bbb_martins/manifest.json	8aab971151d14419f4ff26f4beb6c1b6f83a12171b1291c7d8ef6dc634a69eb0	outputs/paper/assay_transfer_harness/joseph/_batches/luna_bbb_gold_indirect_top5_full_valid_20260925_v1/ga075_mc025_sr025_sd025_ld010/with_query_prior/k10_m0_20260925_001317/bbb_martins/bbb_martins__ga075_mc025_sr025_sd025_ld010
valid	gold_v1	bbb_martins	direct_plus_indirect	ga100_mc010_sr025_sd025_ld010	397	0.745955	0.821159	outputs/analysis/record_selection/luna_bbb_oral_20260924_v1/gold_bbb_indirect_valid/mixed/ga100_mc010_sr025_sd025_ld010/bbb_martins/manifest.json	bde5769d2971ddd28e4bd3d087fcdbff1fd95cb912d110cbded045c211c5647a	outputs/paper/assay_transfer_harness/joseph/_batches/luna_bbb_gold_indirect_top5_full_valid_20260925_v1/ga100_mc010_sr025_sd025_ld010/with_query_prior/k10_m0_20260925_001317/bbb_martins/bbb_martins__ga100_mc010_sr025_sd025_ld010
valid	gold_v1	bbb_martins	direct_plus_indirect	ga100_mc025_sr025_sd025_ld010	397	0.753794	0.828715	outputs/analysis/record_selection/luna_bbb_oral_20260924_v1/gold_bbb_indirect_valid/mixed/ga100_mc025_sr025_sd025_ld010/bbb_martins/manifest.json	2977e0eaac5ea1d45936b020f6d1fe664567a1ba34f4d0e023b01ae9f48ee871	outputs/paper/assay_transfer_harness/joseph/_batches/luna_bbb_gold_indirect_top5_full_valid_20260925_v1/ga100_mc025_sr025_sd025_ld010/with_query_prior/k10_m0_20260925_001317/bbb_martins/bbb_martins__ga100_mc025_sr025_sd025_ld010
valid	gold_v1	bbb_martins	direct_plus_indirect	ga100_mc025_sr050_sd025_ld010	397	0.766554	0.833753	outputs/analysis/record_selection/luna_bbb_oral_20260924_v1/gold_bbb_indirect_valid/mixed/ga100_mc025_sr050_sd025_ld010/bbb_martins/manifest.json	3de27852374039038fe795b3882e25ae75a81d0c711b42ed752fa8055a722f41	outputs/paper/assay_transfer_harness/joseph/_batches/luna_bbb_gold_indirect_top5_full_valid_20260925_v1/ga100_mc025_sr050_sd025_ld010/with_query_prior/k10_m0_20260925_001317/bbb_martins/bbb_martins__ga100_mc025_sr050_sd025_ld010
valid	gold_v1	bbb_martins	direct_plus_indirect	ga125_mc025_sr025_sd025_ld010	397	0.731643	0.811083	outputs/analysis/record_selection/luna_bbb_oral_20260924_v1/gold_bbb_indirect_valid/mixed/ga125_mc025_sr025_sd025_ld010/bbb_martins/manifest.json	f1314d24d83195ddcacfb077361de07210a621907499f0ef37d040e0161c265f	outputs/paper/assay_transfer_harness/joseph/_batches/luna_bbb_gold_indirect_top5_full_valid_20260925_v1/ga125_mc025_sr025_sd025_ld010/with_query_prior/k10_m0_20260925_001317/bbb_martins/bbb_martins__ga125_mc025_sr025_sd025_ld010
valid	gold_v1	bioavailability_ma	direct	ga075_mc010_label025	262	0.731748	0.824427	outputs/analysis/record_selection/luna_bbb_oral_20260924_v1/gold_oral_direct_valid/direct/ga075_mc010_label025/bioavailability_ma/manifest.json	a5ac2f556f70d588fa134818f9d7b71ad2c5dbd0dd20b9296ea728ee869aa99b	outputs/paper/assay_transfer_harness/joseph/_batches/luna_oral_gold_direct_top5_full_valid_20260924_v1/ga075_mc010_label025/with_query_prior/k10_m0_20260924_235323/bioavailability_ma/bioavailability_ma__ga075_mc010_label025
valid	gold_v1	bioavailability_ma	direct	ga075_mc025_label010	262	0.720104	0.820611	outputs/analysis/record_selection/luna_bbb_oral_20260924_v1/gold_oral_direct_valid/direct/ga075_mc025_label010/bioavailability_ma/manifest.json	777ee195e9e18c1ce76980b71b1d914fe18cd542f73a75f65d66c3e5dc29ebec	outputs/paper/assay_transfer_harness/joseph/_batches/luna_oral_gold_direct_top5_full_valid_20260924_v1/ga075_mc025_label010/with_query_prior/k10_m0_20260924_235323/bioavailability_ma/bioavailability_ma__ga075_mc025_label010
valid	gold_v1	bioavailability_ma	direct	ga075_mc025_label025	262	0.716026	0.820611	outputs/analysis/record_selection/luna_bbb_oral_20260924_v1/gold_oral_direct_valid/direct/ga075_mc025_label025/bioavailability_ma/manifest.json	ee930c5d3798ca1d341cbe5b74a27f562edf7170f805f5db33db3770a696bd31	outputs/paper/assay_transfer_harness/joseph/_batches/luna_oral_gold_direct_top5_full_valid_20260924_v1/ga075_mc025_label025/with_query_prior/k10_m0_20260924_235323/bioavailability_ma/bioavailability_ma__ga075_mc025_label025
valid	gold_v1	bioavailability_ma	direct	ga100_mc010_label025	262	0.750945	0.835878	outputs/analysis/record_selection/luna_bbb_oral_20260924_v1/gold_oral_direct_valid/direct/ga100_mc010_label025/bioavailability_ma/manifest.json	51fc09f26b259aadedcc42633a5be612b189472beb93209256a79ae5c31b0948	outputs/paper/assay_transfer_harness/joseph/_batches/luna_oral_gold_direct_top5_full_valid_20260924_v1/ga100_mc010_label025/with_query_prior/k10_m0_20260924_235323/bioavailability_ma/bioavailability_ma__ga100_mc010_label025
valid	gold_v1	bioavailability_ma	direct	ga100_mc025_label010	262	0.691857	0.805344	outputs/analysis/record_selection/luna_bbb_oral_20260924_v1/gold_oral_direct_valid/direct/ga100_mc025_label010/bioavailability_ma/manifest.json	3491495c82405c29ce0cca99682145d5bf80aef108d5af1f15ebc4b45abf004f	outputs/paper/assay_transfer_harness/joseph/_batches/luna_oral_gold_direct_top5_full_valid_20260924_v1/ga100_mc025_label010/with_query_prior/k10_m0_20260924_235323/bioavailability_ma/bioavailability_ma__ga100_mc025_label010
valid	gold_v1	bioavailability_ma	direct_plus_indirect	ga050_mc010_sr050_sd010_ld025	262	0.776552	0.835878	outputs/analysis/record_selection/luna_bbb_oral_20260924_v1/gold_oral_indirect_valid/mixed/ga050_mc010_sr050_sd010_ld025/bioavailability_ma/manifest.json	b13b93a5a6238efa57cb12e0117f23ac234307149b30466c62880f63ba40e030	outputs/paper/assay_transfer_harness/joseph/_batches/luna_oral_gold_indirect_top5_full_valid_20260925_v1/ga050_mc010_sr050_sd010_ld025/with_query_prior/k10_m0_20260925_003249/bioavailability_ma/bioavailability_ma__ga050_mc010_sr050_sd010_ld025
valid	gold_v1	bioavailability_ma	direct_plus_indirect	ga075_mc010_sr025_sd010_ld025	262	0.818124	0.866412	outputs/analysis/record_selection/luna_bbb_oral_20260924_v1/gold_oral_indirect_valid/mixed/ga075_mc010_sr025_sd010_ld025/bioavailability_ma/manifest.json	47e6afa61bc78d36138ed28ed770348d1fb640e99cc1c312d60b140ade34a940	outputs/paper/assay_transfer_harness/joseph/_batches/luna_oral_gold_indirect_top5_full_valid_20260925_v1/ga075_mc010_sr025_sd010_ld025/with_query_prior/k10_m0_20260925_003249/bioavailability_ma/bioavailability_ma__ga075_mc010_sr025_sd010_ld025
valid	gold_v1	bioavailability_ma	direct_plus_indirect	ga075_mc010_sr050_sd010_ld025	262	0.793245	0.847328	outputs/analysis/record_selection/luna_bbb_oral_20260924_v1/gold_oral_indirect_valid/mixed/ga075_mc010_sr050_sd010_ld025/bioavailability_ma/manifest.json	40ef07d5777f56814ed6e630a78b4796f88bd57ba2c5550886a4ad93a9416ebc	outputs/paper/assay_transfer_harness/joseph/_batches/luna_oral_gold_indirect_top5_full_valid_20260925_v1/ga075_mc010_sr050_sd010_ld025/with_query_prior/k10_m0_20260925_003249/bioavailability_ma/bioavailability_ma__ga075_mc010_sr050_sd010_ld025
valid	gold_v1	bioavailability_ma	direct_plus_indirect	ga075_mc025_sr050_sd010_ld025	262	0.791019	0.847328	outputs/analysis/record_selection/luna_bbb_oral_20260924_v1/gold_oral_indirect_valid/mixed/ga075_mc025_sr050_sd010_ld025/bioavailability_ma/manifest.json	4006696244ec6d55303927b8302b6a76265ba4ba788c90413387ade6e0318b7d	outputs/paper/assay_transfer_harness/joseph/_batches/luna_oral_gold_indirect_top5_full_valid_20260925_v1/ga075_mc025_sr050_sd010_ld025/with_query_prior/k10_m0_20260925_003249/bioavailability_ma/bioavailability_ma__ga075_mc025_sr050_sd010_ld025
valid	gold_v1	bioavailability_ma	direct_plus_indirect	ga100_mc010_sr050_sd010_ld025	262	0.770992	0.828244	outputs/analysis/record_selection/luna_bbb_oral_20260924_v1/gold_oral_indirect_valid/mixed/ga100_mc010_sr050_sd010_ld025/bioavailability_ma/manifest.json	f4d8d16019ca935b15dec3a74112664b8fb25f7a451f7ce9fa68f4b3f2b78e13	outputs/paper/assay_transfer_harness/joseph/_batches/luna_oral_gold_indirect_top5_full_valid_20260925_v1/ga100_mc010_sr050_sd010_ld025/with_query_prior/k10_m0_20260925_003249/bioavailability_ma/bioavailability_ma__ga100_mc010_sr050_sd010_ld025
valid	tdc_v2	bbb_martins	direct	ga075_mc010_label025	203	0.837839	0.906404	outputs/analysis/record_selection/luna_bbb_oral_20260924_v1/tdc_bbb_direct_valid_v3/direct/ga075_mc010_label025/bbb_martins/manifest.json	8a7b088f205595b07fc84f4e588edbdd14d2e3c9fcd86e8c9e8204de5d2b5610	outputs/paper/assay_transfer_harness/joseph/_batches/luna_bbb_tdc_v2_direct_top5_full_valid_20260925_v2/ga075_mc010_label025/with_query_prior/k10_m0_20260925_000402/bbb_martins/bbb_martins__ga075_mc010_label025
valid	tdc_v2	bbb_martins	direct	ga075_mc025_label025	203	0.82738	0.901478	outputs/analysis/record_selection/luna_bbb_oral_20260924_v1/tdc_bbb_direct_valid_v3/direct/ga075_mc025_label025/bbb_martins/manifest.json	aa753b394df380a96174a02a857ba464891ecce5226887aa0e0bea9133568bee	outputs/paper/assay_transfer_harness/joseph/_batches/luna_bbb_tdc_v2_direct_top5_full_valid_20260925_v2/ga075_mc025_label025/with_query_prior/k10_m0_20260925_000402/bbb_martins/bbb_martins__ga075_mc025_label025
valid	tdc_v2	bbb_martins	direct	ga100_mc010_label010	203	0.837839	0.906404	outputs/analysis/record_selection/luna_bbb_oral_20260924_v1/tdc_bbb_direct_valid_v3/direct/ga100_mc010_label010/bbb_martins/manifest.json	9b74f387691dcc998c6e8f412e8ac5ce21ce29e66ea53459bdeb465b62d21aef	outputs/paper/assay_transfer_harness/joseph/_batches/luna_bbb_tdc_v2_direct_top5_full_valid_20260925_v2/ga100_mc010_label010/with_query_prior/k10_m0_20260925_000402/bbb_martins/bbb_martins__ga100_mc010_label010
valid	tdc_v2	bbb_martins	direct	ga100_mc010_label025	203	0.854909	0.916256	outputs/analysis/record_selection/luna_bbb_oral_20260924_v1/tdc_bbb_direct_valid_v3/direct/ga100_mc010_label025/bbb_martins/manifest.json	ca89df9e9c10513fc7938ff0d40755c100a30d3fea72fc6e4748f2220d03d435	outputs/paper/assay_transfer_harness/joseph/_batches/luna_bbb_tdc_v2_direct_top5_full_valid_20260925_v2/ga100_mc010_label025/with_query_prior/k10_m0_20260925_000402/bbb_martins/bbb_martins__ga100_mc010_label025
valid	tdc_v2	bbb_martins	direct	ga100_mc025_label010	203	0.876349	0.931034	outputs/analysis/record_selection/luna_bbb_oral_20260924_v1/tdc_bbb_direct_valid_v3/direct/ga100_mc025_label010/bbb_martins/manifest.json	5057a2421f36a5975701e5871f07a71cfa965698f62b0403af77801016e1262e	outputs/paper/assay_transfer_harness/joseph/_batches/luna_bbb_tdc_v2_direct_top5_full_valid_20260925_v2/ga100_mc025_label010/with_query_prior/k10_m0_20260925_000402/bbb_martins/bbb_martins__ga100_mc025_label010
valid	tdc_v2	bbb_martins	direct_plus_indirect	ga050_mc025_sr025_sd025_ld025_rd025	203	0.848054	0.91133	outputs/analysis/record_selection/luna_bbb_oral_20260924_v1/tdc_bbb_indirect_valid/selections/ga050_mc025_sr025_sd025_ld025_rd025/manifest.json	cd5c6245451ecc78d157080ffdb526c68b98a100b53f53ca0d5e7b8dc078aeda	outputs/paper/assay_transfer_harness/joseph/_batches/luna_bbb_oral_tdc_v2_indirect_top5_full_valid_20260925_v1/ga050_mc025_sr025_sd025_ld025_rd025/with_query_prior/k10_m0_20260925_004222/bbb_martins/bbb_martins__ga050_mc025_sr025_sd025_ld025_rd025
valid	tdc_v2	bbb_martins	direct_plus_indirect	ga075_mc010_sr010_sd010_ld010_rd010	203	0.864937	0.921182	outputs/analysis/record_selection/luna_bbb_oral_20260924_v1/tdc_bbb_indirect_valid/selections/ga075_mc010_sr010_sd010_ld010_rd010/manifest.json	9a9d0da6fc7a81a879281e8f2b9654d4805a7db885c1e9490bbb295e737e1260	outputs/paper/assay_transfer_harness/joseph/_batches/luna_bbb_oral_tdc_v2_indirect_top5_full_valid_20260925_v1/ga075_mc010_sr010_sd010_ld010_rd010/with_query_prior/k10_m0_20260925_004222/bbb_martins/bbb_martins__ga075_mc010_sr010_sd010_ld010_rd010
valid	tdc_v2	bbb_martins	direct_plus_indirect	ga075_mc010_sr025_sd010_ld010_rd010	203	0.861905	0.921182	outputs/analysis/record_selection/luna_bbb_oral_20260924_v1/tdc_bbb_indirect_valid/selections/ga075_mc010_sr025_sd010_ld010_rd010/manifest.json	f7dd40ef913689fddd2b517d3241586c65b1d66ccb6490aafa4da8e39e3a037b	outputs/paper/assay_transfer_harness/joseph/_batches/luna_bbb_oral_tdc_v2_indirect_top5_full_valid_20260925_v1/ga075_mc010_sr025_sd010_ld010_rd010/with_query_prior/k10_m0_20260925_004222/bbb_martins/bbb_martins__ga075_mc010_sr025_sd010_ld010_rd010
valid	tdc_v2	bbb_martins	direct_plus_indirect	ga075_mc025_sr010_sd025_ld025_rd025	203	0.837839	0.906404	outputs/analysis/record_selection/luna_bbb_oral_20260924_v1/tdc_bbb_indirect_valid/selections/ga075_mc025_sr010_sd025_ld025_rd025/manifest.json	91eeb47096286e7bc726fb44c85a0cdb44c6ba28814745100180a57da876fd6a	outputs/paper/assay_transfer_harness/joseph/_batches/luna_bbb_oral_tdc_v2_indirect_top5_full_valid_20260925_v1/ga075_mc025_sr010_sd025_ld025_rd025/with_query_prior/k10_m0_20260925_004222/bbb_martins/bbb_martins__ga075_mc025_sr010_sd025_ld025_rd025
valid	tdc_v2	bbb_martins	direct_plus_indirect	ga075_mc025_sr025_sd025_ld025_rd025	203	0.864937	0.921182	outputs/analysis/record_selection/luna_bbb_oral_20260924_v1/tdc_bbb_indirect_valid/selections/ga075_mc025_sr025_sd025_ld025_rd025/manifest.json	c1d06070c6311ba35e5648753f364c7a9b50eb1afa4b80fb3e0216dacc91edef	outputs/paper/assay_transfer_harness/joseph/_batches/luna_bbb_oral_tdc_v2_indirect_top5_full_valid_20260925_v1/ga075_mc025_sr025_sd025_ld025_rd025/with_query_prior/k10_m0_20260925_004222/bbb_martins/bbb_martins__ga075_mc025_sr025_sd025_ld025_rd025
valid	tdc_v2	bioavailability_ma	direct	ga075_mc010_label025	64	0.74359	0.84375	outputs/analysis/record_selection/luna_bbb_oral_20260924_v1/tdc_oral_direct_valid_v2/direct/ga075_mc010_label025/bioavailability_ma/manifest.json	b9c6d230eb8de5463eb78cddd53a82dac92388f16d7804aaeb4d8a9438ab67c7	outputs/paper/assay_transfer_harness/joseph/_batches/luna_oral_tdc_v2_direct_top5_full_valid_20260925_v1/ga075_mc010_label025/with_query_prior/k10_m0_20260925_001015/bioavailability_ma/bioavailability_ma__ga075_mc010_label025
valid	tdc_v2	bioavailability_ma	direct	ga075_mc025_label010	64	0.725557	0.84375	outputs/analysis/record_selection/luna_bbb_oral_20260924_v1/tdc_oral_direct_valid_v2/direct/ga075_mc025_label010/bioavailability_ma/manifest.json	d3eb0bbfd27f12eec6c121ad0e72aede65880a120daa980be58ce477ee05329b	outputs/paper/assay_transfer_harness/joseph/_batches/luna_oral_tdc_v2_direct_top5_full_valid_20260925_v1/ga075_mc025_label010/with_query_prior/k10_m0_20260925_001015/bioavailability_ma/bioavailability_ma__ga075_mc025_label010
valid	tdc_v2	bioavailability_ma	direct	ga075_mc025_label025	64	0.708488	0.828125	outputs/analysis/record_selection/luna_bbb_oral_20260924_v1/tdc_oral_direct_valid_v2/direct/ga075_mc025_label025/bioavailability_ma/manifest.json	aaab22ba038a3fb72521d673040bf3b2608b8afbadb2a2b0812d8e038c7d24a8	outputs/paper/assay_transfer_harness/joseph/_batches/luna_oral_tdc_v2_direct_top5_full_valid_20260925_v1/ga075_mc025_label025/with_query_prior/k10_m0_20260925_001015/bioavailability_ma/bioavailability_ma__ga075_mc025_label025
valid	tdc_v2	bioavailability_ma	direct	ga100_mc025_label010	64	0.708488	0.828125	outputs/analysis/record_selection/luna_bbb_oral_20260924_v1/tdc_oral_direct_valid_v2/direct/ga100_mc025_label010/bioavailability_ma/manifest.json	0cc1f91ffd88982d7e25e11c821d0984c8af80eae89ff184a15cca3a48d3bb60	outputs/paper/assay_transfer_harness/joseph/_batches/luna_oral_tdc_v2_direct_top5_full_valid_20260925_v1/ga100_mc025_label010/with_query_prior/k10_m0_20260925_001015/bioavailability_ma/bioavailability_ma__ga100_mc025_label010
valid	tdc_v2	bioavailability_ma	direct	ga125_mc010_label025	64	0.708488	0.828125	outputs/analysis/record_selection/luna_bbb_oral_20260924_v1/tdc_oral_direct_valid_v2/direct/ga125_mc010_label025/bioavailability_ma/manifest.json	6cfdfacc7126681afac9966d757a6be2ed7eb90438a409a8bfaba9784b637685	outputs/paper/assay_transfer_harness/joseph/_batches/luna_oral_tdc_v2_direct_top5_full_valid_20260925_v1/ga125_mc010_label025/with_query_prior/k10_m0_20260925_001015/bioavailability_ma/bioavailability_ma__ga125_mc010_label025
valid	tdc_v2	bioavailability_ma	direct_plus_indirect	ga050_mc025_sr025_sd010_ld025	64	0.780446	0.875	outputs/analysis/record_selection/luna_bbb_oral_20260924_v1/tdc_oral_indirect_valid/selections/ga050_mc025_sr025_sd010_ld025/manifest.json	84032055522691b27aaa5da0932db7a38554d62bf706675c24d159acb050941b	outputs/paper/assay_transfer_harness/joseph/_batches/luna_bbb_oral_tdc_v2_indirect_top5_full_valid_20260925_v1/ga050_mc025_sr025_sd010_ld025/with_query_prior/k10_m0_20260925_004222/bioavailability_ma/bioavailability_ma__ga050_mc025_sr025_sd010_ld025
valid	tdc_v2	bioavailability_ma	direct_plus_indirect	ga075_mc010_sr025_sd010_ld025	64	0.761491	0.859375	outputs/analysis/record_selection/luna_bbb_oral_20260924_v1/tdc_oral_indirect_valid/selections/ga075_mc010_sr025_sd010_ld025/manifest.json	905ff6a8b9a66e7db03f2d8d4a9fa36bda51c5eec3e6032b0bd870c08ee66b34	outputs/paper/assay_transfer_harness/joseph/_batches/luna_bbb_oral_tdc_v2_indirect_top5_full_valid_20260925_v1/ga075_mc010_sr025_sd010_ld025/with_query_prior/k10_m0_20260925_004222/bioavailability_ma/bioavailability_ma__ga075_mc010_sr025_sd010_ld025
valid	tdc_v2	bioavailability_ma	direct_plus_indirect	ga075_mc025_sr025_sd010_ld025	64	0.814493	0.890625	outputs/analysis/record_selection/luna_bbb_oral_20260924_v1/tdc_oral_indirect_valid/selections/ga075_mc025_sr025_sd010_ld025/manifest.json	f5aff5e5330d7f8d0dce728779e0a1905e95260333c846eb4fac675184851599	outputs/paper/assay_transfer_harness/joseph/_batches/luna_bbb_oral_tdc_v2_indirect_top5_full_valid_20260925_v1/ga075_mc025_sr025_sd010_ld025/with_query_prior/k10_m0_20260925_004222/bioavailability_ma/bioavailability_ma__ga075_mc025_sr025_sd010_ld025
valid	tdc_v2	bioavailability_ma	direct_plus_indirect	ga075_mc025_sr050_sd010_ld025	64	0.794872	0.875	outputs/analysis/record_selection/luna_bbb_oral_20260924_v1/tdc_oral_indirect_valid/selections/ga075_mc025_sr050_sd010_ld025/manifest.json	a8dfedbd0e07cd46ffc1b51f80bba3194e99b706f6e16eed2a125b71529ba06c	outputs/paper/assay_transfer_harness/joseph/_batches/luna_bbb_oral_tdc_v2_indirect_top5_full_valid_20260925_v1/ga075_mc025_sr050_sd010_ld025/with_query_prior/k10_m0_20260925_004222/bioavailability_ma/bioavailability_ma__ga075_mc025_sr050_sd010_ld025
valid	tdc_v2	bioavailability_ma	direct_plus_indirect	ga100_mc025_sr025_sd010_ld025	64	0.776311	0.859375	outputs/analysis/record_selection/luna_bbb_oral_20260924_v1/tdc_oral_indirect_valid/selections/ga100_mc025_sr025_sd010_ld025/manifest.json	cda62f1d16a7b0e2f8d8481ccc9a65bafc6209f0c412b53d863dcc403f514350	outputs/paper/assay_transfer_harness/joseph/_batches/luna_bbb_oral_tdc_v2_indirect_top5_full_valid_20260925_v1/ga100_mc025_sr025_sd010_ld025/with_query_prior/k10_m0_20260925_004222/bioavailability_ma/bioavailability_ma__ga100_mc025_sr025_sd010_ld025
