task	task_id	level	semantic_bucket_id	request_id	prior_zero_weight	decision	rationale	reason_code	retrieval_eligible	served_model	attempts	input_tokens	output_tokens	expert_weight	provider_name	prompt_sha256
bbb_martins	bbb_martins	L2	sb_0fac9b0b473b7dbbae06	req_ba94316dd5f28540be0e	False	include	Records are compound-specific experimental permeability measurements mapped to a BBB-permeability binary endpoint. Despite the non-mammalian oocyte assay context and indirect relationship to systemic CNS access, this may still provide auxiliary evidence and should not be excluded solely due to assay model or transfer weakness.	potentially_informative	True	deepseek-ai/DeepSeek-V4-Flash-0731	1.0	494.0	3004.0		dgx014	c09f34edf500df80d86f6dff60f6af299fc1957080b5c9d2abb39056b81214bd
bbb_martins	bbb_martins	L2	sb_125ad0557cfa6190dcde	req_680971d4c1bb26b6a4fb	False	include	Microdialysis-based efflux/influx clearance ratios are compound-specific in vivo measurements directly relevant to blood-brain barrier transport and net CNS access.	potentially_informative	True	deepseek-ai/DeepSeek-V4-Flash-0731	1.0	583.0	270.0		dgx014	317437eba3257288034a2ae3d45b79174d3845ba75a56678e338bfccb454cbf7
bbb_martins	bbb_martins	L2	sb_15c2f22ba99e3a39ef70	req_65e4beeb9918b0ae5e40	False	include	The bucket contains in vivo rodent measurements of unbound brain-to-plasma partitioning, a property directly related to CNS access and therefore potentially informative as auxiliary evidence for structurally related molecules.	potentially_informative	True	deepseek-ai/DeepSeek-V4-Flash-0731	1.0	613.0	167.0		dgx014	f0c0bfebcc8d96a70c7adab431b7c74088ca7eb6f8473842acfb8abae17dfbd7
bbb_martins	bbb_martins	L2	sb_179aa9e718fa7d6dd21d	req_7dff539e9289a54988b9	False	include	Paracellular permeability measured in a BBB permeability assay is directly relevant to whether a compound can access the CNS after systemic administration. Unknown species or assay context does not make the measurement intrinsically unusable, and indirect or weakly transferring evidence should be eligible.	potentially_informative	True	deepseek-ai/DeepSeek-V4-Flash-0731	1.0	466.0	579.0		dgx014	c65e91eb53df3fea9cce107bcd4d7ddaed1636a8593dec1d00644c56ffc8d268
bbb_martins	bbb_martins	L2	sb_18592f3876971f8a52a7	req_d7f752b3554c89aefce3	False	include	This bucket contains compound-specific experimental measurements of CSF permeability after systemic administration, expressed as a binary CNS access outcome. This is directly relevant, albeit indirect and possibly species-unspecified, for predicting meaningful CNS access in structurally related molecules.	potentially_informative	True	deepseek-ai/DeepSeek-V4-Flash-0731	1.0	475.0	249.0		dgx014	dd0a85ccb38ce160555db349a5b9356b894eee52e13e48c98713ab4743c2d25f
bbb_martins	bbb_martins	L2	sb_1be806b370c9e38eca08	req_2ec2235b5297acb22c95	False	include	The bucket contains direct, compound-specific experimental BBB permeability outcomes from in vivo or human studies, which are inherently relevant as auxiliary evidence for predicting CNS access after systemic administration.	potentially_informative	True	deepseek-ai/DeepSeek-V4-Flash-0731	1.0	811.0	199.0		dgx014	a7325806b7babd337add25ea1f488a3225460de579fa20c4a51df33079da800f
bbb_martins	bbb_martins	L2	sb_1e4950362a51c0488f77	req_dc8902c504b27a07f860	False	include	Records involve ABCG2/BCRP efflux transport inhibition or transporter-related pharmacokinetic effects, which are mechanistically relevant to CNS access. Even though indirect or from varied models, they are compound-specific experimental evidence and may inform predictions for structurally related molecules.	potentially_informative	True	deepseek-ai/DeepSeek-V4-Flash-0731	1.0	1020.0	289.0		dgx014	970ad8803250350dbea1cf21e6cc78d477cd3b639685e252ff6a5ab99c75a8cc
bbb_martins	bbb_martins	L2	sb_22df0f8f89b51ac7eeee	req_6aacd45b7bd9534c0174	False	include	Human in vivo brain-to-CSF ratio is compound-specific experimental evidence directly relevant to CNS distribution and can inform predictions of meaningful CNS access for structurally related molecules.	potentially_informative	True	deepseek-ai/DeepSeek-V4-Flash-0731	1.0	454.0	133.0		dgx014	3dd3c6367de6851e101c163aefc2ec676d09d061812b6bc0fd0730943f84f437
bbb_martins	bbb_martins	L2	sb_24916a37c413f6896c0b	req_6dc457af099393dfa9ba	False	include	Bidirectional transport/efflux assays in Caco-2 or MDR vesicles are compound-specific experimental measures of P-glycoprotein/ABCB1 substrate status, which is directly relevant to predicting CNS access via efflux at the blood-brain barrier.	potentially_informative	True	deepseek-ai/DeepSeek-V4-Flash-0731	1.0	638.0	422.0		dgx014	e10a70feee54a3d274196509d8ac6f0dc66367070903ba133d48b8e8c54e9579
bbb_martins	bbb_martins	L2	sb_299c3711e8c5aee2c9f0	req_e75bc6769f501147c2d9	False	include	Records in this bucket are experimental measurements of passive BBB/CNS permeability from direct brain-facing assay models, which are compound-specific and relevant for predicting meaningful CNS access after systemic administration.	potentially_informative	True	deepseek-ai/DeepSeek-V4-Flash-0731	1.0	741.0	569.0		dgx014	4c0343b9d937bded829eb75bf82d6fa35f347eb0266ea7f818e71cd2f8819ca5
bbb_martins	bbb_martins	L2	sb_2ae45d524371dc007dae	req_d43f4a9ab56c759d628c	False	include	CSF/plasma ratios and CSF penetration measurements in humans and primates directly reflect compound-specific CNS access after systemic administration, making them informative as auxiliary evidence for structurally related molecules.	potentially_informative	True	deepseek-ai/DeepSeek-V4-Flash-0731	1.0	793.0	186.0		dgx014	55732c5597e9003f4deefb946d6571c777435118636b0d41bad05c9c30042feb
bbb_martins	bbb_martins	L2	sb_344b8f54ff58d5f6ca84	req_7e54856b9f75c8e221be	False	include	The bucket contains compound-specific experimental measurements of passive permeability across BBB models, which directly inform the likelihood of CNS access after systemic administration.	potentially_informative	True	deepseek-ai/DeepSeek-V4-Flash-0731	1.0	678.0	233.0		dgx011	2e6b00232c613c23c61ffdd96d7ca936650b4831d3f3dc5c5a4f41c802d07a80
bbb_martins	bbb_martins	L2	sb_35393c98c8b89ce65656	req_fad92010c899619fc7f3	False	include	Records measure brain exposure changes upon pharmacological inhibition of Abcc1 in mice, directly reflecting efflux transport effects at the blood-brain barrier. This is compound-specific experimental evidence relevant to predicting CNS access for structurally related molecules.	potentially_informative	True	deepseek-ai/DeepSeek-V4-Flash-0731	1.0	537.0	226.0		dgx014	021168785d907e8c9dfdd09e456901ded476ea24c3e6d2d25d959bad1ca3ce50
bbb_martins	bbb_martins	L2	sb_3a4eef422adf424e0265	req_aced02fa77cf0732649d	False	include	The bucket contains in vivo measurements of brain exposure changes related to ABCG2 transporter activity, which is directly informative for assessing CNS access for structurally related molecules. Evidence may be indirect or from other species, but it is compound-specific experimental evidence and not intrinsically unusable.	potentially_informative	True	deepseek-ai/DeepSeek-V4-Flash-0731	1.0	1012.0	299.0		dgx014	1fb051ccd512aa8b85e5d68b137fd362d9ea78123cc0a81bf1c61020e4fd34ae
bbb_martins	bbb_martins	L2	sb_3c493d669855af1f822c	req_993456eca1d9b43d86ea	False	include	Records measure compound-specific brain exposure, uptake, or concentration after systemic administration, directly relevant to assessing meaningful CNS access.	potentially_informative	True	deepseek-ai/DeepSeek-V4-Flash-0731	1.0	852.0	336.0		dgx011	cf87e5bd252fdb37402436db42f23981e3f2392bb408778b6e15c48c1913ea7b
bbb_martins	bbb_martins	L2	sb_3d39f0762ea4d0cd326c	req_5fab2da6e88987fede7c	False	include	Records are compound-specific experimental measurements of CSF/plasma or brain partitioning, directly relevant to assessing CNS access despite species or assay variability.	potentially_informative	True	deepseek-ai/DeepSeek-V4-Flash-0731	1.0	803.0	241.0		dgx011	ac378cb58ae00d9b2520b678eb8178f6c7e766d8ec9f962f6461c68c1a3133fa
bbb_martins	bbb_martins	L2	sb_3f1cdfd150da89029250	req_48b8e4554dba9708c020	False	include	Records are compound-specific in vitro BBB permeability measurements, directly relevant to estimating CNS access despite being indirect models.	potentially_informative	True	deepseek-ai/DeepSeek-V4-Flash-0731	1.0	860.0	137.0		dgx011	8d5b04a0c84eac46b9466d6b911140b9fd5eebe65c2a0164636cccfb4c0c83ed
bbb_martins	bbb_martins	L2	sb_402a2b7cc702e0c9d71e	req_3065c2de6ae75d62bea9	False	include	Caco-2 monolayer passive permeability is a compound-specific experimental cell-based assay that can inform passive transcellular permeability, a relevant contributor to CNS access after systemic administration. Although indirect and not a definitive BBB model, it is not intrinsically unusable for this prediction.	potentially_informative	True	deepseek-ai/DeepSeek-V4-Flash-0731	1.0	495.0	409.0		dgx011	97c0e534c9e9b79431b64d760b6ca09f154497917c4bae3d49dbc3638609c1b8
bbb_martins	bbb_martins	L2	sb_41448f243db981ec0fd4	req_17feb7b54dc497b69a80	False	exclude	The assay context (MATE2K-transfected cells) is inconsistent with the stated target ABCC5, making the inhibition-potency measurement uninterpretable for ABCC5; MATE2K is a renal transporter, not relevant to CNS access.	malformed_or_uninterpretable_measurement	False	deepseek-ai/DeepSeek-V4-Flash-0731	1.0	534.0	3932.0		dgx011	5692b377514ce29867a4f6fa5b94259e1b722b67be66987437693549774d3554
bbb_martins	bbb_martins	L2	sb_4212d73dd4f20286a69c	req_b3376a811001db1b25d8	False	include	Records are compound-specific experimental measurements of BBB permeability outcomes from in vivo brain/CSF assays, directly relevant to predicting whether systemic administration produces meaningful CNS access. Variability in species or assay context does not make them intrinsically unusable.	potentially_informative	True	deepseek-ai/DeepSeek-V4-Flash-0731	1.0	821.0	116.0		dgx011	f7200166ddac76968904f35c2629f7388bd588b6d1ef52510d2f3e621a449a9d
bbb_martins	bbb_martins	L2	sb_444a371dd147d272b918	req_9d01ad5f566ece48d5b2	False	include	Records are compound-specific experimental measurements of brain-to-blood or brain-to-plasma partitioning from in vivo or in situ BBB models, directly relevant to assessing CNS access.	potentially_informative	True	deepseek-ai/DeepSeek-V4-Flash-0731	1.0	935.0	129.0		dgx011	d196b8a54cd30ad5b29ebf8040f99fe0cf0a9185cc1620174ec0282132b85722
bbb_martins	bbb_martins	L2	sb_45979408f7e0d2a47d79	req_9476bf35b9ccb9632af8	False	include	Mouse PET radioactivity uptake in brain (%ID/cc) is compound-specific experimental evidence of brain exposure after systemic administration, so it can inform predictions of CNS access for structurally related molecules.	potentially_informative	True	deepseek-ai/DeepSeek-V4-Flash-0731	1.0	460.0	134.0		dgx014	d10ee1a5c5bb635669705014a791f4a04589fbba23c872571a8440b3c94c9039
bbb_martins	bbb_martins	L2	sb_4edd0bace35a7df64a33	req_7b85ca0f3702472c2ff4	False	include	Records measure BBB permeability, directly relevant to CNS access after systemic administration. Despite assay and species diversity, they are compound-specific experimental permeability measurements and can serve as auxiliary evidence.	potentially_informative	True	deepseek-ai/DeepSeek-V4-Flash-0731	1.0	924.0	117.0		dgx014	a9a7e3251e6033065511f03beebb14035a0353a38d859c02ff6f462f64e1ff2f
bbb_martins	bbb_martins	L2	sb_566e879b7c0aec7aa797	req_f79a01b3900860e0f4df	False	include	P-glycoprotein (ABCB1/Abcb1b) efflux inhibition measurements are compound-specific experimental data directly relevant to CNS access, since P-gp activity at the blood-brain barrier influences brain penetration. Even though these are in vitro or vesicular assays, they can serve as auxiliary evidence for structurally related molecules.	potentially_informative	True	deepseek-ai/DeepSeek-V4-Flash-0731	1.0	759.0	275.0		dgx014	1a1b33499bb0663b4ab420e5b23f0e6dc6d9fe6b8f6c9744d9cc02809cabcd8e
bbb_martins	bbb_martins	L2	sb_57cc94345978f41f4f62	req_efb414a24960957a9047	False	include	Rat BBB permeability binary outcome is compound-specific experimental evidence directly relevant to CNS access after systemic administration, so it can serve as auxiliary evidence for structurally related molecules.	potentially_informative	True	deepseek-ai/DeepSeek-V4-Flash-0731	1.0	477.0	192.0		dgx014	1f97b5f0e4b189faa45f98ed76610496ae3f82813c961ea0269db1ab71c5df5a
bbb_martins	bbb_martins	L2	sb_5ae23addb15c7e5828be	req_71546244d6451310382b	False	exclude	Sodium extraction ratio measures BBB permeability to sodium ion, not compound-specific CNS access for a drug molecule; it is not a relevant property for predicting CNS penetration of a structurally related molecule.	wrong_property_or_route	False	deepseek-ai/DeepSeek-V4-Flash-0731	1.0	443.0	1601.0		dgx011	b5765b0baced32de86a012a9854d29b2100f175dfe8f07a9ae031d084e8ef3c8
bbb_martins	bbb_martins	L2	sb_5b1b6ed3a968afdfc53f	req_085440d7536d250617f4	False	exclude	Evans blue leakage assays measure extravasation of an albumin-bound dye as an index of BBB integrity, not the brain exposure or permeability of the test compound itself. This is therefore not compound-specific experimental evidence for predicting CNS access of a structurally related molecule.	non_compound_specific_or_nonexperimental	False	deepseek-ai/DeepSeek-V4-Flash-0731	1.0	560.0	1077.0		dgx011	20d3e71e2140feb129229bf6fbdb5b713abe92e9e261413758948a4f289ac158
bbb_martins	bbb_martins	L2	sb_60602920464f57c98767	req_cab3d9da60648fc0021d	False	include	P-glycoprotein inhibition is mechanistically relevant to CNS access via efflux transport, and although measured in honey bee rather than a mammalian BBB model, the evidence is compound-specific and may transfer as auxiliary support.	potentially_informative	True	deepseek-ai/DeepSeek-V4-Flash-0731	1.0	549.0	324.0		dgx011	66ba52d8ff4744689cfe3f3a4a3ab096c8e2c41b28df6ee513c20b78db6b1d8e
bbb_martins	bbb_martins	L2	sb_624d3fd5e11adedac68b	req_36f1f5ffb929eace4e6e	False	include	Records measure blood-brain barrier permeability or related CNS uptake endpoints, which are directly relevant to predicting whether systemic administration produces meaningful CNS access.	potentially_informative	True	deepseek-ai/DeepSeek-V4-Flash-0731	1.0	964.0	128.0		dgx011	17b1a950964d91f40ba3e24bda0350da3623ba98c1e95a6967240183a4b56804
bbb_martins	bbb_martins	L2	sb_6ccd48a245009656c030	req_42c357543315bb7a51fc	False	include	The bucket contains compound-specific efflux transport / pharmacological inhibition measurements involving ABCB1 (P-gp), a relevant transporter for CNS access because P-gp activity at the blood-brain barrier can limit brain penetration. Even though some assays are indirect or from non-human models, they may serve as auxiliary evidence for structurally related molecules.	potentially_informative	True	deepseek-ai/DeepSeek-V4-Flash-0731	1.0	927.0	320.0		dgx011	1efd0947bb713d62d9d6fbb540c6b62485c674d0061f605c1dafc1e59514cba9
bbb_martins	bbb_martins	L2	sb_6e870c2f1e31f5855207	req_10e04e3b98750105dce5	False	include	Compound-specific efflux transporter evidence is relevant to predicting CNS access, as transporter-mediated efflux can influence brain penetration even if the assay is indirect or from another species.	potentially_informative	True	deepseek-ai/DeepSeek-V4-Flash-0731	1.0	543.0	262.0		dgx014	c42387b3e7e54f9fa614960b47dc0188273048d9ebcdc14878991c3f752df8df
bbb_martins	bbb_martins	L2	sb_709ab6f14dbe69951965	req_73a34bf7ec5ab2f9803c	False	include	Records provide compound-specific experimental measurements of blood-brain barrier permeability/influx in rat, directly relevant to assessing CNS access potential despite being indirect relative to systemic administration.	potentially_informative	True	deepseek-ai/DeepSeek-V4-Flash-0731	1.0	656.0	137.0		dgx014	e52f6d5da7456b606cf7e4a5dfac1510d76fbdaafd03a1aa3745a918f47debc0
bbb_martins	bbb_martins	L2	sb_70d0d74b0c5ef5b37d17	req_0a4bfd0f90b3c7e9140f	False	include	Records reflect direct BBB permeability measurements, which are compound-specific experimental evidence relevant to CNS access despite being obtained from perfusion-based models.	potentially_informative	True	deepseek-ai/DeepSeek-V4-Flash-0731	1.0	803.0	151.0		dgx014	0f40118f89de1c7f2fe7e163c829449aaa6dae31a040888f936c65aebc3e1409
bbb_martins	bbb_martins	L2	sb_71650560cc09244e0d43	req_1e62f59b7bc323e27298	False	include	Caco-2 bidirectional transport data measuring ABCG2-mediated efflux are compound-specific experimental evidence relevant to predicting CNS access, since efflux transport can limit brain penetration. Though indirect and from an in vitro intestinal model, it is not intrinsically unusable for this purpose.	potentially_informative	True	deepseek-ai/DeepSeek-V4-Flash-0731	1.0	536.0	370.0		dgx014	090735a75f9e8ab6420dc45dfdc7d38c04b8e5a9fe4dec4faa28d4c7fb5deb99
bbb_martins	bbb_martins	L2	sb_735d3141eaaeead183b6	req_06171f67650344efcb10	False	include	Human CSF concentration measurements from clinical studies are direct, compound-specific experimental evidence relevant to CNS access after systemic administration.	potentially_informative	True	deepseek-ai/DeepSeek-V4-Flash-0731	1.0	512.0	130.0		dgx011	641589b353c4f0f5bdb0a183a4fafa84ba2efc68de02bd1dfe49ea0c518a33d6
bbb_martins	bbb_martins	L2	sb_750148e0dc15f376abbe	req_877900eeca5e17d37845	False	include	Brain-to-muscle ratio is compound-specific experimental evidence of brain distribution relative to peripheral tissue, which can inform CNS access potential despite being from another species and an indirect surrogate.	potentially_informative	True	deepseek-ai/DeepSeek-V4-Flash-0731	1.0	449.0	315.0		dgx011	a2e9098bc9cb33d1a207319a9b8396d15a9d19dffa0a78b8ca55111b77f7abac
bbb_martins	bbb_martins	L2	sb_758f875798ab92a8c286	req_e856a54d0495dd48d947	False	include	The bucket contains compound-specific experimental BBB permeability classifications from in vivo assays (angiography, multiphoton microscopy) in rodents, directly relevant to predicting CNS access after systemic administration.	potentially_informative	True	deepseek-ai/DeepSeek-V4-Flash-0731	1.0	632.0	277.0		dgx011	8f13affb230183e662dd5218e8e8cadcbcc7e074f00487b98f9ba6dc8ddb0eeb
bbb_martins	bbb_martins	L2	sb_76491a58c91624deacb1	req_d1e861a19f67f03edf79	False	exclude	Sodium fluorescein permeability is a tracer-based measure of barrier integrity/paracellular leakage, not a compound-specific permeability measurement for the molecule of interest; therefore it is not usable as auxiliary compound-specific evidence for CNS access prediction.	non_compound_specific_or_nonexperimental	False	deepseek-ai/DeepSeek-V4-Flash-0731	1.0	580.0	504.0		dgx011	bab24cfe0ea9e1d8a703dbab282c2edb3f83bbf5176b11b683d3771353798786
bbb_martins	bbb_martins	L2	sb_79baf66fadd4593b37b2	req_fec42041ae05875fa2d7	False	include	Brain efflux flux from a catheterization experiment is compound-specific experimental evidence relevant to CNS access and can inform predictions for structurally related molecules, despite indirect or cross-species transfer limitations.	potentially_informative	True	deepseek-ai/DeepSeek-V4-Flash-0731	1.0	455.0	172.0		dgx014	fb6f7c43e0e623c38723b9ee705522d2139092179c970daa6890d671911f967f
bbb_martins	bbb_martins	L2	sb_7daf2e0807e9b4c64ca6	req_bfa000cceb04489cefcb	False	include	Microdialysis measurement of brain unbound concentration or hypothalamic microdialysate level is direct, compound-specific experimental evidence of CNS exposure, relevant as auxiliary evidence for structurally related molecules.	potentially_informative	True	deepseek-ai/DeepSeek-V4-Flash-0731	1.0	565.0	146.0		dgx014	fe3983d641df2de8927ec17b0c350bf7917a83d548588df90d4ca806c2d2d6ec
bbb_martins	bbb_martins	L2	sb_7eb9c0bf2fe8c929ac70	req_22fed79c284186692269	False	include	Rat iv PK efflux-transport data for ABCG2/BCRP with a quantitative ratio is compound-specific experimental evidence relevant to assessing CNS access and may serve as auxiliary evidence for structurally related molecules.	potentially_informative	True	deepseek-ai/DeepSeek-V4-Flash-0731	1.0	535.0	565.0		dgx014	5fb42d4de6f1dbf44b921b5a2ff55fb1691df661e2c31d2df226af9cc6df2538
bbb_martins	bbb_martins	L2	sb_7f227dc6afe2e29bee71	req_34fab2976fd20ce20658	False	include	Records measure compound-specific inhibition/interaction with ABCB1/P-gp, a key efflux transporter relevant to BBB-mediated CNS access. Although inhibition is indirect evidence for whether a structurally related molecule is a substrate, it can inform transporter engagement and is not intrinsically unusable for predicting CNS access.	potentially_informative	True	deepseek-ai/DeepSeek-V4-Flash-0731	1.0	1100.0	693.0		dgx014	69fceb4eb759156d5ea751d3332c2e84a42396b69bb707ae52d9a466c6ca651a
bbb_martins	bbb_martins	L2	sb_82f134f7e6b30ad37cc8	req_79d5bd3fcd7e73061cff	False	include	Membrane partitioning is directly relevant to passive BBB permeability and can provide auxiliary evidence for CNS access, even though it is indirect and species/route context is unspecified.	potentially_informative	True	deepseek-ai/DeepSeek-V4-Flash-0731	1.0	489.0	226.0		dgx011	1fed4b8dff37c25660a49e7216e81f9433801df1f404702ba2d4b650a8048f00
bbb_martins	bbb_martins	L2	sb_835846ac125994032213	req_56b4d75c119a423db182	False	include	In vivo rodent brain exposure fold change with an inhibitor is compound-specific experimental evidence directly relevant to CNS access prediction; indirect transferability or transporter species differences do not make it intrinsically unusable.	potentially_informative	True	deepseek-ai/DeepSeek-V4-Flash-0731	1.0	539.0	590.0		dgx011	2612124ae598e5c7b37953114fdfc3789502bc488cc61d4fdb0e2230dd3be5c8
bbb_martins	bbb_martins	L2	sb_8385c18838ee63aed4a7	req_0573dcde480f50aa0c5b	False	include	Mouse PK study with pharmacological inhibition of Abcb1a/P-gp provides compound-specific experimental evidence relevant to CNS access, as altered transporter-mediated efflux can inform brain exposure potential.	potentially_informative	True	deepseek-ai/DeepSeek-V4-Flash-0731	1.0	547.0	292.0		dgx011	509f6ae13e4d739f72e532c56b83d18d59fc3f8f9627089b70e2960ae46df6c4
bbb_martins	bbb_martins	L2	sb_848181735bdd9c7bd04a	req_f51503f1a25935dcd0d5	False	include	Records are compound-specific experimental measurements of passive permeability across brain endothelial/BBB model systems, which are directly relevant to predicting CNS access after systemic administration.	potentially_informative	True	deepseek-ai/DeepSeek-V4-Flash-0731	1.0	785.0	113.0		dgx011	b7020a0e3740e90d65ac7c0c1a854e21db3692f80c62ad6c2f0de2fc4c59662e
bbb_martins	bbb_martins	L2	sb_86308401d0b0d658978c	req_3d57c60d82bb945fa0ea	False	include	The bucket records a direct BBB permeability binary outcome based on organ concentration, which is compound-specific experimental evidence relevant to assessing CNS access potential for structurally related molecules.	potentially_informative	True	deepseek-ai/DeepSeek-V4-Flash-0731	1.0	460.0	313.0		dgx014	afc8ce4fc12cbcc481af76d91e1e0bcd539e19ad499276df77ccf80ccaecb3ae
bbb_martins	bbb_martins	L2	sb_868b0ca856bb4e139495	req_13bbc5e0da7336003123	False	include	Abcc1 inhibition potency in a vesicle transport assay is compound-specific experimental evidence relevant to efflux transporter activity, which can inform CNS access predictions despite being indirect.	potentially_informative	True	deepseek-ai/DeepSeek-V4-Flash-0731	1.0	545.0	224.0		dgx011	44f9399fadfed617979eb3e60e1702b3a6e0296e69ebe0072676e18b77b788da
bbb_martins	bbb_martins	L2	sb_883e4978adbebd0ba164	req_a36a70682e6ee3c81740	False	include	Records in this bucket are compound-specific experimental measurements of BBB permeability or CNS penetration in vivo, which are directly relevant as auxiliary evidence for predicting CNS access of structurally related molecules.	potentially_informative	True	deepseek-ai/DeepSeek-V4-Flash-0731	1.0	836.0	182.0		dgx014	bbbf02ab2bbcf9e80915558bb86a152dd41d8542439da29ce9284cb4bf0b6790
bbb_martins	bbb_martins	L2	sb_890c6a890eded5f67e9f	req_1fb1bb7a3d32809d5b01	False	include	Efflux transport by Abcb1b (mouse P-gp) is mechanistically relevant to CNS access; compound-specific transporter data can inform predictions of brain penetration even if the assay context or endpoint is vague.	potentially_informative	True	deepseek-ai/DeepSeek-V4-Flash-0731	1.0	509.0	263.0		dgx014	2d0f3186bded9cb33b0657367199c6fc50b63e311619851bc97b10ebd2fad5dc
bbb_martins	bbb_martins	L2	sb_89aa172de26df341a056	req_1714e7248bbeffa7832a	False	exclude	The bucket contains permeability measurements of reference tracers (lucifer yellow/sucrose), not of the query or structurally related molecule; therefore it is not compound-specific experimental evidence for predicting CNS access.	non_compound_specific_or_nonexperimental	False	deepseek-ai/DeepSeek-V4-Flash-0731	1.0	570.0	1434.0		dgx014	0122baba2010df6daa8ef8d72a53bbdc504fda0309f61b7c4d3fc9c4fe1c3c73
bbb_martins	bbb_martins	L2	sb_8af794c5fd0f7384c84f	req_b161994608570fd4262b	False	include	The bucket contains compound-specific efflux transport and brain exposure evidence relevant to CNS access, including P-glycoprotein substrate/transport measurements and in vivo or clinical brain exposure outcomes. Even if some records are indirect or from different species/models, they are potentially informative for structurally related molecules.	potentially_informative	True	deepseek-ai/DeepSeek-V4-Flash-0731	1.0	1170.0	484.0		dgx014	203c42fdb7d87e9449c83f9ac9b57f991299875536deb739f88118240da7949e
bbb_martins	bbb_martins	L2	sb_8b0f25892207054cf397	req_e5433a49c9ed2c6b2c0a	False	include	Records are compound-specific in vivo or in situ BBB permeability measurements (e.g., brain uptake, permeability-surface area product, perfusion models), directly relevant to predicting CNS access after systemic administration.	potentially_informative	True	deepseek-ai/DeepSeek-V4-Flash-0731	1.0	874.0	173.0		dgx011	791baff984ece3fc91e41ae6e6ade1c9d209e12d83e93c344b1610fe91a27674
bbb_martins	bbb_martins	L2	sb_8eea9fb424420dc115a4	req_87a0495ae88fa0305a8e	False	include	The bucket contains compound-specific permeability/efflux measurements linked to a BBB permeability classification, which can be auxiliary evidence for CNS access even if indirect or from in vitro/mouse models.	potentially_informative	True	deepseek-ai/DeepSeek-V4-Flash-0731	1.0	624.0	366.0		dgx014	e533d94eb48bfc48317636d314f62da3b6f88e0748c9f080142d9e72a797ae2f
bbb_martins	bbb_martins	L2	sb_912344974dba3fef6f5c	req_4eefd1ef32c0b5e4666a	False	include	The bucket provides compound-specific experimental evidence on whether a molecule is an ABCB1/Abcb1a efflux transporter substrate, which is directly relevant to predicting CNS access because efflux at the blood-brain barrier limits brain penetration.	potentially_informative	True	deepseek-ai/DeepSeek-V4-Flash-0731	1.0	567.0	366.0		dgx014	a5935739e6d9bc78f1ee1852776a5dbb62eb0a9020e0bc0aa357a142d330acdf
bbb_martins	bbb_martins	L2	sb_92ae7ae08645a73bf5c5	req_e039c4f5e1f7e123c031	False	exclude	Permeability of lucifer yellow/sucrose reports barrier tightness/integrity, not the CNS access of the molecule of interest; thus it is not compound-specific experimental evidence for a structurally related molecule.	non_compound_specific_or_nonexperimental	False	deepseek-ai/DeepSeek-V4-Flash-0731	1.0	647.0	1974.0		dgx014	5719972201e28dba2fb7142f768088ad09dd18f8b8e66effb2b926de2823b9d4
bbb_martins	bbb_martins	L2	sb_92f980721fc13a319107	req_fa20b40ffe6e4f6203a4	False	include	Records measure BBB permeability/brain uptake, which is directly relevant to CNS access after systemic administration.	potentially_informative	True	deepseek-ai/DeepSeek-V4-Flash-0731	1.0	845.0	90.0		dgx014	0ae170da7a6c4962dc09e2b304473535155ff686b2801e6bf5be063127d5963e
bbb_martins	bbb_martins	L2	sb_93a8d7da9739f647038a	req_b4a4bdbb5269bfe99bdb	False	include	Records are compound-specific in vivo PET/distribution measurements of brain radioactivity or uptake in primates, directly relevant to assessing meaningful CNS access after systemic administration.	potentially_informative	True	deepseek-ai/DeepSeek-V4-Flash-0731	1.0	729.0	162.0		dgx011	26933014e038825c1c686588fa0892d0247086f8a331df5ca9c1787809083f5e
bbb_martins	bbb_martins	L2	sb_9436fa8517781282f0d6	req_a6ca0c87504a6bbd0368	False	include	Mammalian in vivo qualitative transporter evidence related to transporter-limited brain exposure is directly relevant to predicting CNS access after systemic administration, even if indirect or from another model.	potentially_informative	True	deepseek-ai/DeepSeek-V4-Flash-0731	1.0	552.0	962.0		dgx014	b2bee8b93702764b353440b37fbe04430e5314745fa549683cc1280728570c41
bbb_martins	bbb_martins	L2	sb_9d0ec121fb02fff8d11b	req_77c6d8d86796aab6f9c9	False	exclude	The bucket records paracellular permeability of marker compounds (sodium fluorescein, sucrose) used to assess BBB model integrity, not permeability or CNS access of the molecule of interest or a structurally related compound. It is therefore not compound-specific experimental evidence for predicting CNS access.	non_compound_specific_or_nonexperimental	False	deepseek-ai/DeepSeek-V4-Flash-0731	1.0	813.0	1128.0		dgx014	e0cb72310de2d4527ff519543a7fae78f9a09e21024b38a6a10d493d7076d1c8
bbb_martins	bbb_martins	L2	sb_9f323798a791016416cb	req_f5ed437f70bc98353f54	False	include	Sodium fluorescein permeability in a human thincert BBB model is a compound-specific experimental measurement related to BBB permeability, which can inform CNS access predictions for structurally related molecules despite being indirect and assay-based.	potentially_informative	True	deepseek-ai/DeepSeek-V4-Flash-0731	1.0	494.0	858.0		dgx011	4fd5b12c0f5795df49d3df29a975aea8a51cee0fcf2ea8e3614dc706aa5af133
bbb_martins	bbb_martins	L2	sb_9fdbc502c7bb42b93ac7	req_012a6319acd3cc49e730	False	include	The bucket contains compound-specific in vivo brain exposure measurements involving ABCG2 efflux transport, including brain-to-plasma ratios and fold-changes under genetic or pharmacological perturbation. Such data can inform whether structurally related molecules are subject to efflux-mediated CNS access limitations.	potentially_informative	True	deepseek-ai/DeepSeek-V4-Flash-0731	1.0	1021.0	407.0		dgx014	5df269cb59aaab53cd302b2e0a8ebe481ea20934102f8b62c84a963e129bfbc1
bbb_martins	bbb_martins	L2	sb_a0962e16c916c34d2b56	req_4fbe01b95dcd9ec29506	False	include	The bucket contains compound-specific in vitro BBB permeability measurements, which are directly relevant to predicting CNS access despite being indirect relative to systemic in vivo outcomes.	potentially_informative	True	deepseek-ai/DeepSeek-V4-Flash-0731	1.0	891.0	122.0		dgx011	458a3d2727bf1f4578a93b3536c1e39f9aa5711a431ee042ff8c6e11629dddec
bbb_martins	bbb_martins	L2	sb_a7333894efe93730e22b	req_7dcea490544b8ff75673	False	include	These assays measure brain-related passive permeability via multiple CNS-relevant experimental systems, which is compound-specific evidence directly informative for predicting CNS access after systemic administration.	potentially_informative	True	deepseek-ai/DeepSeek-V4-Flash-0731	1.0	690.0	328.0		dgx014	ded2b07b49f2c6a9ed7c47e2bead2241954e272d0706c2e201ec780c656e5ebf
bbb_martins	bbb_martins	L2	sb_aaadc47e6677da92ffc2	req_0c283ed56c09b96f53bb	False	include	The bucket contains compound-specific in vivo brain exposure and efflux transport evidence, including brain uptake, PET inhibition, microdialysis, and DDI studies. These measurements are directly relevant to predicting CNS access and are not intrinsically unusable for structurally related molecules.	potentially_informative	True	deepseek-ai/DeepSeek-V4-Flash-0731	1.0	966.0	261.0		dgx014	d279a5f821b9f48406e94169b7321424db08d011a821533025c1cd8cd4c867bf
bbb_martins	bbb_martins	L2	sb_ad04125d22f122ff3d98	req_e38d3cd0b7775732b327	False	include	The bucket contains compound-specific in vivo brain uptake kinetic measurements (Kt), which are experimentally relevant to CNS access even if indirect or incomplete for predicting net exposure. It is not intrinsically unusable for the prediction.	potentially_informative	True	deepseek-ai/DeepSeek-V4-Flash-0731	1.0	441.0	1075.0		dgx011	90973790c818ccc1aca9e857af82526970a7ee3678f2c04c0b21eba0c85086c5
bbb_martins	bbb_martins	L2	sb_b0b931e3bab4f5520f7e	req_8283d487ad8877146de7	False	include	The bucket contains compound-specific in vivo measurements of brain-to-blood or brain-to-plasma distribution, which directly inform CNS access and can serve as auxiliary evidence for structurally related molecules.	potentially_informative	True	deepseek-ai/DeepSeek-V4-Flash-0731	1.0	867.0	121.0		dgx011	b0992595c836e848f455fd58a0b81a535f298cdcce7690ef52975f4393b108b3
bbb_martins	bbb_martins	L2	sb_b3fb42bf24e6bbee4c27	req_eb1a3bb20b7da465031c	False	include	PET/microPET imaging measures such as SUV_mean and volume of distribution reflect compound-specific brain uptake after systemic administration in animals, making them relevant auxiliary evidence for CNS access prediction.	potentially_informative	True	deepseek-ai/DeepSeek-V4-Flash-0731	1.0	549.0	340.0		dgx011	74f5135b10b02bc64d83b22405983b20ded0ffc3be8966f583bafc9eaacdbc24
bbb_martins	bbb_martins	L2	sb_b6508a82f5550f2cdd85	req_68610da62640a37525ec	False	include	Records measure brain concentration, accumulation, or AUC after in vivo administration, directly characterizing CNS access and thus potentially informative as auxiliary evidence for structurally related molecules.	potentially_informative	True	deepseek-ai/DeepSeek-V4-Flash-0731	1.0	793.0	129.0		dgx011	4e81ceeae5ce9438214832b0ff255a3fcd75efd1bb32b1f6db7ec89a9cd85c49
bbb_martins	bbb_martins	L2	sb_b6e84a91fe6eb9abf069	req_5dd169135c1051ddd27c	False	include	The bucket contains compound-specific in vivo systemic-administration measurements of brain-to-peripheral organ ratios interpreted as BBB permeability outcomes, which are directly relevant evidence for assessing meaningful CNS access.	potentially_informative	True	deepseek-ai/DeepSeek-V4-Flash-0731	1.0	566.0	182.0		dgx011	b43d44dd3d3f0dc8da54856267c43d40bc496af6ba94f451d144423d694654e1
bbb_martins	bbb_martins	L2	sb_ba9797d351fcf67b6fdd	req_7cad83ec6a51b07060c8	False	include	This is compound-specific experimental evidence of brain-to-blood transfer after ICV dosing. Although it measures efflux rather than systemic blood-to-brain influx, it directly probes blood-brain barrier transport and can inform predicted CNS access as auxiliary evidence.	potentially_informative	True	deepseek-ai/DeepSeek-V4-Flash-0731	1.0	480.0	884.0		dgx011	cf9be8cf83da9a915a02e23644ee3b82f48197e5e5d4d1925859e7f3004395c6
bbb_martins	bbb_martins	L2	sb_bd19de97f66708f06cb0	req_9fe67d11efcf8b678943	False	include	Brain microdialysis provides an in vivo CNS-specific measurement, and cerebral glycerol increase is a compound-specific pharmacodynamic biomarker response. Although indirect rather than direct drug concentration evidence, it can inform predictions of meaningful CNS access.	potentially_informative	True	deepseek-ai/DeepSeek-V4-Flash-0731	1.0	457.0	713.0		dgx014	0e250fc2d9c6ee4ee1ecd8c6d3cdeeb75cf9307405e822a348c54021298f12af
bbb_martins	bbb_martins	L2	sb_c1c592baa919e830df63	req_6743b1a167df1b5d97ae	False	include	hCMEC/D3 uptake assay measuring passive permeability is compound-specific experimental evidence relevant to blood-brain barrier penetration and thus CNS access.	potentially_informative	True	deepseek-ai/DeepSeek-V4-Flash-0731	1.0	496.0	252.0		dgx011	f59d59fef602171f7aba67fa978ba4049e5c73a21b6df9c483ab006a086136c0
bbb_martins	bbb_martins	L2	sb_c48b97254cb7a7495ad3	req_96252374c19dca42c9f6	False	include	The bucket records direct BBB substrate relationship evidence, which is compound-specific and relevant to CNS access predictions even if context and species are unspecified or the evidence is indirect.	potentially_informative	True	deepseek-ai/DeepSeek-V4-Flash-0731	1.0	436.0	169.0		dgx014	8ede533445d09e87ac58295c70ab6271704b53ee7c31b913975c16665daf29c7
bbb_martins	bbb_martins	L2	sb_c55209923c2775a04d5b	req_6820c99855fe9606aea4	False	include	This bucket contains compound-specific experimental evidence on brain exposure, brain-to-plasma ratios, and transporter-related efflux modulation, which is directly relevant to assessing CNS access after systemic administration.	potentially_informative	True	deepseek-ai/DeepSeek-V4-Flash-0731	1.0	1093.0	455.0		dgx011	e504ef45c4193756cf9f8d70937b874e3f2439ccccd56431c45f89c1480ec16d
bbb_martins	bbb_martins	L2	sb_c7a1ed505c3217133a11	req_a38d592a4f25f61d5660	False	include	Brain microdialysis measurement of unbound ECF-to-plasma ratio is compound-specific experimental evidence directly relevant to CNS access; even if the compound is probenecid, it can serve as auxiliary evidence for structurally related molecules.	potentially_informative	True	deepseek-ai/DeepSeek-V4-Flash-0731	1.0	463.0	833.0		dgx014	bb891a173b6826b2838c3d8ab198861a5e3bbc3e2baffc69c49921ade1433549
bbb_martins	bbb_martins	L2	sb_c7e564af971aadc36381	req_a89075565c8259a6b70a	False	include	Rat brain-to-plasma, Kp,uu,brain, and CSF-to-unbound plasma measurements are compound-specific experimental indicators of BBB penetration and CNS access following systemic administration; a binary permeability class derived from these endpoints can be informative as auxiliary evidence for structurally related molecules.	potentially_informative	True	deepseek-ai/DeepSeek-V4-Flash-0731	1.0	520.0	311.0		dgx014	45d3455e370d28a0fa0aa4219dfe0f771ad412fa736a8019d4e7cc7f770f46f5
bbb_martins	bbb_martins	L2	sb_c842e4140581e7d97ef6	req_3dc4b09d28d6971880eb	False	include	ABCG2/BCRP efflux substrate status is compound-specific experimental evidence relevant to CNS access, since efflux transporters at the blood-brain barrier can limit brain penetration. Although contexts and species vary, this is auxiliary evidence and should not be excluded.	potentially_informative	True	deepseek-ai/DeepSeek-V4-Flash-0731	1.0	1074.0	351.0		dgx014	fe0392bfb43353de0c6cd03216c31ff5ebc4c060eb404d9adb931fcf34fea2b0
bbb_martins	bbb_martins	L2	sb_cb2a2996131a277fac91	req_3753f9145705a88c97ff	False	include	The bucket contains compound-specific PET-based measurements of brain exposure changes upon pharmacological inhibition of efflux transporters in mice. This directly relates to transporter-mediated CNS access and can serve as auxiliary, albeit indirect, evidence for structurally related molecules.	potentially_informative	True	deepseek-ai/DeepSeek-V4-Flash-0731	1.0	944.0	423.0		dgx014	885e85de95bba801288e39ede6b4b7ca618039488be96e74d4a45a743df4fcb9
bbb_martins	bbb_martins	L2	sb_cbd67e2edfcb571f8dc6	req_7f72aa892d9f416be99e	False	include	Records report in vivo brain-to-plasma or brain-to-blood distribution ratios after systemic administration, which are directly relevant to assessing CNS access for structurally related molecules.	potentially_informative	True	deepseek-ai/DeepSeek-V4-Flash-0731	1.0	877.0	223.0		dgx011	e3b06f460b363915d8adaff696ac35e9874783149cd12c641b10d64d47b6b7c6
bbb_martins	bbb_martins	L2	sb_cdc5e53557e7d22b6c2a	req_fad877294c5e6bb15668	False	include	Rat brain perfusion measurements provide compound-specific experimental evidence relevant to blood-brain barrier penetration and CNS access, even if indirect or weakly transferable.	potentially_informative	True	deepseek-ai/DeepSeek-V4-Flash-0731	1.0	448.0	410.0		dgx011	be631cbf2b2a6e5f8b38ca478b9b4461fff91a9dbf6140fc27c60508103e0fa8
bbb_martins	bbb_martins	L2	sb_d1650535d8d74911ff90	req_f667c33ab4435aa7f71f	False	include	Records describe qualitative transporter claims for P-glycoprotein/ABCB1-related efflux limiting brain exposure in rat brain distribution contexts. This is compound-specific experimental evidence directly relevant to predicting CNS access after systemic administration.	potentially_informative	True	deepseek-ai/DeepSeek-V4-Flash-0731	1.0	625.0	383.0		dgx014	c1c565f91a1d636a5612b2395a8b7e5d9f8256417eaaf22cf884af3cc0e0eef7
bbb_martins	bbb_martins	L2	sb_d3261b75fdb5470bcb21	req_200d63271bc7f0c41267	False	include	This bucket contains compound-specific experimental CNS penetration evidence (microdialysis-derived CSF-to-unbound brain ratio scored as binary BBB permeability) in rabbit and rat models. This is directly relevant to assessing meaningful CNS access after systemic administration, even if transfer across species or measurement details may be limited.	potentially_informative	True	deepseek-ai/DeepSeek-V4-Flash-0731	1.0	496.0	259.0		dgx011	3e9d84e7730d37838a2b737d5a4dd43428f59de376fa0ece1974e07d3925891b
bbb_martins	bbb_martins	L2	sb_d39564cafd94061e9110	req_66edc0e5aac36adf3149	False	include	Records in this bucket are compound-specific experimental measurements of blood-brain barrier permeability or CNS exposure, including in vivo and microdialysis outcomes relevant to systemic CNS access. Even if indirect or from varied species/models, they are interpretable and potentially transferable for structurally related molecules.	potentially_informative	True	deepseek-ai/DeepSeek-V4-Flash-0731	1.0	873.0	188.0		dgx014	263ead7a43e04c80dc2de348e608a15d5aa6255bdf7688a6b82e841abddf01c2
bbb_martins	bbb_martins	L2	sb_d3cfefe3e9ca8a33daf1	req_1531607eb7582a9a11a4	False	include	The records are compound-specific experimental pharmacokinetic measurements in mouse with a binary BBB permeability classification, which is directly relevant to assessing CNS access after systemic administration.	potentially_informative	True	deepseek-ai/DeepSeek-V4-Flash-0731	1.0	482.0	397.0		dgx011	9c97ea0c2eb2f6920d5098b55a498c0747f8ce274b0e6b0df45a5ead58ffadf4
bbb_martins	bbb_martins	L2	sb_d3eb7b4a1229f3c35826	req_8c913daba679b776cedc	False	include	CSF penetration and CSF-to-plasma ratio measurements are compound-specific experimental endpoints directly relevant to CNS access after systemic administration, despite species or model differences.	potentially_informative	True	deepseek-ai/DeepSeek-V4-Flash-0731	1.0	829.0	266.0		dgx011	b97edb560bd6b95298cbc2041cfe42d985c975c54f7763aa0c9360826b39557b
bbb_martins	bbb_martins	L2	sb_d60202a7247eb8947c45	req_880eb1fb6b959e53e521	False	include	The bucket provides compound-specific experimental evidence of efflux transporter substrate status (ABCC2/Mrp2) from a rat biliary output assay. Although biliary output is not direct CNS measurement, efflux transporter interactions can bear on brain penetration and CNS access, so it is potentially informative as auxiliary evidence.	potentially_informative	True	deepseek-ai/DeepSeek-V4-Flash-0731	1.0	571.0	487.0		dgx011	a13b54c55e50f8977d22486eced171e6001b5d35e4eea6ef0850421eea15b2cc
bbb_martins	bbb_martins	L2	sb_d6cdf63540cbda663278	req_07a352d193bb99c1a548	False	include	CSF/plasma distribution ratios from in vivo studies are compound-specific experimental measures directly relevant to CNS access, so they are eligible as auxiliary evidence even if species or assay details vary.	potentially_informative	True	deepseek-ai/DeepSeek-V4-Flash-0731	1.0	834.0	352.0		dgx011	8ca2a7bdfedf9f1f2e931fc9e8a3bef09bfbb9f0804c58a8ffa05c1037220fdf
bbb_martins	bbb_martins	L2	sb_da4f1d7783c85f587d2a	req_cc8b24d2d0324b4c59b7	False	include	In vivo CSF dose fraction measurement is compound-specific experimental evidence directly relevant to CNS access, despite being from sheep and requiring cautious transfer.	potentially_informative	True	deepseek-ai/DeepSeek-V4-Flash-0731	1.0	456.0	178.0		dgx014	18a886f0eaeadc9295c74c9b21da80d3fc30665a2c82ccc9809fc9a3951a0c66
bbb_martins	bbb_martins	L2	sb_eae7e27e26971102f8fb	req_bcd66c3d8530bad3c65c	False	include	In vivo rat brain-to-unbound serum ratio measured as a binary BBB permeability outcome is compound-specific experimental evidence directly relevant to CNS access potential, so it may transfer as auxiliary evidence.	potentially_informative	True	deepseek-ai/DeepSeek-V4-Flash-0731	1.0	488.0	199.0		dgx014	4c55ecb8cecdbdef332384cb4e30c72fa896d5d8da6492b01fc1aa528f84b0cc
bbb_martins	bbb_martins	L2	sb_f1fa2eda5a389be0a08e	req_a323c4a2e88f53b893a3	False	include	Records are compound-specific experimental measurements of brain-to-blood or brain-to-plasma partitioning, which directly inform CNS access after systemic administration and can transfer as auxiliary evidence for structurally related molecules.	potentially_informative	True	deepseek-ai/DeepSeek-V4-Flash-0731	1.0	823.0	161.0		dgx011	9295fa81695a75b5c93c1c35a10fe174df9d5e055880be774caa2a5018ee5adb
bbb_martins	bbb_martins	L2	sb_f401edcdaafc742d83b5	req_5ffbe9eda53695162648	False	include	Records measure compound-specific brain or CNS accumulation after in vivo administration, directly relevant to predicting systemic CNS access.	potentially_informative	True	deepseek-ai/DeepSeek-V4-Flash-0731	1.0	794.0	168.0		dgx014	fc88b1ecad146effb49026416246b12f10a725c3aaf7db510a4fd8fcc22fa360
bbb_martins	bbb_martins	L2	sb_f5eec62a3544b9d19197	req_6c02e480ab7ac3dac65e	False	include	The bucket contains compound-specific pharmacological inhibition data for an efflux transporter (ABCC2). Although the assay context is skate liver vesicles rather than CNS tissue, transporter inhibition data can serve as auxiliary, indirect evidence relevant to predicting systemic CNS access and should not be excluded.	potentially_informative	True	deepseek-ai/DeepSeek-V4-Flash-0731	1.0	647.0	1106.0		dgx014	43b63e3948b22f5e3cf7f6f329cd31eece5fe26977ebc310836a96cb717f7805
bbb_martins	bbb_martins	L2	sb_fa4fe74d246d7b3615c9	req_b6024f8b9c46636591b4	False	include	Records are compound-specific in vivo/ex vivo measurements of brain concentrations, uptake, or distribution, directly relevant to assessing CNS access.	potentially_informative	True	deepseek-ai/DeepSeek-V4-Flash-0731	1.0	894.0	212.0		dgx011	8b99bda06765ce22316beac34875bc97c3443481052051e7a6d46b9b03a0f128
bbb_martins	bbb_martins	L2	sb_fa71bfe311f6a0213eda	req_d5a540be40801fbaf05c	False	include	CSF concentration measurements and BBB permeability classifications are compound-specific experimental evidence relevant to assessing CNS access after systemic administration, even if indirect or from varied mammalian contexts.	potentially_informative	True	deepseek-ai/DeepSeek-V4-Flash-0731	1.0	713.0	193.0		dgx014	e7d6005b686bb9daa234c3cabb65de26ff7bb0f99883827e71f8fdc6bd0c06c2
bbb_martins	bbb_martins	L2	sb_fc3597a86ebbcf10d538	req_9238787bc1e7a763dcfb	False	include	Records are direct experimental BBB permeability outcome measurements, which are intrinsically relevant as auxiliary evidence for predicting CNS access of structurally related molecules.	potentially_informative	True	deepseek-ai/DeepSeek-V4-Flash-0731	1.0	894.0	135.0		dgx011	0f8a0489bdb5da463f40f8dcefdaf5105b8e5b48c5b983fd939e924920bbf3ed
bbb_martins	bbb_martins	L2	sb_fca2590deddffa23a6d7	req_e8893c7fae96492ac12a	False	include	Records are in vivo brain exposure measurements (brain-to-plasma ratio) in rodents, which are directly relevant compound-specific experimental evidence for predicting CNS access after systemic administration. Transporter/species context does not make the bucket intrinsically unusable.	potentially_informative	True	deepseek-ai/DeepSeek-V4-Flash-0731	1.0	995.0	443.0		dgx011	88db4d973d5159bcb7ba884899691883e5d418608608ace6ecc5c471d6ff5a8d
bbb_martins	bbb_martins	L3	sb_016069aea54b4ec9aecc	req_69a73896fb7f68766668	False	include	PAMPA is a recognized in vitro permeability surrogate relevant to passive BBB penetration, and the measurement scale is a compound-specific binary BBB permeability outcome, so it may serve as auxiliary evidence for CNS-access prediction.	potentially_informative	True	deepseek-ai/DeepSeek-V4-Flash-0731	1.0	480.0	2726.0		dgx014	90c5d9c30452c8318f4c33cb484c2836119199e4264782a56b7cb715cba66f47
bbb_martins	bbb_martins	L3	sb_213e631aa31b0e52e2c8	req_64cecf0069ed4d48b22d	False	include	Records are compound-specific experimental measurements of brain-to-serum ratio in rat, a direct indicator of CNS exposure relevant to predicting systemic CNS access.	potentially_informative	True	deepseek-ai/DeepSeek-V4-Flash-0731	1.0	490.0	151.0		dgx014	f5feb2435b2dc3b11693bb895965c993e68a49c9ed3c502ce937585eefcfe29b
bbb_martins	bbb_martins	L3	sb_279793caab683cc2d4e6	req_a11c80586847d0a79922	False	include	Membrane partitioning / lipid-water partition coefficient is mechanistically relevant to passive BBB permeability and CNS access. The binary BBB interpretation makes it usable as auxiliary evidence, even if indirect.	potentially_informative	True	deepseek-ai/DeepSeek-V4-Flash-0731	1.0	517.0	320.0		dgx014	f6638e89bd83a6152cce643a14d770c11cd2c1f0ca17fdaf95417d797377119a
bbb_martins	bbb_martins	L3	sb_52b91c42f2398a4e9350	req_eabc5b8a73f1f5a06e3a	False	include	Permeability and Abcb1b efflux transporter data are directly relevant to CNS access predictions, even if indirect or from a mouse model.	potentially_informative	True	deepseek-ai/DeepSeek-V4-Flash-0731	1.0	543.0	558.0		dgx014	5316eaa79711546907fe2123b13db5161a37933e11fb422be6798554505973a4
bbb_martins	bbb_martins	L3	sb_615dc3cff9cac293aaf3	req_a7b580729143183f3c4a	False	include	ABCB1/P-gp efflux permeability data in a human BBB model are directly relevant to predicting CNS access, as efflux transport can limit brain penetration of systemically administered compounds.	potentially_informative	True	deepseek-ai/DeepSeek-V4-Flash-0731	1.0	541.0	278.0		dgx011	48981396fee583c7cb78718645c25d682dff5e3cfbc3069a25244cccd88aadc9
bbb_martins	bbb_martins	L3	sb_9bd1d4e8a3c84abd8224	req_6bcad1669b826316d95b	False	include	Caco-2 bidirectional transport data for ABCB1/P-gp evaluates whether a compound interacts with a key efflux transporter relevant to limiting CNS penetration. Although the assay is not a direct BBB model, it provides compound-specific experimental evidence that can inform CNS access predictions for structurally related molecules.	potentially_informative	True	deepseek-ai/DeepSeek-V4-Flash-0731	1.0	560.0	444.0		dgx014	b33ef637d7d79c5412c553cfb739ae80adb875591e17e4f922647525afb3d4ba
bbb_martins	bbb_martins	L3	sb_bdd8d0a191e059f5fc1c	req_7ccf93a44db26f5067bf	False	include	P-gp/ABCB1 efflux transport and inhibition assays are directly relevant to CNS access, as efflux at the blood-brain barrier is a major determinant of whether systemic administration leads to meaningful brain exposure.	potentially_informative	True	deepseek-ai/DeepSeek-V4-Flash-0731	1.0	975.0	382.0		dgx011	f7706f1a649ad6490fe702e860972ad3b2138cc1dee73b8902ee10f3096b1a3c
bbb_martins	bbb_martins	L4	sb_040ec394857cbc562c64	req_f657d2c463f027666086	False	exclude	The assay measures substrate status for OCA2, a melanosomal transmembrane protein, which is not a relevant blood-brain barrier efflux transporter for predicting CNS access after systemic administration.	wrong_property_or_route	False	deepseek-ai/DeepSeek-V4-Flash-0731	1.0	556.0	1028.0		dgx014	cace652e431d0dd30edddf806df9e4b15596aed66c22d394181c3972b77b08dc
bbb_martins	bbb_martins	L4	sb_043df6fde519336e619b	req_a56e89a425354651731e	False	include	Records reflect compound-specific experimental BBB permeability assessments in mice, including brain/plasma concentration ratios in knockout models, which can inform CNS access potential for related molecules despite being indirect or model-based.	potentially_informative	True	deepseek-ai/DeepSeek-V4-Flash-0731	1.0	668.0	216.0		dgx014	642eb21517533b1fb1f5d3cbfb08f29e9e589062292ecf0401935196cdefeb97
bbb_martins	bbb_martins	L4	sb_17d3180d8e36db8fc42f	req_0f8dfc9e2cfc2f077b4b	False	include	Records indicating efflux substrate status are mechanistically relevant to CNS access, as efflux transport can limit brain penetration. Although measured in bovine milk secretion, it is compound-specific experimental evidence and should not be excluded solely for being an indirect or cross-species model.	potentially_informative	True	deepseek-ai/DeepSeek-V4-Flash-0731	1.0	537.0	1577.0		dgx014	0d96f0703431a25c8d25c3cd93268f71ea8a8e4c77f7241ea0f6906a4cedc31f
bbb_martins	bbb_martins	L4	sb_1f5dba8db75a3bd2fc9b	req_0818d7e3eb1bf41d9570	False	include	In vivo brain-to-plasma unbound partitioning (Kp,uu) in mouse or rat directly measures CNS exposure after systemic administration and is compound-specific experimental evidence, so it is eligible as auxiliary evidence.	potentially_informative	True	deepseek-ai/DeepSeek-V4-Flash-0731	1.0	651.0	120.0	0.7	dgx014	528bbd87dd0def8b1423f836ac7fc392901faab6e7be2467c703a126bf85b828
bbb_martins	bbb_martins	L4	sb_25153b9b105f38eac971	req_376f3a69a645fafabb15	False	include	The bucket captures compound-specific in vivo brain-exposure/efflux-substrate evidence (rat brain-to-plasma ratio or human CSF exposure), which is directly relevant to whether systemic administration can produce meaningful CNS access; incomplete transporter metadata does not make it unusable.	potentially_informative	True	deepseek-ai/DeepSeek-V4-Flash-0731	1.0	680.0	3399.0		dgx014	0efa9658402f3a21b361c4341f461e4a199a984db906fcf578e4df5ffdc3298b
bbb_martins	bbb_martins	L4	sb_3c4f4edf82db65f27be6	req_4973d7e4a178e9b42adb	False	include	Efflux transporter substrate status is directly relevant to CNS access, as transporter-mediated efflux at the blood-brain barrier can limit brain penetration. These binary efflux outcomes are compound-specific experimental evidence and can serve as auxiliary evidence for structurally related molecules, even if from model organisms or indirect assays.	potentially_informative	True	deepseek-ai/DeepSeek-V4-Flash-0731	1.0	999.0	906.0		dgx014	2c1e67a4f4014861f9bed7a37e66177bda3265bf4fb180a5a694e83bfdab445e
bbb_martins	bbb_martins	L4	sb_42adecdb385411db2ac8	req_ddb95fe4a7a06976e1cc	False	include	Records measure compound-specific brain-to-plasma exposure or related BBB permeability endpoints after in vivo administration, which are directly relevant to CNS access potential even if from other species or assay formats.	potentially_informative	True	deepseek-ai/DeepSeek-V4-Flash-0731	1.0	822.0	128.0		dgx011	fa1ba2530e5e33bacd79e7c64001ced1ba655e204832f2ebcc1db56bc9383194
bbb_martins	bbb_martins	L4	sb_59965f9eb63ecd13809e	req_54c31c421a1eb327218e	False	exclude	These records measure efflux transporter inhibition (e.g., P-gp inhibitor binary/potency), not whether the compound itself is transported, permeates, or achieves CNS exposure. Efflux inhibition is a different pharmacological property and does not directly inform the compound's own CNS access after systemic administration.	wrong_property_or_route	False	deepseek-ai/DeepSeek-V4-Flash-0731	1.0	926.0	3300.0		dgx011	bc1bd40daf550f04835bb98e7caa2f1a94da9890c4e2f489be04ff5d275d4814
bbb_martins	bbb_martins	L4	sb_7098d6bccf0ec22b51c1	req_9241d819cee3eba2f7e5	False	include	Efflux substrate evidence from an accumulation assay with pharmacological inhibition is compound-specific experimental data relevant to transporter-mediated CNS access, even if the transporter class is not the primary BBB efflux mechanism or the evidence is indirect.	potentially_informative	True	deepseek-ai/DeepSeek-V4-Flash-0731	1.0	534.0	550.0		dgx014	449ce22ac643499bfbef4dc36c513b77bba120b7091fba8db9c45701b2fba237
bbb_martins	bbb_martins	L4	sb_81b0295cd23518d784d3	req_0eb5af8db5e967d1974c	False	include	Efflux transporter substrate evidence is relevant to CNS access, as transporter-mediated efflux can limit brain penetration. The zebrafish morpholino genetic perturbation provides compound-specific experimental evidence of transporter interaction, even if indirect or cross-species.	potentially_informative	True	deepseek-ai/DeepSeek-V4-Flash-0731	1.0	577.0	642.0		dgx011	05c6137d884353c8f0ccf6e7616a49f614cfa71e8c57609aea8f1dfa253ca53d
bbb_martins	bbb_martins	L4	sb_b3753d5cfbde73907f14	req_25a53dbab5c2cae60ecd	False	include	OAT3 is an organic anion transporter expressed at CNS barriers and can influence brain disposition of substrates. Compound-specific inhibition data, even from in vitro or rat assays, may inform potential CNS access and is not intrinsically unusable.	potentially_informative	True	deepseek-ai/DeepSeek-V4-Flash-0731	1.0	783.0	437.0		dgx011	a312019db81f02b2ce5b46e1e783048dd49925c6bb8425ca8ba7df5fb847683d
bbb_martins	bbb_martins	L4	sb_c729cf7062e50e4f86a4	req_769d2917e7d34b346f18	False	include	Qualitative binary efflux-transporter interaction evidence in mouse is compound-specific and relevant to BBB efflux processes, which can influence CNS access; despite being indirect or from another species, it may transfer weakly and should not be excluded.	potentially_informative	True	deepseek-ai/DeepSeek-V4-Flash-0731	1.0	545.0	515.0		dgx014	bafc1c9b3e43cf7272f2bc8bf42cd45a839ffb93096ac449a68172950edf1478
bbb_martins	bbb_martins	L4	sb_d0883a53cf7a7d0a26ed	req_6c1b649ba76242969c98	False	include	Records are compound-specific experimental measurements of ABCC2/MRP2/cMOAT-mediated efflux transport, which is relevant to CNS access because efflux transporters can limit brain penetration. Indirectness or model species are not grounds for exclusion.	potentially_informative	True	deepseek-ai/DeepSeek-V4-Flash-0731	1.0	781.0	317.0		dgx014	baacc2724e66f5681cb4c09780e0305999e99089b7a4f8cec8564327dfef4ab6
bbb_martins	bbb_martins	L4	sb_d7a65f8c1cea7d291fb9	req_5120abf6a092a3cae21b	False	include	Records describe compound-specific experimental measurements of efflux transporter involvement in brain disposition/uptake under pharmacological inhibition, which is directly relevant to predicting whether a structurally related molecule may exhibit meaningful CNS access after systemic administration.	potentially_informative	True	deepseek-ai/DeepSeek-V4-Flash-0731	1.0	1000.0	248.0		dgx011	b06b99cd31c9a2ba994539e2aaaecfc837a8e031aaff9b537b62f3d9a48b4842
bioavailability_ma	bioavailability_ma	L2	sb_2d653ef723658e8569cf	req_99946decd3e72a6452c1	False	exclude	The endpoint is explicitly 'bioavailability_unspecified_reference', so the comparator/reference for the bioavailability measurement is undefined. Without a defined reference, the value cannot be reliably interpreted as absolute or relative oral bioavailability for transfer to a structurally related molecule.	undefined_reference_or_target	False	deepseek-ai/DeepSeek-V4-Flash-0731	1.0	479.0	955.0		dgx014	78a3d5ed9701212b75c63932af87ffe37d87bfed47eed006edb404d0272f9d60
bioavailability_ma	bioavailability_ma	L2	sb_44b6c9e5770cd98c32c8	req_69eb9a1fec35e68919c1	True	exclude	The endpoint is bioavailability but the reference comparator is unspecified, so the percent value cannot be reliably interpreted for predicting oral bioavailability.	undefined_reference_or_target	False	deepseek-ai/DeepSeek-V4-Flash-0731	1.0	479.0	997.0	0.0	dgx014	9209336a74a62285b75029b71ba6cb4e22eafd58832321e6d2c7d65324d04fc2
bioavailability_ma	bioavailability_ma	L2	sb_a37b89b976fd9aa87444	req_494108845c47b88e08c0	False	include	Record is compound-specific human oral bioavailability measured as fraction after a 15 mg oral dose; despite unspecified reference, it reflects systemic exposure relevant to predicting oral bioavailability.	potentially_informative	True	deepseek-ai/DeepSeek-V4-Flash-0731	1.0	477.0	202.0		dgx014	d3099c183b54429253c12a3cfed56a610516ea03edefc6dfc4164402dc681722
bioavailability_ma	bioavailability_ma	L4	sb_d85c5c99f024c7b4182e	req_e9787eff3ea71b03c478	False	include	GI stability degradation kinetics is compound-specific experimental data relevant to oral bioavailability, as stability in the gastrointestinal tract influences absorption. Unknown species or indirect transferability does not make the bucket intrinsically unusable.	potentially_informative	True	deepseek-ai/DeepSeek-V4-Flash-0731	1.0	422.0	228.0		dgx014	2fc8df3cfdbed5a72753d3606ef8eb4a6f9fd539fd8a0bc48b53b55bc775635a
