task	level	n	rank_number_rho	ranking_priority_rho	p_value
all	all	90	-0.13017945538708223	0.13017945538708223	0.22135264811885577
bbb_martins	all	40	-0.3105091524680782	0.3105091524680782	0.05116861109563316
bioavailability_ma	all	50	-0.021280570968668287	0.021280570968668287	0.8833791478696731
bbb_martins	L2	10	-0.05208108174832239	0.05208108174832239	0.8863811521201462
bbb_martins	L3	10	-0.043217287550303775	0.043217287550303775	0.9056385571873906
bbb_martins	L4	10	-0.17341534161022806	0.17341534161022806	0.6318575995375454
bbb_martins	L5	10	-0.7434844114105212	0.7434844114105212	0.013711884904507034
bioavailability_ma	L2	10	0.0	-0.0	1.0
bioavailability_ma	L3	10	-0.44592516414058647	0.44592516414058647	0.1964616892943649
bioavailability_ma	L4	10	0.36744940443602475	-0.36744940443602475	0.29622280648136307
bioavailability_ma	L5	10	0.08643457510060755	-0.08643457510060755	0.8123306182008212
bioavailability_ma	L6	10	-0.018580215172524436	0.018580215172524436	0.9593698077804904
