pair_bucket_key,source_id,canonical_endpoint_name,pair_bucket_unit_text,canonical_record_id,measurement_text,unit_text,pre_resolution_measurement_text,pre_resolution_unit_text,measurement_resolution_input_measurement,measurement_resolution_input_unit,measurement_unit_mapping_scale,finite_scalar_value,support_text,canonical_assay_context,canonical_species_context,canonical_reference_scope,canonical_reference_basis
"[""direct_bbb"",""brain_to_plasma_cmax_ratio"",""ratio"",""__unknown__"",""__unknown__"",""rat"",""endpoint_defined_ratio"",""plasma""]",direct_bbb,brain_to_plasma_cmax_ratio,ratio,ba57a8c11d4d3cedf6a1588e3b7b1d4ddebafd01a954adc95f5e24d3564e61b5,0.02,,0.02,,0.02,ratio,1,0.02,"Following oral administration of nonmodified indomethacin in rats, the Cmax brain to plasma ratio was 0.02.",,rat,endpoint_defined_ratio,plasma
"[""direct_bbb"",""brain_to_plasma_cmax_ratio"",""ratio"",""__unknown__"",""__unknown__"",""rat"",""endpoint_defined_ratio"",""plasma""]",direct_bbb,brain_to_plasma_cmax_ratio,ratio,0b93325b143008d2804254775fd3fdfdce7d8ef2521dfefcd06aa8c522c13513,3.58,%,3.58,%,3.58,%,0.01,0.0358,"Zanubrutinib showed a BBB penetration rate (calculated as C max, brain/C max, plasma) of 3.58% in SD rats.",,rat,endpoint_defined_ratio,plasma
"[""direct_bbb"",""brain_to_plasma_cmax_ratio"",""ratio"",""__unknown__"",""__unknown__"",""rat"",""endpoint_defined_ratio"",""plasma""]",direct_bbb,brain_to_plasma_cmax_ratio,ratio,f7e5b6a2111fddd987243412e87d6b7afbddb0d7c1793dca4f7993d77404d39f,0.07,,0.07,,0.07,ratio,1,0.07,"Following oral administration of DP-155 in rats, the Cmax brain to plasma ratio of the resulting indomethacin was 0.07.",,rat,endpoint_defined_ratio,plasma
"[""direct_bbb"",""brain_to_plasma_cmax_ratio"",""ratio"",""__unknown__"",""__unknown__"",""rat"",""endpoint_defined_ratio"",""plasma""]",direct_bbb,brain_to_plasma_cmax_ratio,ratio,b19a0451126e160f0dcda06eeb08784985160912646ed2d67746c3839295a928,8.5,%,8.5,%,8.5,%,0.01,0.085,"Tirabrutinib demonstrated a BBB penetration rate (calculated as C max, brain/C max, plasma) of 8.5% in SD rats.",,rat,endpoint_defined_ratio,plasma
"[""direct_bbb"",""brain_to_plasma_cmax_ratio"",""ratio"",""__unknown__"",""__unknown__"",""rat"",""endpoint_defined_ratio"",""plasma""]",direct_bbb,brain_to_plasma_cmax_ratio,ratio,299ed831872dca5d74034ba5ac245e34ef7cd4e8f4dc40daaa8919e7a16e3ea1,9.3,,9.3,,9.3,ratio,1,9.3,"After chronic treatment with clomipramine (CMI) in rats, a Cmax brain/plasma ratio of 9.3 was reported.",,rat,endpoint_defined_ratio,plasma
"[""direct_bbb"",""brain_to_plasma_cmax_ratio"",""ratio"",""__unknown__"",""__unknown__"",""rat"",""endpoint_defined_ratio"",""plasma""]",direct_bbb,brain_to_plasma_cmax_ratio,ratio,9445f37157ca15c5c07212532004a5ed766967dbb756796ef15ee38784c15ac4,10,,10,,10,ratio,1,10.0,Previous studies in rats after acute treatment with imipramine (IMI) showed Cmax brain/plasma ratios of 10.,,rat,endpoint_defined_ratio,plasma
"[""direct_bbb"",""brain_to_plasma_cmax_ratio"",""ratio"",""__unknown__"",""__unknown__"",""rat"",""endpoint_defined_ratio"",""plasma""]",direct_bbb,brain_to_plasma_cmax_ratio,ratio,38efb184f1913267cf9892a737606414eda7b7c8ac58a079ee719acda76255da,13,,13,,13,ratio,1,13.0,Previous studies in rats after acute treatment with clomipramine (CMI) showed Cmax brain/plasma ratios close to 13.,,rat,endpoint_defined_ratio,plasma
"[""direct_bbb"",""brain_to_plasma_cmax_ratio"",""ratio"",""__unknown__"",""__unknown__"",""rat"",""endpoint_defined_ratio"",""plasma""]",direct_bbb,brain_to_plasma_cmax_ratio,ratio,dc416442068dde861e27ca9e6b6a1ed73fff7564c5661506ac190963474f36a6,20,,20,,20,ratio,1,20.0,"After chronic treatment with clomipramine (CMI) in rats, Friedman and Cooper (1983) reported a Cmax brain/plasma ratio of 20.",,rat,endpoint_defined_ratio,plasma
"[""direct_bbb"",""brain_to_plasma_cmax_ratio"",""ratio"",""__unknown__"",""__unknown__"",""rat"",""endpoint_defined_ratio"",""plasma""]",direct_bbb,brain_to_plasma_cmax_ratio,ratio,5829984c94dd4a28ac3b241d827da2128ebfe77b61728a587b41c075eee68d2f,30,,30,,30,ratio,1,30.0,Previous studies in rats after acute treatment with amitriptyline showed Cmax brain/plasma ratios of 30.,,rat,endpoint_defined_ratio,plasma
"[""direct_bbb"",""csf_to_blood_ratio"",""ratio"",""__unknown__"",""__unknown__"",""human"",""endpoint_defined_ratio"",""blood""]",direct_bbb,csf_to_blood_ratio,ratio,1678fe73d1af5c62d350237fec5f5cefd4ca2b9a49f195326ef47c6b17162c10,0.0006,,0.0006,,0.0006,ratio,1,0.0006,The CSF blood ratio of crizotinib was measured at 0.0006 in a patient with ALK positive NSCLC presenting with leptomeningeal metastases and a CNS response during 5 months.,,human,endpoint_defined_ratio,blood
"[""direct_bbb"",""csf_to_blood_ratio"",""ratio"",""__unknown__"",""__unknown__"",""human"",""endpoint_defined_ratio"",""blood""]",direct_bbb,csf_to_blood_ratio,ratio,38e673bfc5ac62b9e520831249b596995f46ed84c1b65cfefc0459ce318a52a8,0.001,,0.001,,0.001,ratio,1,0.001,The CSF blood ratio of crizotinib was measured at 0.001 in a second patient with ALK positive NSCLC at the time of leptomeningeal metastases diagnosis.,,human,endpoint_defined_ratio,blood
"[""direct_bbb"",""csf_to_blood_ratio"",""ratio"",""__unknown__"",""__unknown__"",""human"",""endpoint_defined_ratio"",""blood""]",direct_bbb,csf_to_blood_ratio,ratio,c1d98e878be2829c7689102d15d8ccf7c27d1fd0f910cf75bd945f8fe2ac12d2,0.17,,0.17,,0.17,ratio,1,0.17,"In a patient case, the CSF/blood phenytoin ratio was measured to be 0.17, and no marked changes were detected before or after DHP.",,human,endpoint_defined_ratio,blood
"[""direct_bbb"",""csf_to_blood_ratio"",""ratio"",""__unknown__"",""__unknown__"",""human"",""endpoint_defined_ratio"",""blood""]",direct_bbb,csf_to_blood_ratio,ratio,f20d865aa64898c5012f99b1b64e0dcfbcc3c044e0f80ed82fc4c48e64f208d6,0.28 ± 0.06,,0.28 ± 0.06,,0.28,ratio,1,0.28,Schentag et al. (1981) observed a cimetidine CSF to blood concentration ratio of 0.28 ± 0.06 in patients with both renal and liver disease.,,human,endpoint_defined_ratio,blood
"[""direct_bbb"",""csf_to_blood_ratio"",""ratio"",""__unknown__"",""__unknown__"",""human"",""endpoint_defined_ratio"",""blood""]",direct_bbb,csf_to_blood_ratio,ratio,ca6321f94a276ccf2b0fb841b7f60129a6e0cc5c4cc323e245203177b8716393,0.35,,0.35,,0.35,ratio,1,0.35,"In patients with GLUT1 DS on the ketogenic diet, the mean CSF/blood ratio for beta-hydroxybutyrate (OHB) was 0.35.",,human,endpoint_defined_ratio,blood
"[""direct_bbb"",""csf_to_blood_ratio"",""ratio"",""__unknown__"",""__unknown__"",""human"",""endpoint_defined_ratio"",""blood""]",direct_bbb,csf_to_blood_ratio,ratio,02f116818aa84803681081ef5ec1493a347e9c4147838a2ecdb8e922c6e0161f,39,%,39,%,39,%,0.01,0.39,A recent study demonstrated that the CSF concentration of ampicillin was 39% of the blood level when meningitic children were given 400 mg/kg/day.,,human,endpoint_defined_ratio,blood
"[""direct_bbb"",""csf_to_blood_ratio"",""ratio"",""__unknown__"",""__unknown__"",""human"",""endpoint_defined_ratio"",""blood""]",direct_bbb,csf_to_blood_ratio,ratio,4de95f0129038cdd832ba53abda83178abe8138807cb86741777a6a3359b4f3c,0.43,,0.43,,0.43,ratio,1,0.43,"Edmonds et al. (1979) investigated acutely ill elderly patients and found that in one patient, the CSF to blood ratio of cimetidine was 0.43.",,human,endpoint_defined_ratio,blood
"[""direct_bbb"",""csf_to_blood_ratio"",""ratio"",""__unknown__"",""__unknown__"",""human"",""endpoint_defined_ratio"",""blood""]",direct_bbb,csf_to_blood_ratio,ratio,13e21704558a832c328092e6c9a7957f5344a99c39c5c197eb2c11a2328b887f,0.46 ± 0.12,,0.46 ± 0.12,,0.46,ratio,1,0.46,"Comparison of the CSF/blood concentration ratios of phenobarbital indicates that, regardless of the administration route, the ratio for the newborn is higher than that observed for the adult (0.46 ± 0.12).",,human,endpoint_defined_ratio,blood
"[""direct_bbb"",""csf_to_blood_ratio"",""ratio"",""__unknown__"",""__unknown__"",""human"",""endpoint_defined_ratio"",""blood""]",direct_bbb,csf_to_blood_ratio,ratio,b79845a8b80dbbb1735433fb0ac1d2306f513f1aac9ae6a2468028aa776a6240,0.50 ± 0.14,,0.50 ± 0.14,,0.50,ratio,1,0.5,"In patients with liver disease, Schentag et al. (1981) observed a high CSF to blood concentration ratio of 0.50 ± 0.14 for cimetidine, demonstrating that these patients appear to have a more permeable blood-brain barrier.",,human,endpoint_defined_ratio,blood
"[""direct_bbb"",""csf_to_blood_ratio"",""ratio"",""__unknown__"",""__unknown__"",""human"",""endpoint_defined_ratio"",""blood""]",direct_bbb,csf_to_blood_ratio,ratio,a51e9ac4783efc8677a3299a7e6a102a1f6b0a0a5f5fd1df01681b26ac49325d,50%,%,50%,%,50,%,0.01,0.5,Concentrations of chloramphenicol in spinal fluid have been reported to be about 50% of the blood level.,,human,endpoint_defined_ratio,blood
"[""direct_bbb"",""csf_to_blood_ratio"",""ratio"",""__unknown__"",""__unknown__"",""human"",""endpoint_defined_ratio"",""blood""]",direct_bbb,csf_to_blood_ratio,ratio,8ac77050fff5f36e5671ab977ac55f0ee1cb32687b37f96bcee73ae1cb0a7367,50%,%,50%,%,50,%,0.01,0.5,Combination chemotherapeutic regimens employing lomustine produce CSF levels that are 50% of those obtained in the blood.,,human,endpoint_defined_ratio,blood
"[""direct_bbb"",""csf_to_blood_ratio"",""ratio"",""__unknown__"",""__unknown__"",""human"",""endpoint_defined_ratio"",""blood""]",direct_bbb,csf_to_blood_ratio,ratio,458dba68144974aa7ac834e85421a9b19fce132d1da0865b56e93a310b472cf3,52%,%,52%,%,52,%,0.01,0.52,"In a human patient who had ingested 2.8g of amantadine in a suicide attempt, the concentration of amantadine in the cerebrospinal fluid was 52% of the concentration found in whole blood (1240 vs 2370 µg/L).",,human,endpoint_defined_ratio,blood
"[""direct_bbb"",""csf_to_blood_ratio"",""ratio"",""__unknown__"",""__unknown__"",""human"",""endpoint_defined_ratio"",""blood""]",direct_bbb,csf_to_blood_ratio,ratio,f221f576cbe65bab7d436cfe41c8ad08d449029ff0db4de69cc6db4717c05c61,56%,,56%,,56,%,0.01,0.56,"Caesar noted in 18 patients with disease of the liver a mean plasma ammonium of 1.42 µg./ml. with a C.S.F. level of 0.80 µg./ml., [showing] C.S.F. ammonium at 56%... of the blood levels.",,human,endpoint_defined_ratio,blood
"[""direct_bbb"",""csf_to_blood_ratio"",""ratio"",""__unknown__"",""__unknown__"",""human"",""endpoint_defined_ratio"",""blood""]",direct_bbb,csf_to_blood_ratio,ratio,a0c979b57b4f9d8aae4f87d66aeaaeb2501ec7c77122691b6a64a3d09b8dbb23,80%,%,80%,%,80,%,0.01,0.8,Fluconazole concentrations in the cerebrospinal fluid (Liquor) reach approximately 80% of the blood levels.,,human,endpoint_defined_ratio,blood
"[""direct_bbb"",""csf_to_blood_ratio"",""ratio"",""__unknown__"",""__unknown__"",""human"",""endpoint_defined_ratio"",""blood""]",direct_bbb,csf_to_blood_ratio,ratio,a55b82201c8891fe85ee845bb2b58ef15e34dc9a31c4d4601c9f29df936924e0,80%,%,80%,%,80,%,0.01,0.8,The concentrations of fluconazole in cerebrospinal fluid were reportedly some 80% of the blood levels.,,human,endpoint_defined_ratio,blood
"[""direct_bbb"",""csf_to_blood_ratio"",""ratio"",""__unknown__"",""__unknown__"",""human"",""endpoint_defined_ratio"",""blood""]",direct_bbb,csf_to_blood_ratio,ratio,c3ac7ea44c58fec1eaef7e899dec1574bee59ab16bbe8eb3c0805f7aed46d62b,0.90,,0.90,,0.90,ratio,1,0.9,"In patients with GLUT1 DS on the ketogenic diet, the mean CSF/blood ratio for acetoacetate (AcAC) was 0.90.",,human,endpoint_defined_ratio,blood
"[""direct_bbb"",""csf_to_blood_ratio"",""ratio"",""__unknown__"",""__unknown__"",""human"",""endpoint_defined_ratio"",""blood""]",direct_bbb,csf_to_blood_ratio,ratio,f5ba5488a0864265600e10db8093e54d33d1b64d3f1def2f915d538cc2f40e5e,0.9,,0.9,,0.9,ratio,1,0.9,The cerebrospinal fluid:blood ratio of theophylline has been quoted as 0.9 in premature infants.,,human,endpoint_defined_ratio,blood
"[""direct_bbb"",""csf_to_blood_ratio"",""ratio"",""__unknown__"",""__unknown__"",""human"",""endpoint_defined_ratio"",""blood""]",direct_bbb,csf_to_blood_ratio,ratio,4adac91afa73f0099b5ce99a7af8a414df673a1da96d50924cad82c352f407ed,~99.7%,%,~99.7%,%,99.7,%,0.01,0.997,"For each individual [patient receiving induction treatment with mannitol and ATO], the arsenic level in CSF was ~99.7% of those in the paired blood samples.",,human,endpoint_defined_ratio,blood
"[""direct_bbb"",""influx_rate_constant"",""mL/g·min"",""__unknown__"",""__unknown__"",""rat"",""absolute"",""none""]",direct_bbb,influx_rate_constant,mL/g·min,66737c5489707b4ad0d3ee2f5597b87e1160ac08e790daf290af268bebfeb785,5 × 10^-4,ml/min/g,5 × 10^-4,ml/min/g,5,10^-4 ml/min/g,0.0001,0.0005,"In the rat, the Kin for 65Zn was 5 × 10−4 ml/min/g, indicating a rate of Zn influx into the brain from plasma of approximately 3 µg/day.",,rat,absolute,none
"[""direct_bbb"",""influx_rate_constant"",""mL/g·min"",""__unknown__"",""__unknown__"",""rat"",""absolute"",""none""]",direct_bbb,influx_rate_constant,mL/g·min,be1d6f4597327a4a24cad81b5584bc7770c0051ff6117137d4a2adf77430c788,1.2 ± 0.3 × 10^3,ml g^-1 min^-1,1.2 ± 0.3 × 10^3,ml g^-1 min^-1,1.2,10^-3 ml g^-1 min^-1,0.001,0.0012,"In control rats, the unidirectional blood-to-brain transfer constant (Kin) for spermidine (SPMD) was 1.2 ± 0.3 × 103 ml g−1 min−1 for the striatum.",,rat,absolute,none
"[""direct_bbb"",""influx_rate_constant"",""mL/g·min"",""__unknown__"",""__unknown__"",""rat"",""absolute"",""none""]",direct_bbb,influx_rate_constant,mL/g·min,59dc03af4a44807a363c2814234fee3d46e51534a7063aa6613c5b311bfb9db2,2.2 ± 0.4 × 10^3,ml g^-1 min^-1,2.2 ± 0.4 × 10^3,ml g^-1 min^-1,2.2,10^-3 ml g^-1 min^-1,0.001,0.0022,"In control rats, the unidirectional blood-to-brain transfer constant (Kin) for spermidine (SPMD) was 2.2 ± 0.4 × 103 ml g−1 min−1 for the cerebellum.",,rat,absolute,none
"[""direct_bbb"",""influx_rate_constant"",""mL/g·min"",""__unknown__"",""__unknown__"",""rat"",""absolute"",""none""]",direct_bbb,influx_rate_constant,mL/g·min,3c708410b0b53498e3e97456c63b03dc095ecb20a33db7e1a39f2cc50dffedd5,2.7 ± 0.3 × 10^3,ml g^-1 min^-1,2.7 ± 0.3 × 10^3,ml g^-1 min^-1,2.7,10^-3 ml g^-1 min^-1,0.001,0.0027,"In rats at 60 min recirculation (RC) period following 20 min of four-vessel occlusion, the hippocampus showed a Kin for spermidine (SPMD) of 2.7 ± 0.3 × 103 ml g−1 min−1, and results suggested specific transport of SPMD into the brain at this time.",,rat,absolute,none
"[""direct_bbb"",""influx_rate_constant"",""mL/g·min"",""__unknown__"",""__unknown__"",""rat"",""absolute"",""none""]",direct_bbb,influx_rate_constant,mL/g·min,7329f02e4943d06f3fddfcd9b99180b451c5745016cb75ab7faf935c52c61bd0,2.9 ± 0.3 × 10^3,ml g^-1 min^-1,2.9 ± 0.3 × 10^3,ml g^-1 min^-1,2.9,10^-3 ml g^-1 min^-1,0.001,0.0029,"In the cortex of rats at 10 min recirculation (RC) period following 20 min of four-vessel occlusion, the Kin for spermidine (SPMD) was 2.9 ± 0.3 × 103 ml g−1 min−1.",,rat,absolute,none
"[""direct_bbb"",""influx_rate_constant"",""mL/g·min"",""__unknown__"",""__unknown__"",""rat"",""absolute"",""none""]",direct_bbb,influx_rate_constant,mL/g·min,3350bfdbb7d4c081939a34d7c333951cb82c7461627da9e870f7c2af6819390a,3.2 ± 0.4 × 10^3,ml g^-1 min^-1,3.2 ± 0.4 × 10^3,ml g^-1 min^-1,3.2,10^-3 ml g^-1 min^-1,0.001,0.0032,"In the cortex of rats at 5 min recirculation (RC) period following 20 min of four-vessel occlusion, the Kin for spermidine (SPMD) was 3.2 ± 0.4 × 103 ml g−1 min−1.",,rat,absolute,none
"[""direct_bbb"",""influx_rate_constant"",""mL/g·min"",""__unknown__"",""__unknown__"",""rat"",""absolute"",""none""]",direct_bbb,influx_rate_constant,mL/g·min,6f39ec93e7718ae2d75be1a94a51b69011d40a3fd15df89ca002d56de9fe3345,110,ml/100 g/min,110,ml/100 g/min,110,ml/100 g/min,0.01,1.1,Model data averages for four cortical areas in control rats showed an influx constant for antipyrine of 110 ml/100 g/min.,,rat,absolute,none
"[""direct_bbb"",""influx_rate_constant"",""mL/g·min"",""__unknown__"",""__unknown__"",""rat"",""absolute"",""none""]",direct_bbb,influx_rate_constant,mL/g·min,7d1dc01e55f967e52da5221512bf5a6f031ed7a2de63ea86acbd64f62ba52553,155,ml/100 g/min,155,ml/100 g/min,155,ml/100 g/min,0.01,1.55,Model data averages for four cortical areas in hypercapnic rats showed an influx constant for antipyrine of 155 ml/100 g/min.,,rat,absolute,none
"[""direct_bbb"",""permeability"",""cm/s"",""__unknown__"",""in vivo"",""__unknown__"",""absolute"",""none""]",direct_bbb,permeability,cm/s,9b3dcd20bd09987079163dfe1457615335f7273862b5f01bfa162b4d3a1bbbd6,0.3 × 10^-7,cm s^-1,0.3 × 10^-7,cm s^-1,0.3,10^-7 cm s^-1,0.0000001,3e-08,"In vivo conditions for the blood-brain barrier are characterized by a sucrose permeability of approximately 0.3 × 10−7 cm s−1, where sucrose serves as a hydrophilic marker to reflect the degree of tight junction formation.",in vivo,,absolute,none
"[""direct_bbb"",""permeability"",""cm/s"",""__unknown__"",""in vivo"",""__unknown__"",""absolute"",""none""]",direct_bbb,permeability,cm/s,aef8c0111330c12433bbdc353dcc2fa5e3fbe8e2e111e1afb5b8808510ef3cef,~8.4 × 10^-8,cm/s,~8.4 × 10^-8,cm/s,8.4,10^-8 cm/s,0.00000001,8.4e-08,The in vivo permeability of radiolabelled mannitol has been estimated to ~8.4 × 10−8 cm/s.,in vivo,,absolute,none
"[""direct_bbb"",""permeability"",""cm/s"",""__unknown__"",""in vivo"",""__unknown__"",""absolute"",""none""]",direct_bbb,permeability,cm/s,458523d3e9c644544d9d3e673c48313ae1bbf496e5e557c29793347cd76d4cad,1×10^-7,cm/s,1×10^-7,cm/s,1,10^-7 cm/s,0.0000001,1e-07,The in vivo permeability for sucrose was reported as 1×10−7 cm/s.,in vivo,,absolute,none
"[""direct_bbb"",""permeability"",""cm/s"",""__unknown__"",""in vivo"",""__unknown__"",""absolute"",""none""]",direct_bbb,permeability,cm/s,9b7d25cdd136e4f2e8a4b9642d913c7f36f1e39f0c1f480a6e7c73da0c5d7654,1×10^-7,cm/s,1×10^-7,cm/s,1,10^-7 cm/s,0.0000001,1e-07,The permeability in vivo of sucrose is reported as 1×10−7 cm/s.,in vivo,,absolute,none
"[""direct_bbb"",""permeability"",""cm/s"",""__unknown__"",""in vivo"",""__unknown__"",""absolute"",""none""]",direct_bbb,permeability,cm/s,212f92cde072133ad17068a5d7329c5047ea8436eda30c24cc16ed71bc6e8fb9,1.08×10^-5,cm/s,1.08×10^-5,cm/s,1.08,10^-5 cm/s,0.00001,1.08e-05,The in vivo permeability for phenytoin was reported as 1.08×10−5 cm/s.,in vivo,,absolute,none
"[""direct_bbb"",""permeability"",""cm/s"",""__unknown__"",""in vivo"",""__unknown__"",""absolute"",""none""]",direct_bbb,permeability,cm/s,814b85ef4b43e2223dc2f970c42c946fcaf117bd0e8bbc9848612072cf914485,1.08×10^-5,cm/s,1.08×10^-5,cm/s,1.08,10^-5 cm/s,0.00001,1.08e-05,The permeability in vivo of phenytoin is reported as 1.08×10−5 cm/s.,in vivo,,absolute,none
"[""direct_bbb"",""plasma_to_brain_ratio"",""ratio"",""__unknown__"",""__unknown__"",""rat"",""endpoint_defined_ratio"",""brain""]",direct_bbb,plasma_to_brain_ratio,ratio,7142e22a5f384acc3491a409817dd708895be16472bddb42b86ec4e14524cc80,0.00825,,0.00825,,0.00825,ratio,1,0.00825,"A-317491 has a low plasma-to-brain ratio of 0.00825, but due to very high plasma levels, it reaches sufficient CNS concentrations to affect spinal receptors directly.",,rat,endpoint_defined_ratio,brain
"[""direct_bbb"",""plasma_to_brain_ratio"",""ratio"",""__unknown__"",""__unknown__"",""rat"",""endpoint_defined_ratio"",""brain""]",direct_bbb,plasma_to_brain_ratio,ratio,8b5af6bbceab0469cde787d9ac93459fc1b3b474a9aa25fbcbb1300d15ac9238,0.00825,,0.00825,,0.00825,ratio,1,0.00825,"Following subcutaneous injections of A-317491, a low plasma-to-brain ratio of 0.00825 was reported by Wu et al. (2004).",,rat,endpoint_defined_ratio,brain
"[""direct_bbb"",""plasma_to_brain_ratio"",""ratio"",""__unknown__"",""__unknown__"",""rat"",""endpoint_defined_ratio"",""brain""]",direct_bbb,plasma_to_brain_ratio,ratio,428227b1703a850cfb89e0ba170b1fcb4d6d85bebf69d5949fbe82a439823f33,1.1,,1.1,,1.1,ratio,1,1.1,"In an animal study by McKean et al., the plasma/brain ratio for PHE in rats showed a baseline value of 1.1 after intraperitoneal loading with L-PHE.",,rat,endpoint_defined_ratio,brain
"[""direct_bbb"",""plasma_to_brain_ratio"",""ratio"",""__unknown__"",""__unknown__"",""rat"",""endpoint_defined_ratio"",""brain""]",direct_bbb,plasma_to_brain_ratio,ratio,bdf40384670d15e4578813b961204435404aa65d2173941e3c6084a8d1f2f507,1.77,,1.77,,1.77,ratio,1,1.77,"In 20 days old rats, the amount of morphine in the brain was 504 ± 14.5 ng/g and in the plasma was 892 ± 39.2 ng/ml, resulting in a plasma/brain ratio of 1.77.",,rat,endpoint_defined_ratio,brain
"[""direct_bbb"",""plasma_to_brain_ratio"",""ratio"",""__unknown__"",""__unknown__"",""rat"",""endpoint_defined_ratio"",""brain""]",direct_bbb,plasma_to_brain_ratio,ratio,c4504e73bd57aedf775af152f4b55dc649b19a052bf2952a047ab10b77878043,2.4,,2.4,,2.4,ratio,1,2.4,"In an animal study by McKean et al., the plasma/brain ratio for PHE in rats decreased to 2.4 at 60 min post-load after intraperitoneal loading with L-PHE.",,rat,endpoint_defined_ratio,brain
"[""direct_bbb"",""plasma_to_brain_ratio"",""ratio"",""__unknown__"",""__unknown__"",""rat"",""endpoint_defined_ratio"",""brain""]",direct_bbb,plasma_to_brain_ratio,ratio,e27d8392aaf91d9ca9dfe9fcdf7cf301a07e72afd04f12aed72366f05aacac51,2.55,,2.55,,2.55,ratio,1,2.55,"In 26 days old rats, the amount of morphine in the brain was 242 ± 8.1 ng/g and in the plasma was 617 ± 32.5 ng/ml, resulting in a plasma/brain ratio of 2.55.",,rat,endpoint_defined_ratio,brain
"[""direct_bbb"",""plasma_to_brain_ratio"",""ratio"",""__unknown__"",""__unknown__"",""rat"",""endpoint_defined_ratio"",""brain""]",direct_bbb,plasma_to_brain_ratio,ratio,c1623be16df4d11e14a1f28a66224ceeb192600cdd53e699bd023eb893fb2f22,2.86,,2.86,,2.86,ratio,1,2.86,"In 32 days old rats, the amount of morphine in the brain was 213 ± 8.6 ng/g and in the plasma was 609 ± 30.0 ng/ml, resulting in a plasma/brain ratio of 2.86.",,rat,endpoint_defined_ratio,brain
"[""direct_bbb"",""plasma_to_brain_ratio"",""ratio"",""__unknown__"",""__unknown__"",""rat"",""endpoint_defined_ratio"",""brain""]",direct_bbb,plasma_to_brain_ratio,ratio,2f6656d8dabbdae86c4743c9db2f44abbab1e7a0707d4a9f714dd5c7e5126627,3.07,,3.07,,3.07,ratio,1,3.07,"In 42 days old rats, the amount of morphine in the brain was 203 ± 6.4 ng/g and in the plasma was 623 ± 22.7 ng/ml, resulting in a plasma/brain ratio of 3.07.",,rat,endpoint_defined_ratio,brain
"[""direct_bbb"",""plasma_to_brain_ratio"",""ratio"",""__unknown__"",""__unknown__"",""rat"",""endpoint_defined_ratio"",""brain""]",direct_bbb,plasma_to_brain_ratio,ratio,2014f94a96b7b11bc7f37ddd297ea30c5ec62387f499feee8732f01341d38ff0,3.44,,3.44,,3.44,ratio,1,3.44,"In adult female rats, the amount of morphine in the brain was 202 ± 3.5 ng/g and in the plasma was 704 ± 19.4 ng/ml, resulting in a plasma/brain ratio of 3.44.",,rat,endpoint_defined_ratio,brain
"[""direct_bbb"",""plasma_to_brain_ratio"",""ratio"",""__unknown__"",""__unknown__"",""rat"",""endpoint_defined_ratio"",""brain""]",direct_bbb,plasma_to_brain_ratio,ratio,3694c51eea237304dc3d7cf618a98c38ec0d3fd51aa182ea4cab25fb1714c32b,4.35,,4.35,,4.35,ratio,1,4.35,"In an animal study by McKean et al., the plasma/brain ratio for PHE in rats increased to 4.35 at 30 min post-load after intraperitoneal loading with L-PHE.",,rat,endpoint_defined_ratio,brain
"[""direct_bbb"",""tissue_to_blood_ratio"",""ratio"",""__unknown__"",""__unknown__"",""human"",""endpoint_defined_ratio"",""blood""]",direct_bbb,tissue_to_blood_ratio,ratio,f1b60c176cbf87f40dfdac7f94cde3db0dc78c832d72e2a395db330332bceae2,0.054,,0.054,,0.054,ratio,1,0.054,"In human high-grade gliomas, the tissue to blood ratio for carboplatin was 0.054.",,human,endpoint_defined_ratio,blood
"[""direct_bbb"",""tissue_to_blood_ratio"",""ratio"",""__unknown__"",""__unknown__"",""human"",""endpoint_defined_ratio"",""blood""]",direct_bbb,tissue_to_blood_ratio,ratio,be1a58dcdfd4ae65156f2ce6fb1f69ef850208cec63e6683ffaecac14dd86a77,11%,,11%,,11,%,0.01,0.11,"For tumors metastatic to the brain, the tissue to blood ratio for etoposide was 11%.",,human,endpoint_defined_ratio,blood
"[""direct_bbb"",""tissue_to_blood_ratio"",""ratio"",""__unknown__"",""__unknown__"",""human"",""endpoint_defined_ratio"",""blood""]",direct_bbb,tissue_to_blood_ratio,ratio,cd765a8ea2ba48b16dcbb6db48963f4e0b4730fa0cc13143be9399f06cba497c,0.116,,0.116,,0.116,ratio,1,0.116,"In human metastatic tumors, the tissue to blood ratio for etoposide was 0.116.",,human,endpoint_defined_ratio,blood
"[""direct_bbb"",""tissue_to_blood_ratio"",""ratio"",""__unknown__"",""__unknown__"",""human"",""endpoint_defined_ratio"",""blood""]",direct_bbb,tissue_to_blood_ratio,ratio,e00da8b6be65a84ea9856e731405059f4551b477061a7de477fd64bbcdee0991,0.118,,0.118,,0.118,ratio,1,0.118,"In human metastatic tumors, the tissue to blood ratio for temozolomide was 0.118.",,human,endpoint_defined_ratio,blood
"[""direct_bbb"",""tissue_to_blood_ratio"",""ratio"",""__unknown__"",""__unknown__"",""human"",""endpoint_defined_ratio"",""blood""]",direct_bbb,tissue_to_blood_ratio,ratio,386b5b25a6ed938157fdabc07a709daff08f0bb02aaf0691dcaf9b5195eebbb0,20%,,20%,,20,%,0.01,0.2,"In patients with high-grade glioma (HGG), the tissue to blood ratio for temozolomide was reported as 20% of plasma concentrations.",,human,endpoint_defined_ratio,blood
"[""direct_bbb"",""tissue_to_blood_ratio"",""ratio"",""__unknown__"",""__unknown__"",""human"",""endpoint_defined_ratio"",""blood""]",direct_bbb,tissue_to_blood_ratio,ratio,977e1371498fe4768a9221bd0139ad56426635a64ebb9bf869316953b7604fab,32.02,,32.02,,32.02,ratio,1,32.02,"In human metastatic tumors, the tissue to blood ratio for mitoxantrone was 32.02.",,human,endpoint_defined_ratio,blood
"[""direct_bbb"",""tissue_to_blood_ratio"",""ratio"",""__unknown__"",""__unknown__"",""human"",""endpoint_defined_ratio"",""blood""]",direct_bbb,tissue_to_blood_ratio,ratio,dae148fe60cce88a5f4ab384a44280ecad7df4d248014f449f8daab2573698b7,34,,34,,34,ratio,1,34.0,"In human high-grade gliomas, the tissue to blood ratio for mitoxantrone was 34.",,human,endpoint_defined_ratio,blood
"[""influx_transport"",""blood_to_brain_transport"",""/min"",""carrier_mediated_influx"",""unknown"",""unknown""]",influx_transport,blood_to_brain_transport,/min,f5d322e96a8a6a9cf860cae6b656ea23a09c518ac8fdb2f577c5088b00d01561,transfer constant ki = 1.0 ± 0.8 × 10^-3 min^-1,,transfer constant ki = 1.0 ± 0.8 × 10^-3 min^-1,,1.0,10^-3 min^-1,0.001,0.001,"In normal rat brain, the transfer constant (ki) for AIB in cerebellar white matter was 1.0 ± 0.8 × 10^-3 min^-1 (mean ± SD, n=5 rats).",,,unknown,unknown
"[""influx_transport"",""blood_to_brain_transport"",""/min"",""carrier_mediated_influx"",""unknown"",""unknown""]",influx_transport,blood_to_brain_transport,/min,578470cc2fcc011a03e0388452cad30c516f71b5ba205656165c329df955d7d7,"Km,PHT1 = 34.94 µM (RSE 32%), Vmax,PHT1 = 0.051 nmol/min (RSE 76%); K13 (first-order rate constant for distribution from plasma to brain) = 0.0016 1/min",,"Km,PHT1 = 34.94 µM (RSE 32%), Vmax,PHT1 = 0.051 nmol/min (RSE 76%); K13 (first-order rate constant for distribution from plasma to brain) = 0.0016 1/min",,0.0016,1/min,1,0.0016,"The population pharmacokinetic parameter estimates include Km,PHT1 = 34.94 µM (RSE 32%), Vmax,PHT1 = 0.051 nmol/min (RSE 76%), and K13 = 0.0016 1/min (RSE 13%) for L-histidine in wildtype and Pht1 knockout mice. The Michaelis-Menten parameters specifically represent PHT1-mediated active transport from plasma to brain.",,,unknown,unknown
"[""influx_transport"",""blood_to_brain_transport"",""/min"",""carrier_mediated_influx"",""unknown"",""unknown""]",influx_transport,blood_to_brain_transport,/min,fa3d9cf5344c588e115af8f92600402e9a436a900f2b9abba83a1fb0af07c1a0,transfer constant ki = 2.2 ± 0.7 × 10^-3 min^-1,,transfer constant ki = 2.2 ± 0.7 × 10^-3 min^-1,,2.2,10^-3 min^-1,0.001,0.0022,"In normal rat brain, the transfer constant (ki) for AIB in white matter was 2.2 ± 0.7 × 10^-3 min^-1 (mean ± SD, n=5 rats).",,,unknown,unknown
"[""influx_transport"",""blood_to_brain_transport"",""/min"",""carrier_mediated_influx"",""unknown"",""unknown""]",influx_transport,blood_to_brain_transport,/min,301d0371c4df8c8d3efad26bb1c94565e4ce15dcd3bf8ef3e4605d662834a95f,transfer constant ki = 4.1 ± 1.6 × 10^-3 min^-1,,transfer constant ki = 4.1 ± 1.6 × 10^-3 min^-1,,4.1,10^-3 min^-1,0.001,0.0041,"In normal rat brain, the transfer constant (ki) for AIB in cerebellar cortex was 4.1 ± 1.6 × 10^-3 min^-1 (mean ± SD, n=5 rats).",,,unknown,unknown
"[""influx_transport"",""blood_to_brain_transport"",""/min"",""carrier_mediated_influx"",""unknown"",""unknown""]",influx_transport,blood_to_brain_transport,/min,5fe867e544acb29e0e16b8a984cf3c269e1fc7bcc3a0a459de817cd585372208,transfer constant ki = 4.9 ± 1.1 × 10^-3 min^-1,,transfer constant ki = 4.9 ± 1.1 × 10^-3 min^-1,,4.9,10^-3 min^-1,0.001,0.0049,"In normal rat brain, the transfer constant (ki) for AIB in cortex was 4.9 ± 1.1 × 10^-3 min^-1 (mean ± SD, n=5 rats).",,,unknown,unknown
"[""influx_transport"",""blood_to_brain_transport"",""/min"",""carrier_mediated_influx"",""unknown"",""unknown""]",influx_transport,blood_to_brain_transport,/min,7c3d7847c053c17863cb8a0b56be7acbcdc2be2398be35ec956e06e0018c99d5,k1 = 0.008 ± 0.003 min^-1 (mean ± std),,k1 = 0.008 ± 0.003 min^-1 (mean ± std),,0.008,min^-1,1,0.008,"Kinetic analysis of normal brain (cerebellum) gave a mean 18F-Fluciclovine transport rate (k1) of 0.008 ± 0.003 min−1, representing BBB influx.",,,unknown,unknown
"[""influx_transport"",""blood_to_brain_transport"",""/min"",""carrier_mediated_influx"",""unknown"",""unknown""]",influx_transport,blood_to_brain_transport,/min,0cbccba436089ddd03ad4a92dfd4a3b3095cd491b6f222db17878ec1c4a05639,"K1 for [11C]AMT (whole brain) = 19 (6) ×10^3 (units: mL mL-1 min-1, as reported in table header where actual K1 = value/1000)",,"K1 for [11C]AMT (whole brain) = 19 (6) ×10^3 (units: mL mL-1 min-1, as reported in table header where actual K1 = value/1000)",,19,10^-3 mL mL-1 min-1,0.001,0.019,"Table 1 provides the whole brain K1 for [11C]AMT as 19 (6) ×10^3 mL mL-1 min-1. This K1 is the rate constant for transfer into the brain, reflecting BBB transport mediated by the L system as discussed in paragraph 46.",,,unknown,unknown
"[""influx_transport"",""blood_to_brain_transport"",""/min"",""carrier_mediated_influx"",""unknown"",""unknown""]",influx_transport,blood_to_brain_transport,/min,ce8c0536d02f03f1cf814bfaab7f0b3100a5d02179fee2419919346dfa9e76f9,"k1 = 0.02/min at Phe 0.92 mmol/L, decreasing by a factor of 2 from the value at lower Phe",,"k1 = 0.02/min at Phe 0.92 mmol/L, decreasing by a factor of 2 from the value at lower Phe",,0.02,/min,1,0.02,"From compartmental analysis of tissue and plasma activity measured by PET, the BBB transport rate k1 for L-[1-11C]tyrosine was calculated. With increasing phenylalanine level from 0.10 to 0.92 mmol/L, k1 decreased by a factor of 2 to 0.02/min, and the average protein synthesis rate declined from 0.54 to 0.15 nmol/ml/min. This indicates competition of tyrosine with phenylalanine and tryptophan in the neutral amino acid transport across the BBB.",,,unknown,unknown
"[""influx_transport"",""blood_to_brain_transport"",""/min"",""carrier_mediated_influx"",""unknown"",""unknown""]",influx_transport,blood_to_brain_transport,/min,9aad51f25f1ac6f65284559b22ea53131ca4749d5528f69a843eb504909e0207,"Phenylalanine competes with tyrosine for neutral amino acid transport across the BBB, reducing the transport rate k1 for tyrosine by a factor of 2 to 0.02/min at 0.92 mmol/L Phe",,"Phenylalanine competes with tyrosine for neutral amino acid transport across the BBB, reducing the transport rate k1 for tyrosine by a factor of 2 to 0.02/min at 0.92 mmol/L Phe",,0.02,/min,1,0.02,"The passage states that with increasing phenylalanine level from 0.10 to 0.92 mmol/L, the k1 for tyrosine decreased by a factor of 2 to 0.02/min, indicating competition of tyrosine with phenylalanine in the neutral amino acid transport across the BBB.",,,unknown,unknown
"[""influx_transport"",""blood_to_brain_transport"",""/min"",""carrier_mediated_influx"",""unknown"",""unknown""]",influx_transport,blood_to_brain_transport,/min,139b29b85e7d7c5e757d1affc88b578f2667d7a326757484e3f1a54445ac68dd,Mean whole-brain k1 = 0.022 ± 0.008 min-1 (hyperglycemic diabetics); extraction reduced compared to controls.,,Mean whole-brain k1 = 0.022 ± 0.008 min-1 (hyperglycemic diabetics); extraction reduced compared to controls.,,0.022,min-1,1,0.022,"Unidirectional [11C]MeG extraction is a function of both the number of D-glucose carriers present in the BBB and the affinity of these carriers for [11C]MeG. In hyperglycemic diabetic subjects, mean whole-brain k1 was significantly reduced to 0.022 ± 0.008 min-1 (Table 3), and extraction was also reduced.",,,unknown,unknown
"[""influx_transport"",""blood_to_brain_transport"",""/min"",""carrier_mediated_influx"",""unknown"",""unknown""]",influx_transport,blood_to_brain_transport,/min,9daa8e89fd87dc2ba8cd5222656f5f973d96cbd8bcba9aad1f2a2259a52e64a5,k1 = 2.2 ± 0.6 × 10^-2 min^-1 (white matter),,k1 = 2.2 ± 0.6 × 10^-2 min^-1 (white matter),,2.2,10^-2 min^-1,0.01,0.022,"The authors, following the L-[1-14C]-leucine model of Smith et al., measured rate constants for 14C-valine in local brain regions of normal adult female Wistar rats. In white matter, the unidirectional influx constant k1 was 2.2 ± 0.6 × 10−2 min−1 (mean ± SD).",,,unknown,unknown
"[""influx_transport"",""blood_to_brain_transport"",""/min"",""carrier_mediated_influx"",""unknown"",""unknown""]",influx_transport,blood_to_brain_transport,/min,e5bbb5aa8abd6415ff465a532d15604453412245dfaffdd0ecc58abacef9be48,k1 = 3.8 ± 0.5 × 10^-2 min^-1 (gray matter),,k1 = 3.8 ± 0.5 × 10^-2 min^-1 (gray matter),,3.8,10^-2 min^-1,0.01,0.038,"The authors, following the L-[1-14C]-leucine model of Smith et al., measured rate constants for 14C-valine in local brain regions of normal adult female Wistar rats. In gray matter, the unidirectional influx constant k1 was 3.8 ± 0.5 × 10−2 min−1 (mean ± SD).",,,unknown,unknown
"[""influx_transport"",""blood_to_brain_transport"",""/min"",""carrier_mediated_influx"",""unknown"",""unknown""]",influx_transport,blood_to_brain_transport,/min,d94a9798bdb4cb31c3dd3198240c2fb39f7c30f5ca57c4a3469e665f42827e6a,K1 = 0.041 ml ml^-1 min^-1,,K1 = 0.041 ml ml^-1 min^-1,,0.041,ml ml^-1 min^-1,1,0.041,Plasma and brain time-activity curves were recorded after intravenous bolus injection of L-[11C]methionine after administration of 1 µg vasopressin. The blood-brain clearance of the tracer (K1) was 0.041 ml ml−1 min−1 after injection of vasopressin.,,,unknown,unknown
"[""influx_transport"",""blood_to_brain_transport"",""/min"",""carrier_mediated_influx"",""unknown"",""unknown""]",influx_transport,blood_to_brain_transport,/min,e80fdce02739fa1c795519da1adbfd6b693648f1a567a5cf28146717eb1061d5,Blood-brain clearance K1 = 0.041 ± 0.009 ml ml^-1 min^-1,,Blood-brain clearance K1 = 0.041 ± 0.009 ml ml^-1 min^-1,,0.041,ml ml^-1 min^-1,1,0.041,"After intravenous injection of 1 µg AVP, the blood-brain clearance K1 of L-[11C]methionine decreased to 0.041 ± 0.009 ml ml−1 min−1 (p:37).",,,unknown,unknown
"[""influx_transport"",""blood_to_brain_transport"",""/min"",""carrier_mediated_influx"",""unknown"",""unknown""]",influx_transport,blood_to_brain_transport,/min,4ca38017f8315fe0a7c6d0c9391f69e4e474e4b38d09bdca70603260852ed2c5,K1 = 0.051 ± 0.009 ml/min/ml for ^18F-Phe in normal grey matter,,K1 = 0.051 ± 0.009 ml/min/ml for ^18F-Phe in normal grey matter,,0.051,ml/min/ml,1,0.051,"Table 3 shows the transport rate constants: K1 (ml/min/ml) for normal grey matter is 0.051±0.009. In paragraph 27, a good inverse correlation between the K1 value of normal grey matter and the weighted concentration of nine LNAAs in plasma is demonstrated (P < 0.001), indicating that 18F-Phe influx across the BBB is mediated by the LNAA transport system.",,,unknown,unknown
"[""influx_transport"",""blood_to_brain_transport"",""/min"",""carrier_mediated_influx"",""unknown"",""unknown""]",influx_transport,blood_to_brain_transport,/min,eca3a75e23b104c8e83bf5192533e499dd8f936c6a94cf07639d5ba0eee8a05e,K1 = 0.075 ml ml^-1 min^-1,,K1 = 0.075 ml ml^-1 min^-1,,0.075,ml ml^-1 min^-1,1,0.075,Plasma and brain time-activity curves were recorded after intravenous bolus injection of L-[11C]methionine before administration of vasopressin. The blood-brain clearance of the tracer (K1) was 0.075 ml ml−1 min−1 before injection of vasopressin.,,,unknown,unknown
"[""influx_transport"",""blood_to_brain_transport"",""/min"",""carrier_mediated_influx"",""unknown"",""unknown""]",influx_transport,blood_to_brain_transport,/min,90a03a79d0ce1ceae40abc8baff4190d7ab0e5ce47d859100cc6e0ef619a6571,Blood-brain clearance K1 = 0.075 ± 0.011 ml ml^-1 min^-1,,Blood-brain clearance K1 = 0.075 ± 0.011 ml ml^-1 min^-1,,0.075,ml ml^-1 min^-1,1,0.075,"Under control conditions (before AVP administration), the blood-brain clearance K1 of L-[11C]methionine was 0.075 ± 0.011 ml ml−1 min−1 as shown in Table 2 (p:37).",,,unknown,unknown
"[""influx_transport"",""blood_to_brain_transport"",""/min"",""carrier_mediated_influx"",""unknown"",""unknown""]",influx_transport,blood_to_brain_transport,/min,9aceeb14205b69dfb9927d068dbf13b19598ff906d562b960456ff87490c4ccd,K1 = 0.09 min^-1 for deoxyglucose transport in human gray matter,,K1 = 0.09 min^-1 for deoxyglucose transport in human gray matter,,0.09,min^-1,1,0.09,Gray matter transfer coefficients in humans list K1 = 0.09 min^-1 for deoxyglucose. This is a quantitative absolute measure of blood-to-brain transport.,,,unknown,unknown
"[""influx_transport"",""blood_to_brain_transport"",""/min"",""carrier_mediated_influx"",""unknown"",""unknown""]",influx_transport,blood_to_brain_transport,/min,0a83699ae5f6b93df3b358ef5da0fd4d74f818d6347d19d72f1dc807e85e3375,"K1 = 0.091 ml/ml/min (median, IQR 0.007)",,"K1 = 0.091 ml/ml/min (median, IQR 0.007)",,0.091,ml/ml/min,1,0.091,"In healthy volunteers, the median (IQR) K1 for 18F-FDG was 0.091 (0.007) ml/ml/min, as reported in Table 2, representing glucose transport across the blood-brain barrier.",,,unknown,unknown
"[""influx_transport"",""blood_to_brain_transport"",""/min"",""carrier_mediated_influx"",""unknown"",""unknown""]",influx_transport,blood_to_brain_transport,/min,310570e4d9e93db9351422c70111a60258b49f3053f7041e0a72e08cd93974a3,"Brain uptake of [^3H]taurocholate increased in λ-carrageenan-treated rats; VBr = 137.26 ± 8.08 pmol/g (vs. saline 97.61 ± 5.43 pmol/g), KIN = 15.07 ± 0.18 pmol/g·min (vs. 8.23 ± 0.17 pmol/g·min), kout = 0.11 ± 0.01/min (vs. 0.08 ± 0.01/min); all p < 0.01.",,"Brain uptake of [^3H]taurocholate increased in λ-carrageenan-treated rats; VBr = 137.26 ± 8.08 pmol/g (vs. saline 97.61 ± 5.43 pmol/g), KIN = 15.07 ± 0.18 pmol/g·min (vs. 8.23 ± 0.17 pmol/g·min), kout = 0.11 ± 0.01/min (vs. 0.08 ± 0.01/min); all p < 0.01.",,0.11,1/min,1,0.11,"In animals subjected to peripheral inflammatory pain, a significant increase (1.8-fold; p < 0.01) in [3H]taurocholate uptake was observed compared with the uptake time course in saline controls. Kinetic analysis of multiple-time uptake data revealed a significant increase (p < 0.01) in both KIN and kout during peripheral pain compared with saline controls (Table 2), suggesting enhancement of a selective transport process for taurocholate at the BBB. The estimated brain distribution volume at steady-state (VBr) increased (1.4-fold) after 3-h inflammatory pain compared with saline controls, which implies enhanced distribution of taurocholate to the brain.",,,unknown,unknown
"[""influx_transport"",""blood_to_brain_transport"",""/min"",""carrier_mediated_influx"",""unknown"",""unknown""]",influx_transport,blood_to_brain_transport,/min,2108cfb4ee1951d51d39456f42bac66b157f3af7c8e6b03f29167ff3815ebc72,k2* is 0.12 ± 0.02 min^-1,,k2* is 0.12 ± 0.02 min^-1,,0.12,min^-1,1,0.12,The average value of k2* was determined to be 0.12 ± 0.02 min^-1 in normal white matter. The value of k2* is determined by the catalytic activity of the carrier system and the total area of the exchange surface.,,,unknown,unknown
"[""influx_transport"",""blood_to_brain_transport"",""/min"",""carrier_mediated_influx"",""unknown"",""unknown""]",influx_transport,blood_to_brain_transport,/min,fa05cf7a8660d4a0906cdb7464a348091bc0124184add83c60b5e2770269801f,Glucose is a BBB substrate with identical transport kinetics to 3-O-methyl-D-glucose; glucose efflux rate constant k2 = 0.14 ± 0.08 min^-1.,,Glucose is a BBB substrate with identical transport kinetics to 3-O-methyl-D-glucose; glucose efflux rate constant k2 = 0.14 ± 0.08 min^-1.,,0.14,min^-1,1,0.14,"The authors state that previous investigations have shown the kinetics of BBB transport of glucose and 3-O-methyl-D-glucose are identical, and the carotid injection method has been used to measure the kinetics of glucose influx from blood to brain. The rate constant of glucose efflux (k2) was 0.14 ± 0.08 min−1, identical to that of methylglucose (0.14 ± 0.02 min−1), supporting that both sugars are substrates of the same BBB carrier.",,,unknown,unknown
"[""influx_transport"",""blood_to_brain_transport"",""/min"",""carrier_mediated_influx"",""unknown"",""unknown""]",influx_transport,blood_to_brain_transport,/min,bff4b1299defeaf3feed3bb2302396d58702d44c7389f1c33c10f8ccc98391f6,k1* = 0.189 /min,,k1* = 0.189 /min,,0.189,/min,1,0.189,"Mean values of the rate constants for the [14C]2DG method are given, including k1* = 0.189 /min, which represents the influx rate constant for [14C]2DG transport across the BBB.",,,unknown,unknown
"[""influx_transport"",""blood_to_brain_transport"",""/min"",""carrier_mediated_influx"",""unknown"",""unknown""]",influx_transport,blood_to_brain_transport,/min,3501d6f7cec4fca872c981ddb158c1f79633c9c7b6cd14b57acb578ae81fa0d4,k2* is 0.25 ± 0.04 min^-1,,k2* is 0.25 ± 0.04 min^-1,,0.25,min^-1,1,0.25,The average value of k2* was determined to be 0.25 ± 0.04 min^-1 in normal cortex. The value of k2* is determined by the catalytic activity of the carrier system and the total area of the exchange surface.,,,unknown,unknown
"[""influx_transport"",""blood_to_brain_transport"",""/min"",""carrier_mediated_influx"",""unknown"",""unknown""]",influx_transport,blood_to_brain_transport,/min,94798a057506120303526bb9b869a15eacade49e47b8bc660e0a2ec738e7b3ec,K1 = 0.123 ± 0.010 ml/g/min and k2 = 0.255 ± 0.029 /min (mean ± SD) for 3-O-[14C]methylglucose transport from blood to brain.,,K1 = 0.123 ± 0.010 ml/g/min and k2 = 0.255 ± 0.029 /min (mean ± SD) for 3-O-[14C]methylglucose transport from blood to brain.,,0.255,/min,1,0.255,"During chronic nicotine infusion, the mean local rate constants for 3-O-[14C]methylglucose were K1 = 0.123 ± 0.010 ml/g/min and k2 = 0.255 ± 0.029 /min (pooled from all brain structures, table on p.16). The pooled values were 39% lower for K1 and 41% lower for k2 compared to control (p < 0.01), as noted in paragraph 12.",,,unknown,unknown
"[""influx_transport"",""blood_to_brain_transport"",""/min"",""carrier_mediated_influx"",""unknown"",""unknown""]",influx_transport,blood_to_brain_transport,/min,c2c121ef593af0243b068be9158c0bb8145d2d0b47d593c2e074218325ffc2f6,K1 = 0.186 ml g-1 min-1; k2 = 0.363 min-1; k3 = 0.257 min-1; K = 0.077 ml g-1 min-1; PS = 0.250 ml g-1 min-1; Kt = 7 mM,,K1 = 0.186 ml g-1 min-1; k2 = 0.363 min-1; k3 = 0.257 min-1; K = 0.077 ml g-1 min-1; PS = 0.250 ml g-1 min-1; Kt = 7 mM,,0.257,min-1,1,0.257,"Table 8 reports transfer and Michaelis constants for glucose in adult rat brain: K1 = 0.186 ml g-1 min-1, k2 = 0.363 min-1, k3 = 0.257 min-1, K = 0.077 ml g-1 min-1, PS = 0.250 ml g-1 min-1, and Kt = 7 mM, indicating carrier-mediated blood-to-brain transport of glucose.",,,unknown,unknown
"[""influx_transport"",""blood_to_brain_transport"",""/min"",""carrier_mediated_influx"",""unknown"",""unknown""]",influx_transport,blood_to_brain_transport,/min,10fbb56578d7635c198fcd8d69a6bbcb128de10b736a53ef33cc36e1bed415b4,Average rate constant (k*) for 3FDG transport across BBB = 0.35 min^-1 after patient loading with 10 g of glucose,,Average rate constant (k*) for 3FDG transport across BBB = 0.35 min^-1 after patient loading with 10 g of glucose,,0.35,min^-1,1,0.35,The average value of k* registered after patient loading with 10 g of glucose was 0.35 min−1. This k* is the rate constant for 3FDG transport across the BBB.,,,unknown,unknown
"[""influx_transport"",""blood_to_brain_transport"",""/min"",""carrier_mediated_influx"",""unknown"",""unknown""]",influx_transport,blood_to_brain_transport,/min,38530943e68a516e7a3cd99738a9c9c24062fa8576597ab03d5de3680820fddb,K1 = 0.186 ml g-1 min-1; k2 = 0.363 min-1; k3 = 0.257 min-1; K = 0.077 ml g-1 min-1; PS = 0.250 ml g-1 min-1; Kt = 7 mM,,K1 = 0.186 ml g-1 min-1; k2 = 0.363 min-1; k3 = 0.257 min-1; K = 0.077 ml g-1 min-1; PS = 0.250 ml g-1 min-1; Kt = 7 mM,,0.363,min-1,1,0.363,"Table 8 reports transfer and Michaelis constants for glucose in adult rat brain: K1 = 0.186 ml g-1 min-1, k2 = 0.363 min-1, k3 = 0.257 min-1, K = 0.077 ml g-1 min-1, PS = 0.250 ml g-1 min-1, and Kt = 7 mM, indicating carrier-mediated blood-to-brain transport of glucose.",,,unknown,unknown
"[""influx_transport"",""blood_to_brain_transport"",""/min"",""carrier_mediated_influx"",""unknown"",""unknown""]",influx_transport,blood_to_brain_transport,/min,48f18783fff6956915e17b7692cbf44f6d8772c0ad99206ed46a6f58a79946cc,K1 = 0.201 ± 0.033 ml/g/min and k2 = 0.435 ± 0.085 /min (mean ± SD) for 3-O-[14C]methylglucose transport from blood to brain.,,K1 = 0.201 ± 0.033 ml/g/min and k2 = 0.435 ± 0.085 /min (mean ± SD) for 3-O-[14C]methylglucose transport from blood to brain.,,0.435,/min,1,0.435,"In control rats, the mean local rate constants for 3-O-[14C]methylglucose transport across the BBB (pooled from all brain structures) were K1 = 0.201 ± 0.033 ml/g/min and k2 = 0.435 ± 0.085 /min, as shown in the last row of the table (p.16). The control K1 value is consistent with the established unidirectional blood-brain glucose transfer constant (Gjedde and Rasmussen, 1980), confirming that the measured values reflect carrier-mediated glucose transport at the BBB.",,,unknown,unknown
"[""influx_transport"",""blood_to_brain_transport"",""/min"",""carrier_mediated_influx"",""unknown"",""unknown""]",influx_transport,blood_to_brain_transport,/min,d5d0b4ce33223cf7a3cd2b30528b5283bf032b32dc4c85705e50142173441471,"Mean K1 = 0.203 ± 0.036 ml/g/min, mean k2 = 0.439 ± 0.093/min, equilibrium distribution ratio K1/k2 = 0.46 ml/g for BBB transport of 3-O-methylglucose",,"Mean K1 = 0.203 ± 0.036 ml/g/min, mean k2 = 0.439 ± 0.093/min, equilibrium distribution ratio K1/k2 = 0.46 ml/g for BBB transport of 3-O-methylglucose",,0.439,/min,1,0.439,"The mean values obtained in 47 brain structures were 0.203 ± 0.036 ml/g/min for K1 and 0.439 ± 0.093/min for k2. The mean brain:blood equilibrium distribution ratio for 3-O-[14C]methylglucose, i.e. K1/k2, was 0.46 ml/g. The paper later states that these rate constants reflect transport kinetics across the blood-brain barrier, and that Glut1 is the transporter on luminal and abluminal membranes of endothelial cells mediating this transport.",,,unknown,unknown
"[""influx_transport"",""blood_to_brain_transport"",""/min"",""carrier_mediated_influx"",""unknown"",""unknown""]",influx_transport,blood_to_brain_transport,/min,388aa4bab01ef621da16fc0f3d8d6cc312fd0fdaf7624e0bd3d25aa96ebbbe28,"k* = 0.45 min^-1 in normal brain cortex; K_M approximately half that of C-11-methyl-D-glucose, indicating higher affinity to the glucose carrier system",,"k* = 0.45 min^-1 in normal brain cortex; K_M approximately half that of C-11-methyl-D-glucose, indicating higher affinity to the glucose carrier system",,0.45,min^-1,1,0.45,"In the present study, the ratio k_CMG/k_3FDG was found to be 0.55, and based on the assumption of equal V_M, the Michaelis-Menten constant K_M for 3FDG is about half that for CMG, indicating that 3FDG has a higher affinity to the glucose carrier system than CMG. The average k* for 3FDG in normal brain cortex was measured as 0.45 min−1 (p:36).",,,unknown,unknown
"[""influx_transport"",""blood_to_brain_transport"",""/min"",""carrier_mediated_influx"",""unknown"",""unknown""]",influx_transport,blood_to_brain_transport,/min,b44572b0c90537631b3b283e16c31b4d10ecc5d4800483576ebbdc51a8afd399,"PS/F = 1.1, k3 = 66 min^-1",,"PS/F = 1.1, k3 = 66 min^-1",,66,min^-1,1,66.0,"The rate constant k3 defines drug influx from plasma to brain across the BBB, and this process is saturable both in vivo and in isolated brain microvessels for lipophilic amines such as propranolol. The PS/F ratio for propranolol is 1.1, corresponding to a k3 value of 66 min−1.",,,unknown,unknown
"[""influx_transport"",""blood_to_brain_transport"",""/min"",""carrier_mediated_influx"",""unknown"",""unknown""]",influx_transport,blood_to_brain_transport,/min,545b29eb4b327dd96d45a7b6a841b96450b1cf4b9f0a357172656d370b9570e0,"PS/F = 2.5, k3 = 150 min^-1",,"PS/F = 2.5, k3 = 150 min^-1",,150,min^-1,1,150.0,"The rate constant k3 defines drug influx from plasma to brain across the BBB, and this process is saturable both in vivo and in isolated brain microvessels for lipophilic amines such as imipramine. The PS/F ratio for imipramine is 2.5, corresponding to a k3 value of 150 min−1.",,,unknown,unknown
"[""influx_transport"",""blood_to_brain_transport"",""M"",""carrier_mediated_influx"",""unknown"",""unknown""]",influx_transport,blood_to_brain_transport,M,07331a4b06f9ed0dd0addd54e8dfd6051365ff8deae90143eef361bd9a796612,Km 1.8 × 10^-5 M for adenosine transport across capillary BBB,,Km 1.8 × 10^-5 M for adenosine transport across capillary BBB,,1.8,10^-5 M,0.00001,1.8e-05,Cornfeld and Oldendorf (1975) found an independent transport system for adenosine with Km 1.8 × 10^-5 M using a 15 sec infusion method to measure transport across the capillary blood brain barrier.,,,unknown,unknown
"[""influx_transport"",""blood_to_brain_transport"",""M"",""carrier_mediated_influx"",""unknown"",""unknown""]",influx_transport,blood_to_brain_transport,M,310f644ec495569da24d7ea07ca9f4e06034622093c5ada1880c1421d59f4ff1,Km 2.7 × 10^-5 M for adenine transport across capillary BBB,,Km 2.7 × 10^-5 M for adenine transport across capillary BBB,,2.7,10^-5 M,0.00001,2.7e-05,Cornfeld and Oldendorf (1975) used a 15 sec infusion method to measure transport across the capillary blood brain barrier and found an independent transport system for adenine with Km 2.7 × 10^-5 M.,,,unknown,unknown
"[""influx_transport"",""blood_to_brain_transport"",""M"",""carrier_mediated_influx"",""unknown"",""unknown""]",influx_transport,blood_to_brain_transport,M,be1fdaed5a14d8d318e6058810fbb09f0c6f3eb1bd49248f1ffaf11c154d0f23,"Saturation of choline transport occurs at choline levels approximating 10^-4 M, which is ten times the estimated endogenous serum levels.",,"Saturation of choline transport occurs at choline levels approximating 10^-4 M, which is ten times the estimated endogenous serum levels.",,1,10^-4 M,0.0001,0.0001,Paragraph 33 states: 'Saturation of transport occurs at exogenous choline concentrations that are ten times the estimated endogenous serum levels. ... dilution... saturation of transport occurs at choline levels approximating 10−4M.' This provides an absolute value for the saturation concentration of the carrier-mediated choline transport into brain.,,,unknown,unknown
"[""influx_transport"",""blood_to_brain_transport"",""M"",""carrier_mediated_influx"",""unknown"",""unknown""]",influx_transport,blood_to_brain_transport,M,e11af40395657a471842c202e92acb3f803681a1dd68133a943e2d631238f03f,Tyrosine is concentrated fivefold from a blood concentration of 1 × 10^-4 M to a brain tissue concentration of about 5 × 10^-4 M by an active transport mechanism.,,Tyrosine is concentrated fivefold from a blood concentration of 1 × 10^-4 M to a brain tissue concentration of about 5 × 10^-4 M by an active transport mechanism.,,5,10^-4 M,0.0001,0.0005,"Tyrosine is taken up from the blood, and in brain it is concentrated fivefold by an active transport mechanism from 1 × 10−4 M in the blood to about 5 × 10−4 M in the tissue (63). This demonstrates carrier-mediated blood-to-brain transport of tyrosine across the BBB.",,,unknown,unknown
"[""influx_transport"",""blood_to_brain_transport"",""M"",""carrier_mediated_influx"",""unknown"",""unknown""]",influx_transport,blood_to_brain_transport,M,0920edd7b8e1514b9f22c6e571bf9c9c25bb426c39f8366e71cb4d92a0ef4baf,Glucose is transported by a high-affinity system (Km 1.1 mM) and a low-affinity system (Km 1.0 M) at the BBB.,,Glucose is transported by a high-affinity system (Km 1.1 mM) and a low-affinity system (Km 1.0 M) at the BBB.,,1.0,M,1,1.0,"Gjedde (1981) has shown a putative low affinity system for glucose transport at the BBB to be stereoselective and to have a Km of 1.0 M, compared with a Km of 1.1 mM for the high affinity system. These kinetic parameters indicate that glucose is a substrate of both a high-affinity and a low-affinity carrier at the BBB.",,,unknown,unknown
"[""influx_transport"",""blood_to_brain_transport"",""M"",""carrier_mediated_influx"",""unknown"",""unknown""]",influx_transport,blood_to_brain_transport,M,740d7c0bef4cc2466246cac43914949248fd5743e67420c16c4de0838508e8c3,"Tmax = ~5 mmol 100 g^-1 min^-1, Km = ~1 M, permeability = 85·10^-7 cm s^-1 (specific nonsaturable diffusion pathway)",,"Tmax = ~5 mmol 100 g^-1 min^-1, Km = ~1 M, permeability = 85·10^-7 cm s^-1 (specific nonsaturable diffusion pathway)",,1,M,1,1.0,"In rat, the low-affinity system for D-glucose from blood to brain had Tmax ~5 mmol 100 g^-1 min^-1, Km ~1 M, and a specific nonsaturable diffusion permeability of 85·10^-7 cm s^-1. This system distinguished between D- and L-glucose, indicating specific carrier-mediated transport.",,,unknown,unknown
"[""influx_transport"",""blood_to_brain_transport"",""M"",""carrier_mediated_influx"",""unknown"",""unknown""]",influx_transport,blood_to_brain_transport,M,8c19ef8c9e9d7c76d15de86c05a5eb5ad6d8896a6f7e2c9caca52ba7d33387f9,Km = 100 M for saturable biotin transport across the BBB,,Km = 100 M for saturable biotin transport across the BBB,,100,M,1,100.0,"The CNS depends on biotin transferred across the blood brain barrier. In experimental animals, the presence of such a saturable transport system with a Km (Michaelis–Menten constant) of 100 M has been demonstrated (Spector and Mock, 1987).",,,unknown,unknown
"[""influx_transport"",""brain_endothelial_cell_uptake"",""pmol/cells·min"",""carrier_mediated_influx"",""unknown"",""unknown""]",influx_transport,brain_endothelial_cell_uptake,pmol/cells·min,4c1e54c85b172c927b0f1c2bde9090d87fb46362ab950d7f58a415600b1cd0ee,"Luminal GSH uptake in Na^+-free buffer: 0.96 ± 0.03 pmol/30 min/million cells, representing the Na^+-independent component of GSH uptake.",,"Luminal GSH uptake in Na^+-free buffer: 0.96 ± 0.03 pmol/30 min/million cells, representing the Na^+-independent component of GSH uptake.",,0.96,pmol/30 min/million cells,0.0000000333333333333333,3.199999999999997e-08,"Luminal GSH uptake in Na+-free buffer was 0.96 ± 0.03 pmol/30 min/million cells, significantly less than in Na+-containing buffer, indicating a Na+-independent uptake mechanism. The paper concludes that HCEC take up GSH by both Na+-dependent and -independent mechanisms.",,,unknown,unknown
"[""influx_transport"",""brain_endothelial_cell_uptake"",""pmol/cells·min"",""carrier_mediated_influx"",""unknown"",""unknown""]",influx_transport,brain_endothelial_cell_uptake,pmol/cells·min,e7b1d0d71de3ba3acb1bc1b4ff52be9181b49ff870686908c1acc12b9b276ce5,Uptake of 35S-GSH by HCEC was ~2.4 pmol/30 min/million cells.,,Uptake of 35S-GSH by HCEC was ~2.4 pmol/30 min/million cells.,,2.4,pmol/30 min/million cells,0.0000000333333333333333,7.999999999999992e-08,"Human cerebrovascular endothelial cells (HCEC) possess morphological and biological similarities to the BBB [46]. Using these cells, Kannan et al. reported uptake of 35S-GSH in both a Na+-dependent and Na+-independent manner [37], and estimated the maximum net rate of GSH uptake by the cells to be ~2.4 pmol/30 min/million cells.",,,unknown,unknown
"[""influx_transport"",""brain_endothelial_cell_uptake"",""pmol/cells·min"",""carrier_mediated_influx"",""unknown"",""unknown""]",influx_transport,brain_endothelial_cell_uptake,pmol/cells·min,e6a9fcd8de883df4d9f241c63863998ee6c9aeb41b22cacef03fc52d86dc84c0,"Km = 62 ± 14 µM, Vmax = 385 ± 30 pmol/min/million cells for prazosin-inhibitable lamotrigine uptake",,"Km = 62 ± 14 µM, Vmax = 385 ± 30 pmol/min/million cells for prazosin-inhibitable lamotrigine uptake",,385,pmol/min/million cells,0.000001,0.000385,From paragraph 34: The uptake rate for lamotrigine transport was significantly different from the prazosin inhibited control over 5–300 µM. The prazosin inhibitable kinetics gave a Km of 62 ± 14 µM and Vmax of 385 ± 30 pmol/min/million cells. Also paragraph 38 describes the time course and the OCT1 rate plot using hCMEC/D3 cells at 37°C with 100 µM prazosin.,,,unknown,unknown
"[""influx_transport"",""brain_endothelial_cell_uptake"",""pmol/cells·min"",""carrier_mediated_influx"",""unknown"",""unknown""]",influx_transport,brain_endothelial_cell_uptake,pmol/cells·min,4179e8e32c4bf220534451f46bd7dbf574094a5538779598c84cb4e3689e474f,"Vmax = 3299 pmol/million cells/min, Km = 35.9 µM",,"Vmax = 3299 pmol/million cells/min, Km = 35.9 µM",,3299,pmol/million cells/min,0.000001,0.003299,"We firstly studied the uptake of clozapine into human brain endothelial cells (hCMEC/D3). Clozapine uptake into cells was consistent with a carrier-mediated process, which was time-dependent and saturable (Vmax=3299 pmol/million cells/min, Km=35.9 µM).",,,unknown,unknown
"[""influx_transport"",""brain_endothelial_cell_uptake"",""pmol/cells·min"",""carrier_mediated_influx"",""unknown"",""unknown""]",influx_transport,brain_endothelial_cell_uptake,pmol/cells·min,a8e37d5d06e26416e649b421e2e735b33aba2a451e5324ab942228718ffceb42,"Vmax 3299 pmol/million cells/min, Km 35.9 µM for clozapine uptake at 37°C",,"Vmax 3299 pmol/million cells/min, Km 35.9 µM for clozapine uptake at 37°C",,3299,pmol/million cells/min,0.000001,0.003299,Clozapine uptake into hCMEC/D3 cells exhibited typical transporter-mediated uptake kinetics with a linear phase of uptake that was saturable and with significantly decreased uptake at 4°C. Clozapine uptake followed Michaelis-Menten kinetics with Vmax of 3299 pmol/million cells/min and Km of 35.9 µM.,,,unknown,unknown
"[""influx_transport"",""brain_endothelial_cell_uptake"",""pmol/cells·min"",""carrier_mediated_influx"",""unknown"",""unknown""]",influx_transport,brain_endothelial_cell_uptake,pmol/cells·min,12bf7e1ebc6e59897bb4e4e74621c479e06f41efe0dcfb6a707101c60d32d2d6,"LAT1-mediated uptake: Km = 530 µM, Vmax = 7039 pmoles/million cells/min",,"LAT1-mediated uptake: Km = 530 µM, Vmax = 7039 pmoles/million cells/min",,7039,pmoles/million cells/min,0.000001,0.007039,"Gabapentin was demonstrated to be a LAT1 substrate in brain endothelial cells (hCMEC/D3) with LAT1-process Km = 530 µM and Vmax = 7039 pmoles/million cells/min. At physiological concentrations, LAT1-mediated transport was 3-fold higher than other transport processes.",,,unknown,unknown
"[""passive_permeability"",""apparent_permeability"",""cm/s"",""__unknown__"",""mdck"",""mdck-mdr monolayer"",""__unknown__"",""absolute"",""none""]",passive_permeability,apparent_permeability,cm/s,df94bf0b7909534ecbb6e826535d5f6dafedca27f5caaa9011d55cdcb481121e,8.7e-07,10^-6 cm/s,8.7e-07,10^-6 cm/s,8.7e-07,10^-6 cm/s,0.000001,8.7e-13,"The transport of 1 was evaluated across MDR-MDCK monolayer. The permeability of the free base form in the absorptive direction was Papp 0.87 × 10−6 cm/sec, lower than the HCl salt form.",mdck-mdr monolayer,,absolute,none
"[""passive_permeability"",""apparent_permeability"",""cm/s"",""__unknown__"",""mdck"",""mdck-mdr monolayer"",""__unknown__"",""absolute"",""none""]",passive_permeability,apparent_permeability,cm/s,833364160d884ab425fa4686f56179305fffab882cf086df5b1eb55d6372c12d,1.9e-06,10^-6 cm/s,1.9e-06,10^-6 cm/s,1.9e-06,10^-6 cm/s,0.000001,1.9e-12,"The transport of 1 was evaluated across MDR-MDCK monolayer, a model for in vitro BBB transport study. The permeability of the 1 HCl salt in the absorptive direction was Papp 1.9 × 10−6 cm/sec, and the efflux ratio was < 1 indicating no net efflux.",mdck-mdr monolayer,,absolute,none
"[""passive_permeability"",""apparent_permeability"",""cm/s"",""__unknown__"",""mdck"",""mdck-mdr monolayer"",""__unknown__"",""absolute"",""none""]",passive_permeability,apparent_permeability,cm/s,6d05ffd6c02555b82df642c81ffb25dd3c41d2c12b2f032fb5fbef88c09e49d4,0.13,×10^-6 cm/s,0.13,×10^-6 cm/s,0.13,×10^-6 cm/s,0.000001,1.3e-07,"In Table II, for fexofenadine with cyclosporine A (CSA), the A-B Papp across MDR-MDCK cell monolayers was 0.13 ± 0.05 × 10^-6 cm/s, with a B-A Papp of 0.27 ± 0.12 × 10^-6 cm/s and an efflux ratio of 2.0.",mdck-mdr monolayer,,absolute,none
"[""passive_permeability"",""apparent_permeability"",""cm/s"",""__unknown__"",""mdck"",""mdck-mdr monolayer"",""__unknown__"",""absolute"",""none""]",passive_permeability,apparent_permeability,cm/s,0b1c1747422b61da5f355f0f6ef042a58babda2f10ffb34fda194d5a8b6596f6,0.27,×10^-6 cm/s,0.27,×10^-6 cm/s,0.27,×10^-6 cm/s,0.000001,2.7e-07,"In Table II, for fexofenadine with cyclosporine A (CSA), the B-A Papp across MDR-MDCK cell monolayers was 0.27 ± 0.12 × 10^-6 cm/s, with an A-B Papp of 0.13 ± 0.05 × 10^-6 cm/s and an efflux ratio of 2.0.",mdck-mdr monolayer,,absolute,none
"[""passive_permeability"",""apparent_permeability"",""cm/s"",""__unknown__"",""mdck"",""mdck-mdr monolayer"",""__unknown__"",""absolute"",""none""]",passive_permeability,apparent_permeability,cm/s,0f82af22dbeceedb9c6eb41cda8225b39b4e2948f5b6da443dc505bd565c5258,0.29,×10^-6 cm/s,0.29,×10^-6 cm/s,0.29,×10^-6 cm/s,0.000001,2.9e-07,"In Table II, for cetirizine without cyclosporine A (CSA), the A-B Papp across MDR-MDCK cell monolayers was 0.29 ± 0.02 × 10^-6 cm/s, with a B-A Papp of 18.3 ± 3.2 × 10^-6 cm/s and an efflux ratio of 63.",mdck-mdr monolayer,,absolute,none
"[""passive_permeability"",""apparent_permeability"",""cm/s"",""__unknown__"",""mdck"",""mdck-mdr monolayer"",""__unknown__"",""absolute"",""none""]",passive_permeability,apparent_permeability,cm/s,24aed54cf936014cb5ec5f807b532d1a1511f87f1757d94471cea14a1e998906,0.34,×10^-6 cm/s,0.34,×10^-6 cm/s,0.34,×10^-6 cm/s,0.000001,3.4e-07,"In Table II, for fexofenadine without cyclosporine A (CSA), the A-B Papp across MDR-MDCK cell monolayers was 0.34 ± 0.14 × 10^-6 cm/s, with a B-A Papp of 1.34 ± 0.72 × 10^-6 cm/s and an efflux ratio of 3.9.",mdck-mdr monolayer,,absolute,none
"[""passive_permeability"",""apparent_permeability"",""cm/s"",""__unknown__"",""mdck"",""mdck-mdr monolayer"",""__unknown__"",""absolute"",""none""]",passive_permeability,apparent_permeability,cm/s,2b66ad5f9d5a45b9c8ab1cacfade67b9c0974e89b4dd58ca4a27ff890bdf032a,0.62,×10^-6 cm/s,0.62,×10^-6 cm/s,0.62,×10^-6 cm/s,0.000001,6.2e-07,"In Table II, for terfenadine without cyclosporine A (CSA), the A-B Papp across MDR-MDCK cell monolayers was 0.62 ± 0.08 × 10^-6 cm/s, with a B-A Papp of 11.43 ± 0.68 × 10^-6 cm/s and an efflux ratio of 18.5.",mdck-mdr monolayer,,absolute,none
"[""passive_permeability"",""apparent_permeability"",""cm/s"",""__unknown__"",""mdck"",""mdck-mdr monolayer"",""__unknown__"",""absolute"",""none""]",passive_permeability,apparent_permeability,cm/s,d84bc84d97d39337ffa6f99fef8ff422d42b25c8b3cd3b8693ef9f31138179ac,1.34,×10^-6 cm/s,1.34,×10^-6 cm/s,1.34,×10^-6 cm/s,0.000001,1.34e-06,"In Table II, for fexofenadine without cyclosporine A (CSA), the B-A Papp across MDR-MDCK cell monolayers was 1.34 ± 0.72 × 10^-6 cm/s, with an A-B Papp of 0.34 ± 0.14 × 10^-6 cm/s and an efflux ratio of 3.9.",mdck-mdr monolayer,,absolute,none
"[""passive_permeability"",""apparent_permeability"",""cm/s"",""__unknown__"",""mdck"",""mdck-mdr monolayer"",""__unknown__"",""absolute"",""none""]",passive_permeability,apparent_permeability,cm/s,d217f676fd2190b49792b96299ba19454fc1b782010f829851b90bdbea51ba0b,1.51,×10^-6 cm/s,1.51,×10^-6 cm/s,1.51,×10^-6 cm/s,0.000001,1.51e-06,"In Table II, for terfenadine with cyclosporine A (CSA), the A-B Papp across MDR-MDCK cell monolayers was 1.51 ± 0.61 × 10^-6 cm/s, with a B-A Papp of 2.39 ± 0.52 × 10^-6 cm/s and an efflux ratio of 1.6.",mdck-mdr monolayer,,absolute,none
"[""passive_permeability"",""apparent_permeability"",""cm/s"",""__unknown__"",""mdck"",""mdck-mdr monolayer"",""__unknown__"",""absolute"",""none""]",passive_permeability,apparent_permeability,cm/s,fa9d03c3ce4d2cbc45447ba0d98772e0565c1c7633f5178a944c6417d99d0a2c,2.3,×10^-6 cm/s,2.3,×10^-6 cm/s,2.3,×10^-6 cm/s,0.000001,2.3e-06,"In Table II, for cetirizine with cyclosporine A (CSA), the A-B Papp across MDR-MDCK cell monolayers was 2.30 ± 0.73 × 10^-6 cm/s, with a B-A Papp of 2.46 ± 0.74 × 10^-6 cm/s and an efflux ratio of 1.1.",mdck-mdr monolayer,,absolute,none
"[""passive_permeability"",""apparent_permeability"",""cm/s"",""__unknown__"",""mdck"",""mdck-mdr monolayer"",""__unknown__"",""absolute"",""none""]",passive_permeability,apparent_permeability,cm/s,0adb9d9d119ac9f34b62e60d0c193c7a5c754c45fb4230ee06f1dfb1b0ffafd1,2.39,×10^-6 cm/s,2.39,×10^-6 cm/s,2.39,×10^-6 cm/s,0.000001,2.39e-06,"In Table II, for terfenadine with cyclosporine A (CSA), the B-A Papp across MDR-MDCK cell monolayers was 2.39 ± 0.52 × 10^-6 cm/s, with an A-B Papp of 1.51 ± 0.61 × 10^-6 cm/s and an efflux ratio of 1.6.",mdck-mdr monolayer,,absolute,none
"[""passive_permeability"",""apparent_permeability"",""cm/s"",""__unknown__"",""mdck"",""mdck-mdr monolayer"",""__unknown__"",""absolute"",""none""]",passive_permeability,apparent_permeability,cm/s,63cf613b0f70a43b66cf02507b912c498e630dbd907ae1f647814bc0614727ea,2.46,×10^-6 cm/s,2.46,×10^-6 cm/s,2.46,×10^-6 cm/s,0.000001,2.46e-06,"In Table II, for cetirizine with cyclosporine A (CSA), the B-A Papp across MDR-MDCK cell monolayers was 2.46 ± 0.74 × 10^-6 cm/s, with an A-B Papp of 2.30 ± 0.73 × 10^-6 cm/s and an efflux ratio of 1.1.",mdck-mdr monolayer,,absolute,none
"[""passive_permeability"",""apparent_permeability"",""cm/s"",""__unknown__"",""mdck"",""mdck-mdr monolayer"",""__unknown__"",""absolute"",""none""]",passive_permeability,apparent_permeability,cm/s,178c49c614e091b389a621bda5d1babd11ebf575fec97ef1710d19de0512d5e4,3.3,10^-6 cm/sec,3.3,10^-6 cm/sec,3.3,10^-6 cm/sec,0.000001,3.3e-06,"Mitraphylline showed Papp values in the absorptive direction of 3.3 ± 0.3 × 10^-6 cm/s at 5 µM across MDR-MDCK cell monolayers, with a high efflux ratio of 6.6 indicating efflux transporter involvement.",mdck-mdr monolayer,,absolute,none
"[""passive_permeability"",""apparent_permeability"",""cm/s"",""__unknown__"",""mdck"",""mdck-mdr monolayer"",""__unknown__"",""absolute"",""none""]",passive_permeability,apparent_permeability,cm/s,29e071426b751e10eb0ab858ee10724448ec430a700d85911ff3989659390449,3.4,10^-6 cm/sec,3.4,10^-6 cm/sec,3.4,10^-6 cm/sec,0.000001,3.4e-06,"Mitraphylline (10 µM) showed Papp values in the absorptive direction of 3.4 ± 0.2 × 10^-6 cm/s across MDR-MDCK cell monolayers, with a high efflux ratio of 5.9.",mdck-mdr monolayer,,absolute,none
"[""passive_permeability"",""apparent_permeability"",""cm/s"",""__unknown__"",""mdck"",""mdck-mdr monolayer"",""__unknown__"",""absolute"",""none""]",passive_permeability,apparent_permeability,cm/s,90d1f0c6e23d271c393e57a5d404313627bc9379deab22cd66fcdbe59fe8d052,4.75,×10^-6 cm/s,4.75,×10^-6 cm/s,4.75,×10^-6 cm/s,0.000001,4.75e-06,"In Table II, for loratadine without cyclosporine A (CSA), the A-B Papp across MDR-MDCK cell monolayers was 4.75 ± 1.58 × 10^-6 cm/s, with a B-A Papp of 35.0 ± 4.3 × 10^-6 cm/s and an efflux ratio of 7.4.",mdck-mdr monolayer,,absolute,none
"[""passive_permeability"",""apparent_permeability"",""cm/s"",""__unknown__"",""mdck"",""mdck-mdr monolayer"",""__unknown__"",""absolute"",""none""]",passive_permeability,apparent_permeability,cm/s,26737443211f0cc64bfea20be411e9daacb0d0bb1b5e5280e57777b41f42eac8,11.43,×10^-6 cm/s,11.43,×10^-6 cm/s,11.43,×10^-6 cm/s,0.000001,1.143e-05,"In Table II, for terfenadine without cyclosporine A (CSA), the B-A Papp across MDR-MDCK cell monolayers was 11.43 ± 0.68 × 10^-6 cm/s, with an A-B Papp of 0.62 ± 0.08 × 10^-6 cm/s and an efflux ratio of 18.5.",mdck-mdr monolayer,,absolute,none
"[""passive_permeability"",""apparent_permeability"",""cm/s"",""__unknown__"",""mdck"",""mdck-mdr monolayer"",""__unknown__"",""absolute"",""none""]",passive_permeability,apparent_permeability,cm/s,cbc9ff078ff6864a6cdb9b8b80a594fd47f04b90e1ce6b610812151ec217a166,15.52,×10^-6 cm/s,15.52,×10^-6 cm/s,15.52,×10^-6 cm/s,0.000001,1.552e-05,"In Table II, for loratadine with cyclosporine A (CSA), the A-B Papp across MDR-MDCK cell monolayers was 15.52 ± 4.9 × 10^-6 cm/s, with a B-A Papp of 39.64 ± 1.53 × 10^-6 cm/s and an efflux ratio of 2.6.",mdck-mdr monolayer,,absolute,none
"[""passive_permeability"",""apparent_permeability"",""cm/s"",""__unknown__"",""mdck"",""mdck-mdr monolayer"",""__unknown__"",""absolute"",""none""]",passive_permeability,apparent_permeability,cm/s,6538484d9cb6d667181ee1c5ad84275f0c7a339b80fff8ed00f49443fd82297d,18.3,×10^-6 cm/s,18.3,×10^-6 cm/s,18.3,×10^-6 cm/s,0.000001,1.83e-05,"In Table II, for cetirizine without cyclosporine A (CSA), the B-A Papp across MDR-MDCK cell monolayers was 18.3 ± 3.2 × 10^-6 cm/s, with an A-B Papp of 0.29 ± 0.02 × 10^-6 cm/s and an efflux ratio of 63.",mdck-mdr monolayer,,absolute,none
"[""passive_permeability"",""apparent_permeability"",""cm/s"",""__unknown__"",""mdck"",""mdck-mdr monolayer"",""__unknown__"",""absolute"",""none""]",passive_permeability,apparent_permeability,cm/s,9899e478db4afacfc5f84641daa49f722626609d586a4e3529cacdb9536c71e7,20.2,10^-6 cm/sec,20.2,10^-6 cm/sec,20.2,10^-6 cm/sec,0.000001,2.02e-05,"Mitraphylline (10 µM) showed Papp values in the secretory direction of 20.2 ± 1.0 × 10^-6 cm/s across MDR-MDCK cell monolayers, with a high efflux ratio of 5.9.",mdck-mdr monolayer,,absolute,none
"[""passive_permeability"",""apparent_permeability"",""cm/s"",""__unknown__"",""mdck"",""mdck-mdr monolayer"",""__unknown__"",""absolute"",""none""]",passive_permeability,apparent_permeability,cm/s,23c278f1f10053a07b45b618929dffe462a362999aa0ab4caa67e6eb0e7a83a4,22.1,10^-6 cm/sec,22.1,10^-6 cm/sec,22.1,10^-6 cm/sec,0.000001,2.21e-05,"Mitraphylline (5 µM) showed Papp values in the secretory direction of 22.1 ± 2.3 × 10^-6 cm/s across MDR-MDCK cell monolayers, with a high efflux ratio of 6.6.",mdck-mdr monolayer,,absolute,none
"[""passive_permeability"",""apparent_permeability"",""cm/s"",""__unknown__"",""mdck"",""mdck-mdr monolayer"",""__unknown__"",""absolute"",""none""]",passive_permeability,apparent_permeability,cm/s,c8a25d6da57128a05a47667be55897953e84502c3d7ef62e3985e6fde509eb97,35.0,×10^-6 cm/s,35.0,×10^-6 cm/s,35.0,×10^-6 cm/s,0.000001,3.5e-05,"In Table II, for loratadine without cyclosporine A (CSA), the B-A Papp across MDR-MDCK cell monolayers was 35.0 ± 4.3 × 10^-6 cm/s, with an A-B Papp of 4.75 ± 1.58 × 10^-6 cm/s and an efflux ratio of 7.4.",mdck-mdr monolayer,,absolute,none
"[""passive_permeability"",""apparent_permeability"",""cm/s"",""__unknown__"",""mdck"",""mdck-mdr monolayer"",""__unknown__"",""absolute"",""none""]",passive_permeability,apparent_permeability,cm/s,dd4fdb64dcf36a70198c7e7e91d0c695355f95d8756ea5343f233451c2ec95b8,39.64,×10^-6 cm/s,39.64,×10^-6 cm/s,39.64,×10^-6 cm/s,0.000001,3.964e-05,"In Table II, for loratadine with cyclosporine A (CSA), the B-A Papp across MDR-MDCK cell monolayers was 39.64 ± 1.53 × 10^-6 cm/s, with an A-B Papp of 15.52 ± 4.9 × 10^-6 cm/s and an efflux ratio of 2.6.",mdck-mdr monolayer,,absolute,none
