index,label,anchored0,anchored20,balanced20,balanced50,direct_guard,guard50,original_direct_fill,original_both_fill
0,1,1,1,1,1,1,1,1,1
1,1,1,1,1,1,1,1,1,1
2,1,1,1,1,1,1,1,1,1
3,0,0,0,0,0,0,0,0,0
4,0,0,0,0,0,0,0,0,0
5,1,0,0,0,0,0,0,0,1
6,0,0,0,0,0,0,0,0,1
7,1,0,1,1,0,0,0,0,0
8,1,1,1,1,1,1,1,1,1
9,1,1,0,0,1,1,0,1,1
10,1,1,1,1,1,1,1,1,1
11,1,1,1,1,1,1,1,1,1
12,1,1,1,1,1,1,1,1,1
13,1,0,0,0,1,0,0,1,1
14,1,1,1,0,1,0,0,1,0
15,1,1,1,1,1,1,1,1,1
16,1,0,0,0,0,0,0,0,1
17,1,1,1,1,1,1,1,1,1
18,1,1,1,1,1,1,1,1,1
19,1,1,1,1,1,1,1,1,1
20,1,1,1,1,1,1,1,1,1
21,1,1,1,1,1,1,1,1,1
22,1,1,1,1,1,1,1,1,1
23,1,1,1,1,0,1,1,1,1
24,1,1,0,1,1,1,0,1,0
25,1,1,1,1,1,1,1,1,1
26,1,1,1,1,1,1,1,1,1
27,1,0,0,0,0,0,0,1,1
28,1,1,1,1,1,1,1,1,1
29,1,1,1,1,1,1,1,1,1
30,1,1,1,1,1,1,1,1,1
31,1,0,0,0,0,0,0,0,1
32,1,1,1,1,1,1,1,1,1
33,1,1,1,1,1,1,1,1,1
34,1,1,1,1,1,1,1,1,1
35,1,1,1,1,1,1,1,1,1
36,1,1,1,1,0,1,1,1,1
37,1,1,1,1,1,1,1,1,1
38,1,1,1,1,1,1,1,1,1
39,1,1,1,1,1,1,1,1,1
40,1,1,1,1,1,1,1,1,1
41,1,0,0,0,0,0,0,0,0
42,1,1,1,1,1,1,1,1,1
43,1,1,1,1,1,1,1,1,1
44,1,1,1,1,1,1,1,1,1
45,1,1,1,1,1,1,1,1,1
46,1,1,1,1,1,1,1,1,1
47,1,1,1,1,1,1,1,1,1
48,1,1,1,1,0,1,1,1,1
49,1,0,0,0,0,0,0,1,0
50,1,1,1,1,1,1,1,1,1
51,1,1,1,1,1,1,1,1,1
52,1,1,1,1,1,1,1,1,1
53,1,1,1,1,1,1,1,1,1
54,1,1,1,1,1,1,1,1,1
55,1,1,1,1,1,1,1,1,1
56,1,1,1,1,1,1,1,1,1
57,1,1,1,1,1,1,1,1,1
58,1,1,1,1,1,1,1,1,1
59,1,1,1,1,1,1,1,1,1
60,1,0,0,0,0,0,0,1,0
61,1,1,1,1,1,1,1,1,1
62,0,0,0,0,0,1,0,1,0
63,1,1,1,1,1,1,1,1,1
64,1,1,1,1,1,1,1,1,1
65,1,1,1,1,1,1,1,1,1
66,0,0,0,0,1,0,0,0,0
67,1,1,1,0,1,1,1,1,1
68,1,0,1,1,0,0,1,1,1
69,1,1,1,1,1,1,1,1,1
70,1,1,1,1,1,1,1,1,1
71,1,1,1,1,1,1,1,1,1
72,0,0,0,0,0,0,0,0,0
73,0,0,0,0,0,0,0,0,0
74,0,0,0,0,0,0,0,0,0
75,1,1,1,1,1,1,1,1,1
76,1,1,1,1,0,0,1,1,1
77,1,1,1,1,1,1,1,1,1
78,1,1,1,1,1,1,1,1,1
79,1,0,1,0,1,1,1,1,1
80,1,0,1,1,0,0,0,0,1
81,1,0,1,0,0,1,0,1,1
82,1,1,1,1,1,1,1,1,1
83,1,1,1,1,1,1,1,1,1
84,0,0,0,0,0,0,0,0,0
85,1,1,1,1,1,1,1,1,1
86,1,1,0,0,1,0,1,0,1
87,1,1,1,1,1,1,1,1,1
88,1,0,0,0,0,0,1,1,1
89,0,0,0,0,0,0,0,1,1
90,1,1,1,1,1,1,1,1,1
91,1,1,1,1,1,1,1,1,1
92,1,1,1,1,1,1,1,1,1
93,1,1,1,1,1,1,1,1,1
94,1,1,1,1,1,1,1,1,1
95,1,1,1,1,1,1,1,1,1
96,1,0,0,1,1,0,0,1,1
97,1,1,1,1,1,1,1,1,1
98,1,1,1,1,1,1,1,1,1
99,1,1,1,1,0,0,1,1,1
100,1,1,1,1,1,1,1,1,1
101,1,0,0,1,1,0,0,1,1
102,1,1,1,1,0,1,0,1,1
103,1,0,1,0,1,0,1,0,1
104,1,1,1,1,1,1,1,1,1
105,1,1,1,1,1,1,1,1,1
106,1,1,1,1,1,1,1,1,1
107,1,1,1,1,1,1,1,1,1
108,1,1,1,1,1,1,1,1,1
109,1,1,1,1,1,1,1,1,1
110,1,0,1,0,0,0,1,0,1
111,1,1,1,0,1,1,1,1,1
112,1,1,1,1,0,1,0,1,1
113,1,1,1,1,1,1,1,1,1
114,1,1,1,1,1,1,1,1,1
115,1,1,1,1,1,1,1,1,1
116,1,1,1,1,1,1,1,1,1
117,1,1,1,1,1,1,1,1,1
118,1,1,1,1,1,0,1,1,1
119,1,1,1,1,1,0,1,1,1
120,1,1,1,1,1,1,1,1,1
121,1,1,1,1,1,1,1,1,1
122,1,1,1,1,1,1,1,1,1
123,1,1,1,1,1,1,1,1,1
124,1,1,1,1,1,1,1,1,1
125,1,1,1,1,1,1,1,1,1
126,1,1,1,1,1,1,1,1,1
127,1,1,1,1,1,1,1,1,1
128,1,1,1,1,1,1,1,1,1
129,1,1,1,1,1,1,1,1,1
130,1,1,1,1,1,1,1,1,1
131,1,1,1,1,1,1,1,1,1
132,1,0,1,1,1,0,1,1,1
133,0,1,1,1,1,1,0,1,1
134,1,1,1,1,1,1,1,1,1
135,0,0,0,0,0,0,0,1,1
136,0,0,0,0,0,0,0,1,1
137,1,1,1,1,1,1,1,1,1
138,1,1,0,0,1,1,1,1,1
139,1,1,1,1,1,1,1,1,1
140,1,1,1,1,1,1,1,1,1
141,1,1,1,1,1,1,1,1,1
142,1,1,1,1,1,1,1,1,1
143,1,1,1,1,1,1,1,1,1
144,1,1,1,1,1,1,1,1,1
145,1,1,1,1,1,1,1,1,1
146,1,1,1,1,1,1,1,1,1
147,1,1,1,1,1,1,1,1,1
148,1,1,1,1,1,1,1,1,1
149,1,1,1,1,1,1,1,1,1
150,1,1,0,0,0,1,0,1,1
151,1,1,1,1,1,1,1,1,1
152,1,1,1,1,1,1,1,1,1
153,1,1,1,1,0,1,0,1,1
154,1,1,1,1,1,1,1,1,1
155,0,0,0,0,0,0,0,0,0
156,1,1,1,1,1,1,1,1,1
157,1,1,1,1,1,0,1,1,1
158,0,0,0,0,0,0,0,0,0
159,1,1,1,1,1,1,1,1,1
160,1,0,0,0,1,1,1,0,1
161,0,1,0,1,0,1,1,1,1
162,1,1,1,1,1,1,1,1,1
163,0,1,0,0,0,0,0,1,1
164,1,1,1,1,1,1,1,1,1
165,1,1,1,1,1,1,1,1,1
166,1,1,1,1,1,1,1,1,1
167,1,1,1,1,1,1,1,1,1
168,1,1,1,1,1,1,1,1,1
169,1,1,1,1,1,1,1,1,1
170,1,1,1,1,1,1,1,1,1
171,0,0,0,0,0,0,0,0,0
172,1,1,1,0,0,0,0,1,1
173,0,0,0,0,0,1,1,0,1
174,0,0,0,0,0,0,0,0,0
175,0,1,1,0,1,1,1,1,1
176,1,1,1,1,1,1,1,1,1
177,0,1,1,1,1,1,0,1,1
178,0,0,0,0,0,0,0,1,0
179,1,0,1,0,0,0,0,1,1
180,0,0,0,0,0,0,0,0,1
181,1,1,1,1,1,1,1,1,1
182,1,1,1,1,1,1,1,1,1
183,1,1,1,1,1,1,1,1,1
184,1,0,0,0,0,0,0,0,0
185,1,0,0,0,0,0,0,1,0
186,1,1,1,1,1,1,1,1,1
187,1,1,1,1,1,1,1,1,1
188,1,1,1,1,1,1,1,1,1
189,1,1,1,1,1,1,1,1,1
190,1,1,1,1,1,1,1,1,1
191,1,1,1,1,1,1,1,1,1
192,1,1,1,1,1,1,1,1,1
193,1,1,1,1,1,1,1,1,1
194,1,1,1,1,1,1,1,1,1
195,0,1,1,1,0,1,0,1,0
196,1,1,0,1,1,1,1,1,1
197,0,1,1,1,1,1,1,1,1
198,0,1,0,0,0,1,0,1,0
199,0,0,0,0,0,0,0,1,1
200,1,1,1,1,1,1,1,1,1
201,1,1,1,1,1,1,1,1,1
202,1,1,0,0,0,1,0,1,0
203,1,1,1,1,1,1,1,1,1
204,1,1,1,1,1,1,1,1,1
205,1,1,1,1,1,1,1,1,1
206,1,0,1,1,1,0,1,1,1
207,0,0,0,0,1,0,0,0,1
208,1,1,0,0,1,0,1,1,1
209,1,1,1,1,1,1,1,1,1
210,1,0,1,1,1,1,1,1,0
211,0,0,0,0,0,0,0,0,0
212,1,1,1,0,0,1,0,1,0
213,1,1,1,1,1,1,1,1,1
214,1,1,1,1,1,1,1,1,1
215,1,1,1,1,1,1,1,1,1
216,1,1,1,1,1,1,1,1,1
217,1,1,1,1,1,1,1,1,1
218,1,1,1,1,1,1,1,1,1
219,1,0,0,1,1,0,0,0,1
220,1,0,0,0,1,0,0,0,1
221,0,0,0,0,0,0,0,0,1
222,0,0,0,0,0,0,0,0,0
223,1,0,0,0,0,0,0,1,0
224,1,0,1,1,1,1,1,1,1
225,0,0,0,0,1,0,1,0,1
226,1,1,1,1,1,1,1,1,1
227,1,1,1,0,1,0,1,1,1
228,1,1,0,0,0,0,1,1,1
229,1,1,1,1,1,1,1,1,1
230,1,1,1,1,1,1,1,1,1
231,1,1,1,1,1,1,1,1,1
232,1,1,1,1,1,1,1,1,1
233,1,1,1,1,1,1,1,1,1
234,1,1,1,1,1,1,1,1,1
235,0,0,0,0,0,0,0,0,0
236,1,1,1,1,1,1,1,1,1
237,1,1,1,1,1,1,1,1,1
238,0,1,1,0,0,0,1,1,1
239,1,1,1,1,1,1,1,1,1
240,1,1,1,1,1,1,1,1,1
241,1,1,1,1,1,1,1,1,1
242,0,0,0,0,0,0,0,0,1
243,0,0,1,0,0,0,0,1,1
244,0,0,0,0,0,0,0,0,0
245,1,1,1,1,1,1,1,1,1
246,0,1,1,1,1,1,1,1,1
247,1,1,1,1,1,1,1,1,1
248,0,0,0,0,0,0,0,0,0
249,0,0,0,0,0,0,0,0,0
250,0,0,1,0,0,0,0,0,1
251,0,0,1,0,0,0,0,1,1
252,0,0,0,0,0,0,0,0,0
253,1,1,0,1,1,1,1,1,1
254,1,1,1,1,1,1,1,1,1
255,0,0,0,0,0,0,0,1,0
256,1,1,1,1,1,1,1,1,1
257,1,1,1,1,1,1,1,1,1
258,1,0,0,1,1,0,1,1,1
259,1,1,1,0,1,0,1,1,1
260,1,1,1,0,0,0,0,1,1
261,1,1,1,1,1,1,1,1,1
262,1,1,1,1,1,1,1,1,1
263,1,1,1,1,1,1,1,1,1
264,1,1,1,1,1,1,1,1,1
265,1,1,1,1,1,1,1,1,1
266,1,1,1,1,1,1,1,1,1
267,1,1,1,1,1,1,1,1,1
268,1,1,1,0,1,1,0,1,1
269,1,1,1,1,1,1,1,1,1
270,1,1,1,1,1,1,1,1,1
271,1,1,1,1,1,1,1,1,1
272,1,1,1,1,1,1,1,1,1
273,1,1,1,1,1,1,1,1,1
274,1,0,1,0,0,0,0,0,0
275,1,0,1,1,1,0,0,0,1
276,1,0,0,0,0,0,0,0,0
277,0,0,0,0,0,0,0,0,0
278,0,0,0,0,0,0,0,0,0
279,1,0,0,1,0,0,0,0,1
280,1,1,0,1,1,1,0,1,1
281,1,1,1,1,0,1,0,1,1
282,1,1,1,1,1,1,1,1,1
283,1,1,1,1,1,1,0,1,1
284,1,0,0,0,0,0,0,1,1
285,1,1,1,1,1,1,1,1,1
286,0,0,0,0,0,0,0,0,0
287,1,1,1,1,1,1,1,1,1
288,1,1,1,1,1,1,1,1,1
289,1,1,1,1,1,1,1,1,1
290,1,1,1,1,1,1,1,1,1
291,1,1,1,1,1,1,1,1,1
292,1,1,1,1,1,1,1,1,1
293,1,1,1,1,1,1,1,1,1
294,1,1,1,1,1,1,1,1,1
295,1,1,1,1,1,1,1,1,1
296,1,1,1,1,1,1,1,1,1
297,1,1,1,1,1,1,1,1,1
298,1,1,1,1,1,1,1,1,1
299,0,0,0,0,0,0,0,1,1
300,1,1,1,1,1,1,1,1,1
301,0,0,0,0,0,0,0,0,0
302,0,0,0,0,0,0,0,0,0
303,1,1,1,1,1,1,1,1,1
304,0,0,0,0,0,0,0,1,1
305,1,1,1,1,1,1,1,1,1
306,1,1,1,1,1,1,1,1,1
307,1,1,1,1,1,1,1,1,1
308,1,0,0,0,0,0,0,0,0
309,1,1,1,1,1,1,1,1,1
310,0,1,1,1,1,1,1,1,1
311,0,0,0,0,0,0,0,1,0
312,1,1,1,1,1,1,1,1,1
313,1,1,1,1,1,1,1,1,1
314,1,1,1,1,1,1,1,1,1
315,1,1,1,1,1,1,1,1,1
316,1,1,1,1,1,1,1,1,1
317,0,0,0,0,0,0,0,0,0
318,1,1,1,1,1,1,1,1,1
319,0,0,0,0,0,1,0,1,1
320,0,0,0,0,0,0,0,0,0
321,0,0,0,0,0,0,0,0,0
322,1,1,1,1,1,1,1,1,1
323,0,1,0,0,0,1,1,1,1
324,0,0,0,0,0,0,0,0,0
325,1,1,1,0,0,1,0,1,1
326,1,1,0,1,1,1,1,1,1
327,1,1,1,0,0,0,1,1,1
328,1,1,1,1,1,1,1,1,1
329,1,0,0,0,0,0,0,0,0
330,1,1,1,1,1,1,0,1,1
331,1,1,1,1,1,1,1,1,1
332,1,1,1,1,1,1,1,1,1
333,1,1,1,1,1,1,1,1,1
334,0,1,1,1,1,1,1,1,1
335,1,1,0,0,0,1,0,1,0
336,1,0,1,0,0,1,0,1,1
337,1,1,1,1,1,1,1,1,1
338,1,1,1,1,1,1,1,1,1
339,1,1,1,1,1,1,1,1,1
340,1,1,1,1,1,1,1,1,1
341,1,1,1,1,1,1,1,1,1
342,1,1,1,1,1,1,1,1,1
343,0,0,0,0,0,0,0,1,1
344,0,0,0,0,0,0,0,0,0
345,0,0,0,0,0,0,1,1,1
346,1,1,1,1,1,1,1,1,1
347,1,1,1,1,1,1,1,1,1
348,1,1,1,1,1,1,1,1,1
349,1,1,1,1,1,0,1,1,1
350,1,1,1,1,1,1,1,1,1
351,0,1,1,1,1,1,1,1,1
352,1,1,1,1,1,1,1,1,1
353,1,1,1,1,1,1,1,1,1
354,1,1,1,1,1,1,1,1,1
355,1,1,1,1,1,1,1,1,1
356,1,1,1,1,1,1,1,1,1
357,1,1,1,1,1,1,1,1,1
358,1,1,1,1,1,1,1,1,1
359,1,1,1,1,1,1,1,1,1
360,1,1,1,1,1,1,1,1,1
361,1,1,1,1,1,1,1,1,1
362,1,1,1,1,0,1,1,1,1
363,1,1,1,1,1,1,1,1,1
364,1,1,1,1,1,1,1,1,1
365,1,1,1,0,0,0,0,1,1
366,1,1,1,1,1,1,1,1,1
367,1,1,1,1,1,1,1,1,1
368,1,1,1,1,1,1,1,1,1
369,1,1,1,1,1,1,1,1,1
370,1,1,1,1,1,1,1,1,1
371,1,1,1,1,1,0,1,1,1
372,1,1,1,1,1,1,1,1,1
373,1,1,1,1,1,1,1,1,1
374,0,0,0,0,0,0,0,0,0
375,1,0,0,0,0,0,0,1,1
376,1,1,0,0,1,1,1,1,1
377,0,0,0,0,0,0,0,0,0
378,1,1,1,1,1,1,1,1,1
379,1,1,1,1,1,1,1,1,1
380,1,1,1,1,1,1,1,1,1
381,1,1,1,1,1,1,1,1,1
382,0,1,1,1,1,1,1,1,1
383,0,0,0,0,0,0,0,1,1
384,0,0,0,0,0,0,0,1,1
385,1,1,1,1,1,1,1,1,1
386,0,0,0,0,0,0,0,0,0
387,1,1,1,1,1,1,1,1,1
388,1,1,1,1,1,1,1,1,1
389,1,1,0,1,1,1,1,1,1
390,1,1,1,1,1,1,1,1,1
391,1,1,1,1,1,1,1,1,1
392,0,0,0,0,0,0,0,0,0
393,0,0,0,0,0,0,0,0,0
394,0,0,0,0,0,0,0,0,0
395,0,0,0,0,0,0,0,0,0
396,1,1,1,0,1,0,0,1,0
397,0,0,0,0,0,0,0,0,0
398,1,1,1,1,1,1,1,1,1
399,0,1,1,1,1,1,1,1,1
400,1,1,1,1,1,1,1,1,1
401,1,1,1,1,1,1,1,1,1
402,1,1,1,0,1,1,1,1,1
403,1,1,1,1,1,1,1,1,1
404,1,1,1,1,1,1,1,1,1
405,0,1,1,1,1,1,1,1,1
