source_row_uid,molecule_name,pmid,our_source_vote_label,audited_query_indices
sr_0152b88d2ff4433f8cc15b87bd5ec2cd,19-norandrostenolone,3940483,1,277
sr_03850a6653f0417fac2d8c0241fc05ac,Naltrexone,34113531,1,336
sr_0da61783dd0e4e51add340f50e702546,Naltrexone,18703474,1,336
sr_132e8ff5bce94a05868382f704844383,Testosterone,24829977,1,300
sr_1c399bd22419485a88c08769a5a5ef89,Methenolone,367090,1,249
sr_1e973ccd0a9040109f5e4d62271caaaf,Nandrolone,15307554,1,277
sr_217cc72d6a634e46b53f54826caed062,methenolone,6116472,1,249;323
sr_2670c8f62f2d412fbf24f9b3c4a12bb7,Naltrexone,22879745,1,336
sr_33fd271ae5434016a5efa83e60816fc9,Naltrexone,23036218,1,336
sr_34c5c9323a9e44c39b2be78a7bf2d97a,19-norandrostenolone,3000245,1,277
sr_39813289d3e14d35b1d734c6fdb5c145,Nandrolone,3940485,1,277
sr_39f7030a25374336864a8646071ea4c3,Nandrolone,36060356,1,277;300;323
sr_3b5365eb36a64f40b2eb6f6d56ed11ca,Testosterone,8034945,1,224;300
sr_47b0a5aab410448f8c737f161b4d6acb,19-norandrostenolone,3940493,1,277
sr_4d978e7d9ea94e56bdc2621fa5afba69,19-norandrostenolone,3940491,1,277
sr_50f37c7729384378a6875adcd2cf1153,Tibolone,26517184,1,277
sr_6a30425a953f451ab75845490558f9c1,Resmetirom,40044142,0,204
sr_7966fa04238e420886977c8d7bc17173,testosterone,39697477,1,300
sr_7f96ec483cd8459d8cb19c9a83f0b0c2,Dydrogesterone,32938902,1,215
sr_9c4c0182acd348d1b16c78a977c56e8e,Nandrolone decanoate,35949722,1,147;257
sr_9f5913d565e84c3f94250b4cb4dba308,Testosterone,34790517,1,257;300
sr_a4480829e4fa42f1aa4f4139cd2cf683,Naltrexone,16223066,1,336
sr_ab8789fd19d14f5a8ad6e602a65dccdf,Naltrexone,23456576,1,336
sr_ada73782a4ad46a490f0c94b0f10aca7,Naltrexone,14636963,1,336
sr_b23c9be15e8244c6a1b805a9352b3b9b,Naltrexone,39776077,1,336
sr_bb9a091069c84fa2bc6845aa48d3b4cd,Testosterone,8034946,1,300
sr_be0c9c4f631f4971bbff4072bf00371d,Naltrexone,29120249,1,336
sr_c0ddfdd711744a61a308cdd24426893b,19-norandrostenolone (nandrolone),2934015,1,277
sr_c268ae647fba470c9d63cac40e282711,Metenolone,7403198,1,249
sr_c41d9984ece749a596af3778a9e97f28,Nandrolone,32448030,1,277
sr_e4a8ca9df72b47718bf0a792d91b0ef1,Nandrolone decanoate,3317860,1,147
sr_fcaa80b7683b45a980165df497ec6a91,testosterone,28219592,1,300
